# Wavefront OBJ exported for Virtual_Vadodara_Railway_Station_Week5
v -45.0000 0.0000 -10.0000
v 45.0000 0.0000 -10.0000
v 45.0000 18.0000 -10.0000
v -45.0000 18.0000 -10.0000
v -45.0000 0.0000 10.0000
v 45.0000 0.0000 10.0000
v 45.0000 18.0000 10.0000
v -45.0000 18.0000 10.0000
v -47.0000 18.0000 -11.0000
v 47.0000 18.0000 -11.0000
v 47.0000 19.0000 -11.0000
v -47.0000 19.0000 -11.0000
v -47.0000 18.0000 11.0000
v 47.0000 18.0000 11.0000
v 47.0000 19.0000 11.0000
v -47.0000 19.0000 11.0000
v -44.0000 19.0000 -9.0000
v 44.0000 19.0000 -9.0000
v 44.0000 20.0000 -9.0000
v -44.0000 20.0000 -9.0000
v -44.0000 19.0000 9.0000
v 44.0000 19.0000 9.0000
v 44.0000 20.0000 9.0000
v -44.0000 20.0000 9.0000
v -10.0000 19.0000 -10.0000
v 10.0000 19.0000 -10.0000
v 10.0000 22.0000 -10.0000
v -10.0000 22.0000 -10.0000
v -10.0000 19.0000 10.0000
v 10.0000 19.0000 10.0000
v 10.0000 22.0000 10.0000
v -10.0000 22.0000 10.0000
v 8.0000 22.0000 0.0000
v 7.3910 22.0000 3.0615
v 5.6569 22.0000 5.6569
v 3.0615 22.0000 7.3910
v 0.0000 22.0000 8.0000
v -3.0615 22.0000 7.3910
v -5.6569 22.0000 5.6569
v -7.3910 22.0000 3.0615
v -8.0000 22.0000 0.0000
v -7.3910 22.0000 -3.0615
v -5.6569 22.0000 -5.6569
v -3.0615 22.0000 -7.3910
v -0.0000 22.0000 -8.0000
v 3.0615 22.0000 -7.3910
v 5.6569 22.0000 -5.6569
v 7.3910 22.0000 -3.0615
v 7.8463 23.3656 0.0000
v 7.2490 23.3656 3.0026
v 5.5482 23.3656 5.5482
v 3.0026 23.3656 7.2490
v 0.0000 23.3656 7.8463
v -3.0026 23.3656 7.2490
v -5.5482 23.3656 5.5482
v -7.2490 23.3656 3.0026
v -7.8463 23.3656 0.0000
v -7.2490 23.3656 -3.0026
v -5.5482 23.3656 -5.5482
v -3.0026 23.3656 -7.2490
v -0.0000 23.3656 -7.8463
v 3.0026 23.3656 -7.2490
v 5.5482 23.3656 -5.5482
v 7.2490 23.3656 -3.0026
v 7.3910 24.6788 0.0000
v 6.8284 24.6788 2.8284
v 5.2263 24.6788 5.2263
v 2.8284 24.6788 6.8284
v 0.0000 24.6788 7.3910
v -2.8284 24.6788 6.8284
v -5.2263 24.6788 5.2263
v -6.8284 24.6788 2.8284
v -7.3910 24.6788 0.0000
v -6.8284 24.6788 -2.8284
v -5.2263 24.6788 -5.2263
v -2.8284 24.6788 -6.8284
v -0.0000 24.6788 -7.3910
v 2.8284 24.6788 -6.8284
v 5.2263 24.6788 -5.2263
v 6.8284 24.6788 -2.8284
v 6.6518 25.8890 0.0000
v 6.1454 25.8890 2.5455
v 4.7035 25.8890 4.7035
v 2.5455 25.8890 6.1454
v 0.0000 25.8890 6.6518
v -2.5455 25.8890 6.1454
v -4.7035 25.8890 4.7035
v -6.1454 25.8890 2.5455
v -6.6518 25.8890 0.0000
v -6.1454 25.8890 -2.5455
v -4.7035 25.8890 -4.7035
v -2.5455 25.8890 -6.1454
v -0.0000 25.8890 -6.6518
v 2.5455 25.8890 -6.1454
v 4.7035 25.8890 -4.7035
v 6.1454 25.8890 -2.5455
v 5.6569 26.9497 0.0000
v 5.2263 26.9497 2.1648
v 4.0000 26.9497 4.0000
v 2.1648 26.9497 5.2263
v 0.0000 26.9497 5.6569
v -2.1648 26.9497 5.2263
v -4.0000 26.9497 4.0000
v -5.2263 26.9497 2.1648
v -5.6569 26.9497 0.0000
v -5.2263 26.9497 -2.1648
v -4.0000 26.9497 -4.0000
v -2.1648 26.9497 -5.2263
v -0.0000 26.9497 -5.6569
v 2.1648 26.9497 -5.2263
v 4.0000 26.9497 -4.0000
v 5.2263 26.9497 -2.1648
v 4.4446 27.8203 0.0000
v 4.1062 27.8203 1.7009
v 3.1428 27.8203 3.1428
v 1.7009 27.8203 4.1062
v 0.0000 27.8203 4.4446
v -1.7009 27.8203 4.1062
v -3.1428 27.8203 3.1428
v -4.1062 27.8203 1.7009
v -4.4446 27.8203 0.0000
v -4.1062 27.8203 -1.7009
v -3.1428 27.8203 -3.1428
v -1.7009 27.8203 -4.1062
v -0.0000 27.8203 -4.4446
v 1.7009 27.8203 -4.1062
v 3.1428 27.8203 -3.1428
v 4.1062 27.8203 -1.7009
v 3.0615 28.4672 0.0000
v 2.8284 28.4672 1.1716
v 2.1648 28.4672 2.1648
v 1.1716 28.4672 2.8284
v 0.0000 28.4672 3.0615
v -1.1716 28.4672 2.8284
v -2.1648 28.4672 2.1648
v -2.8284 28.4672 1.1716
v -3.0615 28.4672 0.0000
v -2.8284 28.4672 -1.1716
v -2.1648 28.4672 -2.1648
v -1.1716 28.4672 -2.8284
v -0.0000 28.4672 -3.0615
v 1.1716 28.4672 -2.8284
v 2.1648 28.4672 -2.1648
v 2.8284 28.4672 -1.1716
v 1.5607 28.8655 0.0000
v 1.4419 28.8655 0.5973
v 1.1036 28.8655 1.1036
v 0.5973 28.8655 1.4419
v 0.0000 28.8655 1.5607
v -0.5973 28.8655 1.4419
v -1.1036 28.8655 1.1036
v -1.4419 28.8655 0.5973
v -1.5607 28.8655 0.0000
v -1.4419 28.8655 -0.5973
v -1.1036 28.8655 -1.1036
v -0.5973 28.8655 -1.4419
v -0.0000 28.8655 -1.5607
v 0.5973 28.8655 -1.4419
v 1.1036 28.8655 -1.1036
v 1.4419 28.8655 -0.5973
v 0.0000 29.0000 0.0000
v 0.0000 29.0000 0.0000
v 0.0000 29.0000 0.0000
v 0.0000 29.0000 0.0000
v 0.0000 29.0000 0.0000
v -0.0000 29.0000 0.0000
v -0.0000 29.0000 0.0000
v -0.0000 29.0000 0.0000
v -0.0000 29.0000 0.0000
v -0.0000 29.0000 -0.0000
v -0.0000 29.0000 -0.0000
v -0.0000 29.0000 -0.0000
v -0.0000 29.0000 -0.0000
v 0.0000 29.0000 -0.0000
v 0.0000 29.0000 -0.0000
v 0.0000 29.0000 -0.0000
v -2.5000 23.5000 -2.5000
v 2.5000 23.5000 -2.5000
v 2.5000 29.5000 -2.5000
v -2.5000 29.5000 -2.5000
v -2.5000 23.5000 2.5000
v 2.5000 23.5000 2.5000
v 2.5000 29.5000 2.5000
v -2.5000 29.5000 2.5000
v 1.5000 26.4000 2.6000
v 1.5000 26.6000 2.6000
v 1.2990 26.4000 3.3500
v 1.2990 26.6000 3.3500
v 0.7500 26.4000 3.8990
v 0.7500 26.6000 3.8990
v 0.0000 26.4000 4.1000
v 0.0000 26.6000 4.1000
v -0.7500 26.4000 3.8990
v -0.7500 26.6000 3.8990
v -1.2990 26.4000 3.3500
v -1.2990 26.6000 3.3500
v -1.5000 26.4000 2.6000
v -1.5000 26.6000 2.6000
v -1.2990 26.4000 1.8500
v -1.2990 26.6000 1.8500
v -0.7500 26.4000 1.3010
v -0.7500 26.6000 1.3010
v -0.0000 26.4000 1.1000
v -0.0000 26.6000 1.1000
v 0.7500 26.4000 1.3010
v 0.7500 26.6000 1.3010
v 1.2990 26.4000 1.8500
v 1.2990 26.6000 1.8500
v -18.0000 13.7500 10.2500
v 18.0000 13.7500 10.2500
v 18.0000 16.2500 10.2500
v -18.0000 16.2500 10.2500
v -18.0000 13.7500 10.7500
v 18.0000 13.7500 10.7500
v 18.0000 16.2500 10.7500
v -18.0000 16.2500 10.7500
v -34.2000 0.0000 10.5000
v -34.2000 12.0000 10.5000
v -34.4343 0.0000 11.0657
v -34.4343 12.0000 11.0657
v -35.0000 0.0000 11.3000
v -35.0000 12.0000 11.3000
v -35.5657 0.0000 11.0657
v -35.5657 12.0000 11.0657
v -35.8000 0.0000 10.5000
v -35.8000 12.0000 10.5000
v -35.5657 0.0000 9.9343
v -35.5657 12.0000 9.9343
v -35.0000 0.0000 9.7000
v -35.0000 12.0000 9.7000
v -34.4343 0.0000 9.9343
v -34.4343 12.0000 9.9343
v -36.0000 11.9000 9.5000
v -34.0000 11.9000 9.5000
v -34.0000 12.5000 9.5000
v -36.0000 12.5000 9.5000
v -36.0000 11.9000 11.5000
v -34.0000 11.9000 11.5000
v -34.0000 12.5000 11.5000
v -36.0000 12.5000 11.5000
v -24.2000 0.0000 10.5000
v -24.2000 12.0000 10.5000
v -24.4343 0.0000 11.0657
v -24.4343 12.0000 11.0657
v -25.0000 0.0000 11.3000
v -25.0000 12.0000 11.3000
v -25.5657 0.0000 11.0657
v -25.5657 12.0000 11.0657
v -25.8000 0.0000 10.5000
v -25.8000 12.0000 10.5000
v -25.5657 0.0000 9.9343
v -25.5657 12.0000 9.9343
v -25.0000 0.0000 9.7000
v -25.0000 12.0000 9.7000
v -24.4343 0.0000 9.9343
v -24.4343 12.0000 9.9343
v -26.0000 11.9000 9.5000
v -24.0000 11.9000 9.5000
v -24.0000 12.5000 9.5000
v -26.0000 12.5000 9.5000
v -26.0000 11.9000 11.5000
v -24.0000 11.9000 11.5000
v -24.0000 12.5000 11.5000
v -26.0000 12.5000 11.5000
v -14.2000 0.0000 10.5000
v -14.2000 12.0000 10.5000
v -14.4343 0.0000 11.0657
v -14.4343 12.0000 11.0657
v -15.0000 0.0000 11.3000
v -15.0000 12.0000 11.3000
v -15.5657 0.0000 11.0657
v -15.5657 12.0000 11.0657
v -15.8000 0.0000 10.5000
v -15.8000 12.0000 10.5000
v -15.5657 0.0000 9.9343
v -15.5657 12.0000 9.9343
v -15.0000 0.0000 9.7000
v -15.0000 12.0000 9.7000
v -14.4343 0.0000 9.9343
v -14.4343 12.0000 9.9343
v -16.0000 11.9000 9.5000
v -14.0000 11.9000 9.5000
v -14.0000 12.5000 9.5000
v -16.0000 12.5000 9.5000
v -16.0000 11.9000 11.5000
v -14.0000 11.9000 11.5000
v -14.0000 12.5000 11.5000
v -16.0000 12.5000 11.5000
v -4.2000 0.0000 10.5000
v -4.2000 12.0000 10.5000
v -4.4343 0.0000 11.0657
v -4.4343 12.0000 11.0657
v -5.0000 0.0000 11.3000
v -5.0000 12.0000 11.3000
v -5.5657 0.0000 11.0657
v -5.5657 12.0000 11.0657
v -5.8000 0.0000 10.5000
v -5.8000 12.0000 10.5000
v -5.5657 0.0000 9.9343
v -5.5657 12.0000 9.9343
v -5.0000 0.0000 9.7000
v -5.0000 12.0000 9.7000
v -4.4343 0.0000 9.9343
v -4.4343 12.0000 9.9343
v -6.0000 11.9000 9.5000
v -4.0000 11.9000 9.5000
v -4.0000 12.5000 9.5000
v -6.0000 12.5000 9.5000
v -6.0000 11.9000 11.5000
v -4.0000 11.9000 11.5000
v -4.0000 12.5000 11.5000
v -6.0000 12.5000 11.5000
v 5.8000 0.0000 10.5000
v 5.8000 12.0000 10.5000
v 5.5657 0.0000 11.0657
v 5.5657 12.0000 11.0657
v 5.0000 0.0000 11.3000
v 5.0000 12.0000 11.3000
v 4.4343 0.0000 11.0657
v 4.4343 12.0000 11.0657
v 4.2000 0.0000 10.5000
v 4.2000 12.0000 10.5000
v 4.4343 0.0000 9.9343
v 4.4343 12.0000 9.9343
v 5.0000 0.0000 9.7000
v 5.0000 12.0000 9.7000
v 5.5657 0.0000 9.9343
v 5.5657 12.0000 9.9343
v 4.0000 11.9000 9.5000
v 6.0000 11.9000 9.5000
v 6.0000 12.5000 9.5000
v 4.0000 12.5000 9.5000
v 4.0000 11.9000 11.5000
v 6.0000 11.9000 11.5000
v 6.0000 12.5000 11.5000
v 4.0000 12.5000 11.5000
v 15.8000 0.0000 10.5000
v 15.8000 12.0000 10.5000
v 15.5657 0.0000 11.0657
v 15.5657 12.0000 11.0657
v 15.0000 0.0000 11.3000
v 15.0000 12.0000 11.3000
v 14.4343 0.0000 11.0657
v 14.4343 12.0000 11.0657
v 14.2000 0.0000 10.5000
v 14.2000 12.0000 10.5000
v 14.4343 0.0000 9.9343
v 14.4343 12.0000 9.9343
v 15.0000 0.0000 9.7000
v 15.0000 12.0000 9.7000
v 15.5657 0.0000 9.9343
v 15.5657 12.0000 9.9343
v 14.0000 11.9000 9.5000
v 16.0000 11.9000 9.5000
v 16.0000 12.5000 9.5000
v 14.0000 12.5000 9.5000
v 14.0000 11.9000 11.5000
v 16.0000 11.9000 11.5000
v 16.0000 12.5000 11.5000
v 14.0000 12.5000 11.5000
v 25.8000 0.0000 10.5000
v 25.8000 12.0000 10.5000
v 25.5657 0.0000 11.0657
v 25.5657 12.0000 11.0657
v 25.0000 0.0000 11.3000
v 25.0000 12.0000 11.3000
v 24.4343 0.0000 11.0657
v 24.4343 12.0000 11.0657
v 24.2000 0.0000 10.5000
v 24.2000 12.0000 10.5000
v 24.4343 0.0000 9.9343
v 24.4343 12.0000 9.9343
v 25.0000 0.0000 9.7000
v 25.0000 12.0000 9.7000
v 25.5657 0.0000 9.9343
v 25.5657 12.0000 9.9343
v 24.0000 11.9000 9.5000
v 26.0000 11.9000 9.5000
v 26.0000 12.5000 9.5000
v 24.0000 12.5000 9.5000
v 24.0000 11.9000 11.5000
v 26.0000 11.9000 11.5000
v 26.0000 12.5000 11.5000
v 24.0000 12.5000 11.5000
v 35.8000 0.0000 10.5000
v 35.8000 12.0000 10.5000
v 35.5657 0.0000 11.0657
v 35.5657 12.0000 11.0657
v 35.0000 0.0000 11.3000
v 35.0000 12.0000 11.3000
v 34.4343 0.0000 11.0657
v 34.4343 12.0000 11.0657
v 34.2000 0.0000 10.5000
v 34.2000 12.0000 10.5000
v 34.4343 0.0000 9.9343
v 34.4343 12.0000 9.9343
v 35.0000 0.0000 9.7000
v 35.0000 12.0000 9.7000
v 35.5657 0.0000 9.9343
v 35.5657 12.0000 9.9343
v 34.0000 11.9000 9.5000
v 36.0000 11.9000 9.5000
v 36.0000 12.5000 9.5000
v 34.0000 12.5000 9.5000
v 34.0000 11.9000 11.5000
v 36.0000 11.9000 11.5000
v 36.0000 12.5000 11.5000
v 34.0000 12.5000 11.5000
v -39.5000 3.5000 10.0000
v -36.5000 3.5000 10.0000
v -36.5000 8.5000 10.0000
v -39.5000 8.5000 10.0000
v -39.5000 3.5000 10.2000
v -36.5000 3.5000 10.2000
v -36.5000 8.5000 10.2000
v -39.5000 8.5000 10.2000
v -39.5000 11.0000 10.0000
v -36.5000 11.0000 10.0000
v -36.5000 15.0000 10.0000
v -39.5000 15.0000 10.0000
v -39.5000 11.0000 10.2000
v -36.5000 11.0000 10.2000
v -36.5000 15.0000 10.2000
v -39.5000 15.0000 10.2000
v -31.5000 3.5000 10.0000
v -28.5000 3.5000 10.0000
v -28.5000 8.5000 10.0000
v -31.5000 8.5000 10.0000
v -31.5000 3.5000 10.2000
v -28.5000 3.5000 10.2000
v -28.5000 8.5000 10.2000
v -31.5000 8.5000 10.2000
v -31.5000 11.0000 10.0000
v -28.5000 11.0000 10.0000
v -28.5000 15.0000 10.0000
v -31.5000 15.0000 10.0000
v -31.5000 11.0000 10.2000
v -28.5000 11.0000 10.2000
v -28.5000 15.0000 10.2000
v -31.5000 15.0000 10.2000
v -23.5000 3.5000 10.0000
v -20.5000 3.5000 10.0000
v -20.5000 8.5000 10.0000
v -23.5000 8.5000 10.0000
v -23.5000 3.5000 10.2000
v -20.5000 3.5000 10.2000
v -20.5000 8.5000 10.2000
v -23.5000 8.5000 10.2000
v -23.5000 11.0000 10.0000
v -20.5000 11.0000 10.0000
v -20.5000 15.0000 10.0000
v -23.5000 15.0000 10.0000
v -23.5000 11.0000 10.2000
v -20.5000 11.0000 10.2000
v -20.5000 15.0000 10.2000
v -23.5000 15.0000 10.2000
v -15.5000 3.5000 10.0000
v -12.5000 3.5000 10.0000
v -12.5000 8.5000 10.0000
v -15.5000 8.5000 10.0000
v -15.5000 3.5000 10.2000
v -12.5000 3.5000 10.2000
v -12.5000 8.5000 10.2000
v -15.5000 8.5000 10.2000
v -15.5000 11.0000 10.0000
v -12.5000 11.0000 10.0000
v -12.5000 15.0000 10.0000
v -15.5000 15.0000 10.0000
v -15.5000 11.0000 10.2000
v -12.5000 11.0000 10.2000
v -12.5000 15.0000 10.2000
v -15.5000 15.0000 10.2000
v 8.5000 3.5000 10.0000
v 11.5000 3.5000 10.0000
v 11.5000 8.5000 10.0000
v 8.5000 8.5000 10.0000
v 8.5000 3.5000 10.2000
v 11.5000 3.5000 10.2000
v 11.5000 8.5000 10.2000
v 8.5000 8.5000 10.2000
v 8.5000 11.0000 10.0000
v 11.5000 11.0000 10.0000
v 11.5000 15.0000 10.0000
v 8.5000 15.0000 10.0000
v 8.5000 11.0000 10.2000
v 11.5000 11.0000 10.2000
v 11.5000 15.0000 10.2000
v 8.5000 15.0000 10.2000
v 16.5000 3.5000 10.0000
v 19.5000 3.5000 10.0000
v 19.5000 8.5000 10.0000
v 16.5000 8.5000 10.0000
v 16.5000 3.5000 10.2000
v 19.5000 3.5000 10.2000
v 19.5000 8.5000 10.2000
v 16.5000 8.5000 10.2000
v 16.5000 11.0000 10.0000
v 19.5000 11.0000 10.0000
v 19.5000 15.0000 10.0000
v 16.5000 15.0000 10.0000
v 16.5000 11.0000 10.2000
v 19.5000 11.0000 10.2000
v 19.5000 15.0000 10.2000
v 16.5000 15.0000 10.2000
v 24.5000 3.5000 10.0000
v 27.5000 3.5000 10.0000
v 27.5000 8.5000 10.0000
v 24.5000 8.5000 10.0000
v 24.5000 3.5000 10.2000
v 27.5000 3.5000 10.2000
v 27.5000 8.5000 10.2000
v 24.5000 8.5000 10.2000
v 24.5000 11.0000 10.0000
v 27.5000 11.0000 10.0000
v 27.5000 15.0000 10.0000
v 24.5000 15.0000 10.0000
v 24.5000 11.0000 10.2000
v 27.5000 11.0000 10.2000
v 27.5000 15.0000 10.2000
v 24.5000 15.0000 10.2000
v 32.5000 3.5000 10.0000
v 35.5000 3.5000 10.0000
v 35.5000 8.5000 10.0000
v 32.5000 8.5000 10.0000
v 32.5000 3.5000 10.2000
v 35.5000 3.5000 10.2000
v 35.5000 8.5000 10.2000
v 32.5000 8.5000 10.2000
v 32.5000 11.0000 10.0000
v 35.5000 11.0000 10.0000
v 35.5000 15.0000 10.0000
v 32.5000 15.0000 10.0000
v 32.5000 11.0000 10.2000
v 35.5000 11.0000 10.2000
v 35.5000 15.0000 10.2000
v 32.5000 15.0000 10.2000
v -80.0000 0.0000 26.0000
v 80.0000 0.0000 26.0000
v 80.0000 0.8000 26.0000
v -80.0000 0.8000 26.0000
v -80.0000 0.0000 34.0000
v 80.0000 0.0000 34.0000
v 80.0000 0.8000 34.0000
v -80.0000 0.8000 34.0000
v -80.0000 0.8000 26.0000
v 80.0000 0.8000 26.0000
v 80.0000 0.8200 26.0000
v -80.0000 0.8200 26.0000
v -80.0000 0.8000 26.4000
v 80.0000 0.8000 26.4000
v 80.0000 0.8200 26.4000
v -80.0000 0.8200 26.4000
v -80.0000 0.8000 33.6000
v 80.0000 0.8000 33.6000
v 80.0000 0.8200 33.6000
v -80.0000 0.8200 33.6000
v -80.0000 0.8000 34.0000
v 80.0000 0.8000 34.0000
v 80.0000 0.8200 34.0000
v -80.0000 0.8200 34.0000
v -54.7000 0.8000 30.0000
v -54.7000 5.3000 30.0000
v -54.7879 0.8000 30.2121
v -54.7879 5.3000 30.2121
v -55.0000 0.8000 30.3000
v -55.0000 5.3000 30.3000
v -55.2121 0.8000 30.2121
v -55.2121 5.3000 30.2121
v -55.3000 0.8000 30.0000
v -55.3000 5.3000 30.0000
v -55.2121 0.8000 29.7879
v -55.2121 5.3000 29.7879
v -55.0000 0.8000 29.7000
v -55.0000 5.3000 29.7000
v -54.7879 0.8000 29.7879
v -54.7879 5.3000 29.7879
v -55.2000 5.1000 26.5000
v -54.8000 5.1000 26.5000
v -54.8000 5.5000 26.5000
v -55.2000 5.5000 26.5000
v -55.2000 5.1000 33.5000
v -54.8000 5.1000 33.5000
v -54.8000 5.5000 33.5000
v -55.2000 5.5000 33.5000
v -39.7000 0.8000 30.0000
v -39.7000 5.3000 30.0000
v -39.7879 0.8000 30.2121
v -39.7879 5.3000 30.2121
v -40.0000 0.8000 30.3000
v -40.0000 5.3000 30.3000
v -40.2121 0.8000 30.2121
v -40.2121 5.3000 30.2121
v -40.3000 0.8000 30.0000
v -40.3000 5.3000 30.0000
v -40.2121 0.8000 29.7879
v -40.2121 5.3000 29.7879
v -40.0000 0.8000 29.7000
v -40.0000 5.3000 29.7000
v -39.7879 0.8000 29.7879
v -39.7879 5.3000 29.7879
v -40.2000 5.1000 26.5000
v -39.8000 5.1000 26.5000
v -39.8000 5.5000 26.5000
v -40.2000 5.5000 26.5000
v -40.2000 5.1000 33.5000
v -39.8000 5.1000 33.5000
v -39.8000 5.5000 33.5000
v -40.2000 5.5000 33.5000
v -24.7000 0.8000 30.0000
v -24.7000 5.3000 30.0000
v -24.7879 0.8000 30.2121
v -24.7879 5.3000 30.2121
v -25.0000 0.8000 30.3000
v -25.0000 5.3000 30.3000
v -25.2121 0.8000 30.2121
v -25.2121 5.3000 30.2121
v -25.3000 0.8000 30.0000
v -25.3000 5.3000 30.0000
v -25.2121 0.8000 29.7879
v -25.2121 5.3000 29.7879
v -25.0000 0.8000 29.7000
v -25.0000 5.3000 29.7000
v -24.7879 0.8000 29.7879
v -24.7879 5.3000 29.7879
v -25.2000 5.1000 26.5000
v -24.8000 5.1000 26.5000
v -24.8000 5.5000 26.5000
v -25.2000 5.5000 26.5000
v -25.2000 5.1000 33.5000
v -24.8000 5.1000 33.5000
v -24.8000 5.5000 33.5000
v -25.2000 5.5000 33.5000
v -9.7000 0.8000 30.0000
v -9.7000 5.3000 30.0000
v -9.7879 0.8000 30.2121
v -9.7879 5.3000 30.2121
v -10.0000 0.8000 30.3000
v -10.0000 5.3000 30.3000
v -10.2121 0.8000 30.2121
v -10.2121 5.3000 30.2121
v -10.3000 0.8000 30.0000
v -10.3000 5.3000 30.0000
v -10.2121 0.8000 29.7879
v -10.2121 5.3000 29.7879
v -10.0000 0.8000 29.7000
v -10.0000 5.3000 29.7000
v -9.7879 0.8000 29.7879
v -9.7879 5.3000 29.7879
v -10.2000 5.1000 26.5000
v -9.8000 5.1000 26.5000
v -9.8000 5.5000 26.5000
v -10.2000 5.5000 26.5000
v -10.2000 5.1000 33.5000
v -9.8000 5.1000 33.5000
v -9.8000 5.5000 33.5000
v -10.2000 5.5000 33.5000
v 5.3000 0.8000 30.0000
v 5.3000 5.3000 30.0000
v 5.2121 0.8000 30.2121
v 5.2121 5.3000 30.2121
v 5.0000 0.8000 30.3000
v 5.0000 5.3000 30.3000
v 4.7879 0.8000 30.2121
v 4.7879 5.3000 30.2121
v 4.7000 0.8000 30.0000
v 4.7000 5.3000 30.0000
v 4.7879 0.8000 29.7879
v 4.7879 5.3000 29.7879
v 5.0000 0.8000 29.7000
v 5.0000 5.3000 29.7000
v 5.2121 0.8000 29.7879
v 5.2121 5.3000 29.7879
v 4.8000 5.1000 26.5000
v 5.2000 5.1000 26.5000
v 5.2000 5.5000 26.5000
v 4.8000 5.5000 26.5000
v 4.8000 5.1000 33.5000
v 5.2000 5.1000 33.5000
v 5.2000 5.5000 33.5000
v 4.8000 5.5000 33.5000
v 20.3000 0.8000 30.0000
v 20.3000 5.3000 30.0000
v 20.2121 0.8000 30.2121
v 20.2121 5.3000 30.2121
v 20.0000 0.8000 30.3000
v 20.0000 5.3000 30.3000
v 19.7879 0.8000 30.2121
v 19.7879 5.3000 30.2121
v 19.7000 0.8000 30.0000
v 19.7000 5.3000 30.0000
v 19.7879 0.8000 29.7879
v 19.7879 5.3000 29.7879
v 20.0000 0.8000 29.7000
v 20.0000 5.3000 29.7000
v 20.2121 0.8000 29.7879
v 20.2121 5.3000 29.7879
v 19.8000 5.1000 26.5000
v 20.2000 5.1000 26.5000
v 20.2000 5.5000 26.5000
v 19.8000 5.5000 26.5000
v 19.8000 5.1000 33.5000
v 20.2000 5.1000 33.5000
v 20.2000 5.5000 33.5000
v 19.8000 5.5000 33.5000
v 35.3000 0.8000 30.0000
v 35.3000 5.3000 30.0000
v 35.2121 0.8000 30.2121
v 35.2121 5.3000 30.2121
v 35.0000 0.8000 30.3000
v 35.0000 5.3000 30.3000
v 34.7879 0.8000 30.2121
v 34.7879 5.3000 30.2121
v 34.7000 0.8000 30.0000
v 34.7000 5.3000 30.0000
v 34.7879 0.8000 29.7879
v 34.7879 5.3000 29.7879
v 35.0000 0.8000 29.7000
v 35.0000 5.3000 29.7000
v 35.2121 0.8000 29.7879
v 35.2121 5.3000 29.7879
v 34.8000 5.1000 26.5000
v 35.2000 5.1000 26.5000
v 35.2000 5.5000 26.5000
v 34.8000 5.5000 26.5000
v 34.8000 5.1000 33.5000
v 35.2000 5.1000 33.5000
v 35.2000 5.5000 33.5000
v 34.8000 5.5000 33.5000
v 50.3000 0.8000 30.0000
v 50.3000 5.3000 30.0000
v 50.2121 0.8000 30.2121
v 50.2121 5.3000 30.2121
v 50.0000 0.8000 30.3000
v 50.0000 5.3000 30.3000
v 49.7879 0.8000 30.2121
v 49.7879 5.3000 30.2121
v 49.7000 0.8000 30.0000
v 49.7000 5.3000 30.0000
v 49.7879 0.8000 29.7879
v 49.7879 5.3000 29.7879
v 50.0000 0.8000 29.7000
v 50.0000 5.3000 29.7000
v 50.2121 0.8000 29.7879
v 50.2121 5.3000 29.7879
v 49.8000 5.1000 26.5000
v 50.2000 5.1000 26.5000
v 50.2000 5.5000 26.5000
v 49.8000 5.5000 26.5000
v 49.8000 5.1000 33.5000
v 50.2000 5.1000 33.5000
v 50.2000 5.5000 33.5000
v 49.8000 5.5000 33.5000
v -60.0000 5.4500 25.5000
v 60.0000 5.4500 25.5000
v 60.0000 5.7500 25.5000
v -60.0000 5.7500 25.5000
v -60.0000 5.4500 34.5000
v 60.0000 5.4500 34.5000
v 60.0000 5.7500 34.5000
v -60.0000 5.7500 34.5000
v -51.5000 0.8000 28.1000
v -48.5000 0.8000 28.1000
v -48.5000 1.4000 28.1000
v -51.5000 1.4000 28.1000
v -51.5000 0.8000 28.9000
v -48.5000 0.8000 28.9000
v -48.5000 1.4000 28.9000
v -51.5000 1.4000 28.9000
v -51.5000 0.8000 31.1000
v -48.5000 0.8000 31.1000
v -48.5000 1.4000 31.1000
v -51.5000 1.4000 31.1000
v -51.5000 0.8000 31.9000
v -48.5000 0.8000 31.9000
v -48.5000 1.4000 31.9000
v -51.5000 1.4000 31.9000
v -31.5000 0.8000 28.1000
v -28.5000 0.8000 28.1000
v -28.5000 1.4000 28.1000
v -31.5000 1.4000 28.1000
v -31.5000 0.8000 28.9000
v -28.5000 0.8000 28.9000
v -28.5000 1.4000 28.9000
v -31.5000 1.4000 28.9000
v -31.5000 0.8000 31.1000
v -28.5000 0.8000 31.1000
v -28.5000 1.4000 31.1000
v -31.5000 1.4000 31.1000
v -31.5000 0.8000 31.9000
v -28.5000 0.8000 31.9000
v -28.5000 1.4000 31.9000
v -31.5000 1.4000 31.9000
v -11.5000 0.8000 28.1000
v -8.5000 0.8000 28.1000
v -8.5000 1.4000 28.1000
v -11.5000 1.4000 28.1000
v -11.5000 0.8000 28.9000
v -8.5000 0.8000 28.9000
v -8.5000 1.4000 28.9000
v -11.5000 1.4000 28.9000
v -11.5000 0.8000 31.1000
v -8.5000 0.8000 31.1000
v -8.5000 1.4000 31.1000
v -11.5000 1.4000 31.1000
v -11.5000 0.8000 31.9000
v -8.5000 0.8000 31.9000
v -8.5000 1.4000 31.9000
v -11.5000 1.4000 31.9000
v 8.5000 0.8000 28.1000
v 11.5000 0.8000 28.1000
v 11.5000 1.4000 28.1000
v 8.5000 1.4000 28.1000
v 8.5000 0.8000 28.9000
v 11.5000 0.8000 28.9000
v 11.5000 1.4000 28.9000
v 8.5000 1.4000 28.9000
v 8.5000 0.8000 31.1000
v 11.5000 0.8000 31.1000
v 11.5000 1.4000 31.1000
v 8.5000 1.4000 31.1000
v 8.5000 0.8000 31.9000
v 11.5000 0.8000 31.9000
v 11.5000 1.4000 31.9000
v 8.5000 1.4000 31.9000
v 28.5000 0.8000 28.1000
v 31.5000 0.8000 28.1000
v 31.5000 1.4000 28.1000
v 28.5000 1.4000 28.1000
v 28.5000 0.8000 28.9000
v 31.5000 0.8000 28.9000
v 31.5000 1.4000 28.9000
v 28.5000 1.4000 28.9000
v 28.5000 0.8000 31.1000
v 31.5000 0.8000 31.1000
v 31.5000 1.4000 31.1000
v 28.5000 1.4000 31.1000
v 28.5000 0.8000 31.9000
v 31.5000 0.8000 31.9000
v 31.5000 1.4000 31.9000
v 28.5000 1.4000 31.9000
v 48.5000 0.8000 28.1000
v 51.5000 0.8000 28.1000
v 51.5000 1.4000 28.1000
v 48.5000 1.4000 28.1000
v 48.5000 0.8000 28.9000
v 51.5000 0.8000 28.9000
v 51.5000 1.4000 28.9000
v 48.5000 1.4000 28.9000
v 48.5000 0.8000 31.1000
v 51.5000 0.8000 31.1000
v 51.5000 1.4000 31.1000
v 48.5000 1.4000 31.1000
v 48.5000 0.8000 31.9000
v 51.5000 0.8000 31.9000
v 51.5000 1.4000 31.9000
v 48.5000 1.4000 31.9000
v -43.0000 3.2000 29.9000
v -37.0000 3.2000 29.9000
v -37.0000 4.4000 29.9000
v -43.0000 4.4000 29.9000
v -43.0000 3.2000 30.1000
v -37.0000 3.2000 30.1000
v -37.0000 4.4000 30.1000
v -43.0000 4.4000 30.1000
v -3.0000 3.2000 29.9000
v 3.0000 3.2000 29.9000
v 3.0000 4.4000 29.9000
v -3.0000 4.4000 29.9000
v -3.0000 3.2000 30.1000
v 3.0000 3.2000 30.1000
v 3.0000 4.4000 30.1000
v -3.0000 4.4000 30.1000
v 37.0000 3.2000 29.9000
v 43.0000 3.2000 29.9000
v 43.0000 4.4000 29.9000
v 37.0000 4.4000 29.9000
v 37.0000 3.2000 30.1000
v 43.0000 3.2000 30.1000
v 43.0000 4.4000 30.1000
v 37.0000 4.4000 30.1000
v -80.0000 0.0000 45.0000
v 80.0000 0.0000 45.0000
v 80.0000 0.8000 45.0000
v -80.0000 0.8000 45.0000
v -80.0000 0.0000 55.0000
v 80.0000 0.0000 55.0000
v 80.0000 0.8000 55.0000
v -80.0000 0.8000 55.0000
v -80.0000 0.8000 45.0000
v 80.0000 0.8000 45.0000
v 80.0000 0.8200 45.0000
v -80.0000 0.8200 45.0000
v -80.0000 0.8000 45.4000
v 80.0000 0.8000 45.4000
v 80.0000 0.8200 45.4000
v -80.0000 0.8200 45.4000
v -80.0000 0.8000 54.6000
v 80.0000 0.8000 54.6000
v 80.0000 0.8200 54.6000
v -80.0000 0.8200 54.6000
v -80.0000 0.8000 55.0000
v 80.0000 0.8000 55.0000
v 80.0000 0.8200 55.0000
v -80.0000 0.8200 55.0000
v -54.7000 0.8000 50.0000
v -54.7000 5.3000 50.0000
v -54.7879 0.8000 50.2121
v -54.7879 5.3000 50.2121
v -55.0000 0.8000 50.3000
v -55.0000 5.3000 50.3000
v -55.2121 0.8000 50.2121
v -55.2121 5.3000 50.2121
v -55.3000 0.8000 50.0000
v -55.3000 5.3000 50.0000
v -55.2121 0.8000 49.7879
v -55.2121 5.3000 49.7879
v -55.0000 0.8000 49.7000
v -55.0000 5.3000 49.7000
v -54.7879 0.8000 49.7879
v -54.7879 5.3000 49.7879
v -55.2000 5.1000 45.5000
v -54.8000 5.1000 45.5000
v -54.8000 5.5000 45.5000
v -55.2000 5.5000 45.5000
v -55.2000 5.1000 54.5000
v -54.8000 5.1000 54.5000
v -54.8000 5.5000 54.5000
v -55.2000 5.5000 54.5000
v -39.7000 0.8000 50.0000
v -39.7000 5.3000 50.0000
v -39.7879 0.8000 50.2121
v -39.7879 5.3000 50.2121
v -40.0000 0.8000 50.3000
v -40.0000 5.3000 50.3000
v -40.2121 0.8000 50.2121
v -40.2121 5.3000 50.2121
v -40.3000 0.8000 50.0000
v -40.3000 5.3000 50.0000
v -40.2121 0.8000 49.7879
v -40.2121 5.3000 49.7879
v -40.0000 0.8000 49.7000
v -40.0000 5.3000 49.7000
v -39.7879 0.8000 49.7879
v -39.7879 5.3000 49.7879
v -40.2000 5.1000 45.5000
v -39.8000 5.1000 45.5000
v -39.8000 5.5000 45.5000
v -40.2000 5.5000 45.5000
v -40.2000 5.1000 54.5000
v -39.8000 5.1000 54.5000
v -39.8000 5.5000 54.5000
v -40.2000 5.5000 54.5000
v -24.7000 0.8000 50.0000
v -24.7000 5.3000 50.0000
v -24.7879 0.8000 50.2121
v -24.7879 5.3000 50.2121
v -25.0000 0.8000 50.3000
v -25.0000 5.3000 50.3000
v -25.2121 0.8000 50.2121
v -25.2121 5.3000 50.2121
v -25.3000 0.8000 50.0000
v -25.3000 5.3000 50.0000
v -25.2121 0.8000 49.7879
v -25.2121 5.3000 49.7879
v -25.0000 0.8000 49.7000
v -25.0000 5.3000 49.7000
v -24.7879 0.8000 49.7879
v -24.7879 5.3000 49.7879
v -25.2000 5.1000 45.5000
v -24.8000 5.1000 45.5000
v -24.8000 5.5000 45.5000
v -25.2000 5.5000 45.5000
v -25.2000 5.1000 54.5000
v -24.8000 5.1000 54.5000
v -24.8000 5.5000 54.5000
v -25.2000 5.5000 54.5000
v -9.7000 0.8000 50.0000
v -9.7000 5.3000 50.0000
v -9.7879 0.8000 50.2121
v -9.7879 5.3000 50.2121
v -10.0000 0.8000 50.3000
v -10.0000 5.3000 50.3000
v -10.2121 0.8000 50.2121
v -10.2121 5.3000 50.2121
v -10.3000 0.8000 50.0000
v -10.3000 5.3000 50.0000
v -10.2121 0.8000 49.7879
v -10.2121 5.3000 49.7879
v -10.0000 0.8000 49.7000
v -10.0000 5.3000 49.7000
v -9.7879 0.8000 49.7879
v -9.7879 5.3000 49.7879
v -10.2000 5.1000 45.5000
v -9.8000 5.1000 45.5000
v -9.8000 5.5000 45.5000
v -10.2000 5.5000 45.5000
v -10.2000 5.1000 54.5000
v -9.8000 5.1000 54.5000
v -9.8000 5.5000 54.5000
v -10.2000 5.5000 54.5000
v 5.3000 0.8000 50.0000
v 5.3000 5.3000 50.0000
v 5.2121 0.8000 50.2121
v 5.2121 5.3000 50.2121
v 5.0000 0.8000 50.3000
v 5.0000 5.3000 50.3000
v 4.7879 0.8000 50.2121
v 4.7879 5.3000 50.2121
v 4.7000 0.8000 50.0000
v 4.7000 5.3000 50.0000
v 4.7879 0.8000 49.7879
v 4.7879 5.3000 49.7879
v 5.0000 0.8000 49.7000
v 5.0000 5.3000 49.7000
v 5.2121 0.8000 49.7879
v 5.2121 5.3000 49.7879
v 4.8000 5.1000 45.5000
v 5.2000 5.1000 45.5000
v 5.2000 5.5000 45.5000
v 4.8000 5.5000 45.5000
v 4.8000 5.1000 54.5000
v 5.2000 5.1000 54.5000
v 5.2000 5.5000 54.5000
v 4.8000 5.5000 54.5000
v 20.3000 0.8000 50.0000
v 20.3000 5.3000 50.0000
v 20.2121 0.8000 50.2121
v 20.2121 5.3000 50.2121
v 20.0000 0.8000 50.3000
v 20.0000 5.3000 50.3000
v 19.7879 0.8000 50.2121
v 19.7879 5.3000 50.2121
v 19.7000 0.8000 50.0000
v 19.7000 5.3000 50.0000
v 19.7879 0.8000 49.7879
v 19.7879 5.3000 49.7879
v 20.0000 0.8000 49.7000
v 20.0000 5.3000 49.7000
v 20.2121 0.8000 49.7879
v 20.2121 5.3000 49.7879
v 19.8000 5.1000 45.5000
v 20.2000 5.1000 45.5000
v 20.2000 5.5000 45.5000
v 19.8000 5.5000 45.5000
v 19.8000 5.1000 54.5000
v 20.2000 5.1000 54.5000
v 20.2000 5.5000 54.5000
v 19.8000 5.5000 54.5000
v 35.3000 0.8000 50.0000
v 35.3000 5.3000 50.0000
v 35.2121 0.8000 50.2121
v 35.2121 5.3000 50.2121
v 35.0000 0.8000 50.3000
v 35.0000 5.3000 50.3000
v 34.7879 0.8000 50.2121
v 34.7879 5.3000 50.2121
v 34.7000 0.8000 50.0000
v 34.7000 5.3000 50.0000
v 34.7879 0.8000 49.7879
v 34.7879 5.3000 49.7879
v 35.0000 0.8000 49.7000
v 35.0000 5.3000 49.7000
v 35.2121 0.8000 49.7879
v 35.2121 5.3000 49.7879
v 34.8000 5.1000 45.5000
v 35.2000 5.1000 45.5000
v 35.2000 5.5000 45.5000
v 34.8000 5.5000 45.5000
v 34.8000 5.1000 54.5000
v 35.2000 5.1000 54.5000
v 35.2000 5.5000 54.5000
v 34.8000 5.5000 54.5000
v 50.3000 0.8000 50.0000
v 50.3000 5.3000 50.0000
v 50.2121 0.8000 50.2121
v 50.2121 5.3000 50.2121
v 50.0000 0.8000 50.3000
v 50.0000 5.3000 50.3000
v 49.7879 0.8000 50.2121
v 49.7879 5.3000 50.2121
v 49.7000 0.8000 50.0000
v 49.7000 5.3000 50.0000
v 49.7879 0.8000 49.7879
v 49.7879 5.3000 49.7879
v 50.0000 0.8000 49.7000
v 50.0000 5.3000 49.7000
v 50.2121 0.8000 49.7879
v 50.2121 5.3000 49.7879
v 49.8000 5.1000 45.5000
v 50.2000 5.1000 45.5000
v 50.2000 5.5000 45.5000
v 49.8000 5.5000 45.5000
v 49.8000 5.1000 54.5000
v 50.2000 5.1000 54.5000
v 50.2000 5.5000 54.5000
v 49.8000 5.5000 54.5000
v -60.0000 5.4500 44.5000
v 60.0000 5.4500 44.5000
v 60.0000 5.7500 44.5000
v -60.0000 5.7500 44.5000
v -60.0000 5.4500 55.5000
v 60.0000 5.4500 55.5000
v 60.0000 5.7500 55.5000
v -60.0000 5.7500 55.5000
v -51.5000 0.8000 48.1000
v -48.5000 0.8000 48.1000
v -48.5000 1.4000 48.1000
v -51.5000 1.4000 48.1000
v -51.5000 0.8000 48.9000
v -48.5000 0.8000 48.9000
v -48.5000 1.4000 48.9000
v -51.5000 1.4000 48.9000
v -51.5000 0.8000 51.1000
v -48.5000 0.8000 51.1000
v -48.5000 1.4000 51.1000
v -51.5000 1.4000 51.1000
v -51.5000 0.8000 51.9000
v -48.5000 0.8000 51.9000
v -48.5000 1.4000 51.9000
v -51.5000 1.4000 51.9000
v -31.5000 0.8000 48.1000
v -28.5000 0.8000 48.1000
v -28.5000 1.4000 48.1000
v -31.5000 1.4000 48.1000
v -31.5000 0.8000 48.9000
v -28.5000 0.8000 48.9000
v -28.5000 1.4000 48.9000
v -31.5000 1.4000 48.9000
v -31.5000 0.8000 51.1000
v -28.5000 0.8000 51.1000
v -28.5000 1.4000 51.1000
v -31.5000 1.4000 51.1000
v -31.5000 0.8000 51.9000
v -28.5000 0.8000 51.9000
v -28.5000 1.4000 51.9000
v -31.5000 1.4000 51.9000
v -11.5000 0.8000 48.1000
v -8.5000 0.8000 48.1000
v -8.5000 1.4000 48.1000
v -11.5000 1.4000 48.1000
v -11.5000 0.8000 48.9000
v -8.5000 0.8000 48.9000
v -8.5000 1.4000 48.9000
v -11.5000 1.4000 48.9000
v -11.5000 0.8000 51.1000
v -8.5000 0.8000 51.1000
v -8.5000 1.4000 51.1000
v -11.5000 1.4000 51.1000
v -11.5000 0.8000 51.9000
v -8.5000 0.8000 51.9000
v -8.5000 1.4000 51.9000
v -11.5000 1.4000 51.9000
v 8.5000 0.8000 48.1000
v 11.5000 0.8000 48.1000
v 11.5000 1.4000 48.1000
v 8.5000 1.4000 48.1000
v 8.5000 0.8000 48.9000
v 11.5000 0.8000 48.9000
v 11.5000 1.4000 48.9000
v 8.5000 1.4000 48.9000
v 8.5000 0.8000 51.1000
v 11.5000 0.8000 51.1000
v 11.5000 1.4000 51.1000
v 8.5000 1.4000 51.1000
v 8.5000 0.8000 51.9000
v 11.5000 0.8000 51.9000
v 11.5000 1.4000 51.9000
v 8.5000 1.4000 51.9000
v 28.5000 0.8000 48.1000
v 31.5000 0.8000 48.1000
v 31.5000 1.4000 48.1000
v 28.5000 1.4000 48.1000
v 28.5000 0.8000 48.9000
v 31.5000 0.8000 48.9000
v 31.5000 1.4000 48.9000
v 28.5000 1.4000 48.9000
v 28.5000 0.8000 51.1000
v 31.5000 0.8000 51.1000
v 31.5000 1.4000 51.1000
v 28.5000 1.4000 51.1000
v 28.5000 0.8000 51.9000
v 31.5000 0.8000 51.9000
v 31.5000 1.4000 51.9000
v 28.5000 1.4000 51.9000
v 48.5000 0.8000 48.1000
v 51.5000 0.8000 48.1000
v 51.5000 1.4000 48.1000
v 48.5000 1.4000 48.1000
v 48.5000 0.8000 48.9000
v 51.5000 0.8000 48.9000
v 51.5000 1.4000 48.9000
v 48.5000 1.4000 48.9000
v 48.5000 0.8000 51.1000
v 51.5000 0.8000 51.1000
v 51.5000 1.4000 51.1000
v 48.5000 1.4000 51.1000
v 48.5000 0.8000 51.9000
v 51.5000 0.8000 51.9000
v 51.5000 1.4000 51.9000
v 48.5000 1.4000 51.9000
v -43.0000 3.2000 49.9000
v -37.0000 3.2000 49.9000
v -37.0000 4.4000 49.9000
v -43.0000 4.4000 49.9000
v -43.0000 3.2000 50.1000
v -37.0000 3.2000 50.1000
v -37.0000 4.4000 50.1000
v -43.0000 4.4000 50.1000
v -3.0000 3.2000 49.9000
v 3.0000 3.2000 49.9000
v 3.0000 4.4000 49.9000
v -3.0000 4.4000 49.9000
v -3.0000 3.2000 50.1000
v 3.0000 3.2000 50.1000
v 3.0000 4.4000 50.1000
v -3.0000 4.4000 50.1000
v 37.0000 3.2000 49.9000
v 43.0000 3.2000 49.9000
v 43.0000 4.4000 49.9000
v 37.0000 4.4000 49.9000
v 37.0000 3.2000 50.1000
v 43.0000 3.2000 50.1000
v 43.0000 4.4000 50.1000
v 37.0000 4.4000 50.1000
v -80.0000 0.0000 68.0000
v 80.0000 0.0000 68.0000
v 80.0000 0.8000 68.0000
v -80.0000 0.8000 68.0000
v -80.0000 0.0000 76.0000
v 80.0000 0.0000 76.0000
v 80.0000 0.8000 76.0000
v -80.0000 0.8000 76.0000
v -80.0000 0.8000 68.0000
v 80.0000 0.8000 68.0000
v 80.0000 0.8200 68.0000
v -80.0000 0.8200 68.0000
v -80.0000 0.8000 68.4000
v 80.0000 0.8000 68.4000
v 80.0000 0.8200 68.4000
v -80.0000 0.8200 68.4000
v -80.0000 0.8000 75.6000
v 80.0000 0.8000 75.6000
v 80.0000 0.8200 75.6000
v -80.0000 0.8200 75.6000
v -80.0000 0.8000 76.0000
v 80.0000 0.8000 76.0000
v 80.0000 0.8200 76.0000
v -80.0000 0.8200 76.0000
v -54.7000 0.8000 72.0000
v -54.7000 5.3000 72.0000
v -54.7879 0.8000 72.2121
v -54.7879 5.3000 72.2121
v -55.0000 0.8000 72.3000
v -55.0000 5.3000 72.3000
v -55.2121 0.8000 72.2121
v -55.2121 5.3000 72.2121
v -55.3000 0.8000 72.0000
v -55.3000 5.3000 72.0000
v -55.2121 0.8000 71.7879
v -55.2121 5.3000 71.7879
v -55.0000 0.8000 71.7000
v -55.0000 5.3000 71.7000
v -54.7879 0.8000 71.7879
v -54.7879 5.3000 71.7879
v -55.2000 5.1000 68.5000
v -54.8000 5.1000 68.5000
v -54.8000 5.5000 68.5000
v -55.2000 5.5000 68.5000
v -55.2000 5.1000 75.5000
v -54.8000 5.1000 75.5000
v -54.8000 5.5000 75.5000
v -55.2000 5.5000 75.5000
v -39.7000 0.8000 72.0000
v -39.7000 5.3000 72.0000
v -39.7879 0.8000 72.2121
v -39.7879 5.3000 72.2121
v -40.0000 0.8000 72.3000
v -40.0000 5.3000 72.3000
v -40.2121 0.8000 72.2121
v -40.2121 5.3000 72.2121
v -40.3000 0.8000 72.0000
v -40.3000 5.3000 72.0000
v -40.2121 0.8000 71.7879
v -40.2121 5.3000 71.7879
v -40.0000 0.8000 71.7000
v -40.0000 5.3000 71.7000
v -39.7879 0.8000 71.7879
v -39.7879 5.3000 71.7879
v -40.2000 5.1000 68.5000
v -39.8000 5.1000 68.5000
v -39.8000 5.5000 68.5000
v -40.2000 5.5000 68.5000
v -40.2000 5.1000 75.5000
v -39.8000 5.1000 75.5000
v -39.8000 5.5000 75.5000
v -40.2000 5.5000 75.5000
v -24.7000 0.8000 72.0000
v -24.7000 5.3000 72.0000
v -24.7879 0.8000 72.2121
v -24.7879 5.3000 72.2121
v -25.0000 0.8000 72.3000
v -25.0000 5.3000 72.3000
v -25.2121 0.8000 72.2121
v -25.2121 5.3000 72.2121
v -25.3000 0.8000 72.0000
v -25.3000 5.3000 72.0000
v -25.2121 0.8000 71.7879
v -25.2121 5.3000 71.7879
v -25.0000 0.8000 71.7000
v -25.0000 5.3000 71.7000
v -24.7879 0.8000 71.7879
v -24.7879 5.3000 71.7879
v -25.2000 5.1000 68.5000
v -24.8000 5.1000 68.5000
v -24.8000 5.5000 68.5000
v -25.2000 5.5000 68.5000
v -25.2000 5.1000 75.5000
v -24.8000 5.1000 75.5000
v -24.8000 5.5000 75.5000
v -25.2000 5.5000 75.5000
v -9.7000 0.8000 72.0000
v -9.7000 5.3000 72.0000
v -9.7879 0.8000 72.2121
v -9.7879 5.3000 72.2121
v -10.0000 0.8000 72.3000
v -10.0000 5.3000 72.3000
v -10.2121 0.8000 72.2121
v -10.2121 5.3000 72.2121
v -10.3000 0.8000 72.0000
v -10.3000 5.3000 72.0000
v -10.2121 0.8000 71.7879
v -10.2121 5.3000 71.7879
v -10.0000 0.8000 71.7000
v -10.0000 5.3000 71.7000
v -9.7879 0.8000 71.7879
v -9.7879 5.3000 71.7879
v -10.2000 5.1000 68.5000
v -9.8000 5.1000 68.5000
v -9.8000 5.5000 68.5000
v -10.2000 5.5000 68.5000
v -10.2000 5.1000 75.5000
v -9.8000 5.1000 75.5000
v -9.8000 5.5000 75.5000
v -10.2000 5.5000 75.5000
v 5.3000 0.8000 72.0000
v 5.3000 5.3000 72.0000
v 5.2121 0.8000 72.2121
v 5.2121 5.3000 72.2121
v 5.0000 0.8000 72.3000
v 5.0000 5.3000 72.3000
v 4.7879 0.8000 72.2121
v 4.7879 5.3000 72.2121
v 4.7000 0.8000 72.0000
v 4.7000 5.3000 72.0000
v 4.7879 0.8000 71.7879
v 4.7879 5.3000 71.7879
v 5.0000 0.8000 71.7000
v 5.0000 5.3000 71.7000
v 5.2121 0.8000 71.7879
v 5.2121 5.3000 71.7879
v 4.8000 5.1000 68.5000
v 5.2000 5.1000 68.5000
v 5.2000 5.5000 68.5000
v 4.8000 5.5000 68.5000
v 4.8000 5.1000 75.5000
v 5.2000 5.1000 75.5000
v 5.2000 5.5000 75.5000
v 4.8000 5.5000 75.5000
v 20.3000 0.8000 72.0000
v 20.3000 5.3000 72.0000
v 20.2121 0.8000 72.2121
v 20.2121 5.3000 72.2121
v 20.0000 0.8000 72.3000
v 20.0000 5.3000 72.3000
v 19.7879 0.8000 72.2121
v 19.7879 5.3000 72.2121
v 19.7000 0.8000 72.0000
v 19.7000 5.3000 72.0000
v 19.7879 0.8000 71.7879
v 19.7879 5.3000 71.7879
v 20.0000 0.8000 71.7000
v 20.0000 5.3000 71.7000
v 20.2121 0.8000 71.7879
v 20.2121 5.3000 71.7879
v 19.8000 5.1000 68.5000
v 20.2000 5.1000 68.5000
v 20.2000 5.5000 68.5000
v 19.8000 5.5000 68.5000
v 19.8000 5.1000 75.5000
v 20.2000 5.1000 75.5000
v 20.2000 5.5000 75.5000
v 19.8000 5.5000 75.5000
v 35.3000 0.8000 72.0000
v 35.3000 5.3000 72.0000
v 35.2121 0.8000 72.2121
v 35.2121 5.3000 72.2121
v 35.0000 0.8000 72.3000
v 35.0000 5.3000 72.3000
v 34.7879 0.8000 72.2121
v 34.7879 5.3000 72.2121
v 34.7000 0.8000 72.0000
v 34.7000 5.3000 72.0000
v 34.7879 0.8000 71.7879
v 34.7879 5.3000 71.7879
v 35.0000 0.8000 71.7000
v 35.0000 5.3000 71.7000
v 35.2121 0.8000 71.7879
v 35.2121 5.3000 71.7879
v 34.8000 5.1000 68.5000
v 35.2000 5.1000 68.5000
v 35.2000 5.5000 68.5000
v 34.8000 5.5000 68.5000
v 34.8000 5.1000 75.5000
v 35.2000 5.1000 75.5000
v 35.2000 5.5000 75.5000
v 34.8000 5.5000 75.5000
v 50.3000 0.8000 72.0000
v 50.3000 5.3000 72.0000
v 50.2121 0.8000 72.2121
v 50.2121 5.3000 72.2121
v 50.0000 0.8000 72.3000
v 50.0000 5.3000 72.3000
v 49.7879 0.8000 72.2121
v 49.7879 5.3000 72.2121
v 49.7000 0.8000 72.0000
v 49.7000 5.3000 72.0000
v 49.7879 0.8000 71.7879
v 49.7879 5.3000 71.7879
v 50.0000 0.8000 71.7000
v 50.0000 5.3000 71.7000
v 50.2121 0.8000 71.7879
v 50.2121 5.3000 71.7879
v 49.8000 5.1000 68.5000
v 50.2000 5.1000 68.5000
v 50.2000 5.5000 68.5000
v 49.8000 5.5000 68.5000
v 49.8000 5.1000 75.5000
v 50.2000 5.1000 75.5000
v 50.2000 5.5000 75.5000
v 49.8000 5.5000 75.5000
v -60.0000 5.4500 67.5000
v 60.0000 5.4500 67.5000
v 60.0000 5.7500 67.5000
v -60.0000 5.7500 67.5000
v -60.0000 5.4500 76.5000
v 60.0000 5.4500 76.5000
v 60.0000 5.7500 76.5000
v -60.0000 5.7500 76.5000
v -51.5000 0.8000 70.1000
v -48.5000 0.8000 70.1000
v -48.5000 1.4000 70.1000
v -51.5000 1.4000 70.1000
v -51.5000 0.8000 70.9000
v -48.5000 0.8000 70.9000
v -48.5000 1.4000 70.9000
v -51.5000 1.4000 70.9000
v -51.5000 0.8000 73.1000
v -48.5000 0.8000 73.1000
v -48.5000 1.4000 73.1000
v -51.5000 1.4000 73.1000
v -51.5000 0.8000 73.9000
v -48.5000 0.8000 73.9000
v -48.5000 1.4000 73.9000
v -51.5000 1.4000 73.9000
v -31.5000 0.8000 70.1000
v -28.5000 0.8000 70.1000
v -28.5000 1.4000 70.1000
v -31.5000 1.4000 70.1000
v -31.5000 0.8000 70.9000
v -28.5000 0.8000 70.9000
v -28.5000 1.4000 70.9000
v -31.5000 1.4000 70.9000
v -31.5000 0.8000 73.1000
v -28.5000 0.8000 73.1000
v -28.5000 1.4000 73.1000
v -31.5000 1.4000 73.1000
v -31.5000 0.8000 73.9000
v -28.5000 0.8000 73.9000
v -28.5000 1.4000 73.9000
v -31.5000 1.4000 73.9000
v -11.5000 0.8000 70.1000
v -8.5000 0.8000 70.1000
v -8.5000 1.4000 70.1000
v -11.5000 1.4000 70.1000
v -11.5000 0.8000 70.9000
v -8.5000 0.8000 70.9000
v -8.5000 1.4000 70.9000
v -11.5000 1.4000 70.9000
v -11.5000 0.8000 73.1000
v -8.5000 0.8000 73.1000
v -8.5000 1.4000 73.1000
v -11.5000 1.4000 73.1000
v -11.5000 0.8000 73.9000
v -8.5000 0.8000 73.9000
v -8.5000 1.4000 73.9000
v -11.5000 1.4000 73.9000
v 8.5000 0.8000 70.1000
v 11.5000 0.8000 70.1000
v 11.5000 1.4000 70.1000
v 8.5000 1.4000 70.1000
v 8.5000 0.8000 70.9000
v 11.5000 0.8000 70.9000
v 11.5000 1.4000 70.9000
v 8.5000 1.4000 70.9000
v 8.5000 0.8000 73.1000
v 11.5000 0.8000 73.1000
v 11.5000 1.4000 73.1000
v 8.5000 1.4000 73.1000
v 8.5000 0.8000 73.9000
v 11.5000 0.8000 73.9000
v 11.5000 1.4000 73.9000
v 8.5000 1.4000 73.9000
v 28.5000 0.8000 70.1000
v 31.5000 0.8000 70.1000
v 31.5000 1.4000 70.1000
v 28.5000 1.4000 70.1000
v 28.5000 0.8000 70.9000
v 31.5000 0.8000 70.9000
v 31.5000 1.4000 70.9000
v 28.5000 1.4000 70.9000
v 28.5000 0.8000 73.1000
v 31.5000 0.8000 73.1000
v 31.5000 1.4000 73.1000
v 28.5000 1.4000 73.1000
v 28.5000 0.8000 73.9000
v 31.5000 0.8000 73.9000
v 31.5000 1.4000 73.9000
v 28.5000 1.4000 73.9000
v 48.5000 0.8000 70.1000
v 51.5000 0.8000 70.1000
v 51.5000 1.4000 70.1000
v 48.5000 1.4000 70.1000
v 48.5000 0.8000 70.9000
v 51.5000 0.8000 70.9000
v 51.5000 1.4000 70.9000
v 48.5000 1.4000 70.9000
v 48.5000 0.8000 73.1000
v 51.5000 0.8000 73.1000
v 51.5000 1.4000 73.1000
v 48.5000 1.4000 73.1000
v 48.5000 0.8000 73.9000
v 51.5000 0.8000 73.9000
v 51.5000 1.4000 73.9000
v 48.5000 1.4000 73.9000
v -43.0000 3.2000 71.9000
v -37.0000 3.2000 71.9000
v -37.0000 4.4000 71.9000
v -43.0000 4.4000 71.9000
v -43.0000 3.2000 72.1000
v -37.0000 3.2000 72.1000
v -37.0000 4.4000 72.1000
v -43.0000 4.4000 72.1000
v -3.0000 3.2000 71.9000
v 3.0000 3.2000 71.9000
v 3.0000 4.4000 71.9000
v -3.0000 4.4000 71.9000
v -3.0000 3.2000 72.1000
v 3.0000 3.2000 72.1000
v 3.0000 4.4000 72.1000
v -3.0000 4.4000 72.1000
v 37.0000 3.2000 71.9000
v 43.0000 3.2000 71.9000
v 43.0000 4.4000 71.9000
v 37.0000 4.4000 71.9000
v 37.0000 3.2000 72.1000
v 43.0000 3.2000 72.1000
v 43.0000 4.4000 72.1000
v 37.0000 4.4000 72.1000
v -90.0000 0.0000 36.4000
v 90.0000 0.0000 36.4000
v 90.0000 0.3000 36.4000
v -90.0000 0.3000 36.4000
v -90.0000 0.0000 39.6000
v 90.0000 0.0000 39.6000
v 90.0000 0.3000 39.6000
v -90.0000 0.3000 39.6000
v -88.2000 0.2750 36.7500
v -87.8000 0.2750 36.7500
v -87.8000 0.4250 36.7500
v -88.2000 0.4250 36.7500
v -88.2000 0.2750 39.2500
v -87.8000 0.2750 39.2500
v -87.8000 0.4250 39.2500
v -88.2000 0.4250 39.2500
v -88.1500 0.4150 37.0120
v -87.8500 0.4150 37.0120
v -87.8500 0.4650 37.0120
v -88.1500 0.4650 37.0120
v -88.1500 0.4150 37.3120
v -87.8500 0.4150 37.3120
v -87.8500 0.4650 37.3120
v -88.1500 0.4650 37.3120
v -88.1500 0.4150 38.6880
v -87.8500 0.4150 38.6880
v -87.8500 0.4650 38.6880
v -88.1500 0.4650 38.6880
v -88.1500 0.4150 38.9880
v -87.8500 0.4150 38.9880
v -87.8500 0.4650 38.9880
v -88.1500 0.4650 38.9880
v -86.2000 0.2750 36.7500
v -85.8000 0.2750 36.7500
v -85.8000 0.4250 36.7500
v -86.2000 0.4250 36.7500
v -86.2000 0.2750 39.2500
v -85.8000 0.2750 39.2500
v -85.8000 0.4250 39.2500
v -86.2000 0.4250 39.2500
v -86.1500 0.4150 37.0120
v -85.8500 0.4150 37.0120
v -85.8500 0.4650 37.0120
v -86.1500 0.4650 37.0120
v -86.1500 0.4150 37.3120
v -85.8500 0.4150 37.3120
v -85.8500 0.4650 37.3120
v -86.1500 0.4650 37.3120
v -86.1500 0.4150 38.6880
v -85.8500 0.4150 38.6880
v -85.8500 0.4650 38.6880
v -86.1500 0.4650 38.6880
v -86.1500 0.4150 38.9880
v -85.8500 0.4150 38.9880
v -85.8500 0.4650 38.9880
v -86.1500 0.4650 38.9880
v -84.2000 0.2750 36.7500
v -83.8000 0.2750 36.7500
v -83.8000 0.4250 36.7500
v -84.2000 0.4250 36.7500
v -84.2000 0.2750 39.2500
v -83.8000 0.2750 39.2500
v -83.8000 0.4250 39.2500
v -84.2000 0.4250 39.2500
v -84.1500 0.4150 37.0120
v -83.8500 0.4150 37.0120
v -83.8500 0.4650 37.0120
v -84.1500 0.4650 37.0120
v -84.1500 0.4150 37.3120
v -83.8500 0.4150 37.3120
v -83.8500 0.4650 37.3120
v -84.1500 0.4650 37.3120
v -84.1500 0.4150 38.6880
v -83.8500 0.4150 38.6880
v -83.8500 0.4650 38.6880
v -84.1500 0.4650 38.6880
v -84.1500 0.4150 38.9880
v -83.8500 0.4150 38.9880
v -83.8500 0.4650 38.9880
v -84.1500 0.4650 38.9880
v -82.2000 0.2750 36.7500
v -81.8000 0.2750 36.7500
v -81.8000 0.4250 36.7500
v -82.2000 0.4250 36.7500
v -82.2000 0.2750 39.2500
v -81.8000 0.2750 39.2500
v -81.8000 0.4250 39.2500
v -82.2000 0.4250 39.2500
v -82.1500 0.4150 37.0120
v -81.8500 0.4150 37.0120
v -81.8500 0.4650 37.0120
v -82.1500 0.4650 37.0120
v -82.1500 0.4150 37.3120
v -81.8500 0.4150 37.3120
v -81.8500 0.4650 37.3120
v -82.1500 0.4650 37.3120
v -82.1500 0.4150 38.6880
v -81.8500 0.4150 38.6880
v -81.8500 0.4650 38.6880
v -82.1500 0.4650 38.6880
v -82.1500 0.4150 38.9880
v -81.8500 0.4150 38.9880
v -81.8500 0.4650 38.9880
v -82.1500 0.4650 38.9880
v -80.2000 0.2750 36.7500
v -79.8000 0.2750 36.7500
v -79.8000 0.4250 36.7500
v -80.2000 0.4250 36.7500
v -80.2000 0.2750 39.2500
v -79.8000 0.2750 39.2500
v -79.8000 0.4250 39.2500
v -80.2000 0.4250 39.2500
v -80.1500 0.4150 37.0120
v -79.8500 0.4150 37.0120
v -79.8500 0.4650 37.0120
v -80.1500 0.4650 37.0120
v -80.1500 0.4150 37.3120
v -79.8500 0.4150 37.3120
v -79.8500 0.4650 37.3120
v -80.1500 0.4650 37.3120
v -80.1500 0.4150 38.6880
v -79.8500 0.4150 38.6880
v -79.8500 0.4650 38.6880
v -80.1500 0.4650 38.6880
v -80.1500 0.4150 38.9880
v -79.8500 0.4150 38.9880
v -79.8500 0.4650 38.9880
v -80.1500 0.4650 38.9880
v -78.2000 0.2750 36.7500
v -77.8000 0.2750 36.7500
v -77.8000 0.4250 36.7500
v -78.2000 0.4250 36.7500
v -78.2000 0.2750 39.2500
v -77.8000 0.2750 39.2500
v -77.8000 0.4250 39.2500
v -78.2000 0.4250 39.2500
v -78.1500 0.4150 37.0120
v -77.8500 0.4150 37.0120
v -77.8500 0.4650 37.0120
v -78.1500 0.4650 37.0120
v -78.1500 0.4150 37.3120
v -77.8500 0.4150 37.3120
v -77.8500 0.4650 37.3120
v -78.1500 0.4650 37.3120
v -78.1500 0.4150 38.6880
v -77.8500 0.4150 38.6880
v -77.8500 0.4650 38.6880
v -78.1500 0.4650 38.6880
v -78.1500 0.4150 38.9880
v -77.8500 0.4150 38.9880
v -77.8500 0.4650 38.9880
v -78.1500 0.4650 38.9880
v -76.2000 0.2750 36.7500
v -75.8000 0.2750 36.7500
v -75.8000 0.4250 36.7500
v -76.2000 0.4250 36.7500
v -76.2000 0.2750 39.2500
v -75.8000 0.2750 39.2500
v -75.8000 0.4250 39.2500
v -76.2000 0.4250 39.2500
v -76.1500 0.4150 37.0120
v -75.8500 0.4150 37.0120
v -75.8500 0.4650 37.0120
v -76.1500 0.4650 37.0120
v -76.1500 0.4150 37.3120
v -75.8500 0.4150 37.3120
v -75.8500 0.4650 37.3120
v -76.1500 0.4650 37.3120
v -76.1500 0.4150 38.6880
v -75.8500 0.4150 38.6880
v -75.8500 0.4650 38.6880
v -76.1500 0.4650 38.6880
v -76.1500 0.4150 38.9880
v -75.8500 0.4150 38.9880
v -75.8500 0.4650 38.9880
v -76.1500 0.4650 38.9880
v -74.2000 0.2750 36.7500
v -73.8000 0.2750 36.7500
v -73.8000 0.4250 36.7500
v -74.2000 0.4250 36.7500
v -74.2000 0.2750 39.2500
v -73.8000 0.2750 39.2500
v -73.8000 0.4250 39.2500
v -74.2000 0.4250 39.2500
v -74.1500 0.4150 37.0120
v -73.8500 0.4150 37.0120
v -73.8500 0.4650 37.0120
v -74.1500 0.4650 37.0120
v -74.1500 0.4150 37.3120
v -73.8500 0.4150 37.3120
v -73.8500 0.4650 37.3120
v -74.1500 0.4650 37.3120
v -74.1500 0.4150 38.6880
v -73.8500 0.4150 38.6880
v -73.8500 0.4650 38.6880
v -74.1500 0.4650 38.6880
v -74.1500 0.4150 38.9880
v -73.8500 0.4150 38.9880
v -73.8500 0.4650 38.9880
v -74.1500 0.4650 38.9880
v -72.2000 0.2750 36.7500
v -71.8000 0.2750 36.7500
v -71.8000 0.4250 36.7500
v -72.2000 0.4250 36.7500
v -72.2000 0.2750 39.2500
v -71.8000 0.2750 39.2500
v -71.8000 0.4250 39.2500
v -72.2000 0.4250 39.2500
v -72.1500 0.4150 37.0120
v -71.8500 0.4150 37.0120
v -71.8500 0.4650 37.0120
v -72.1500 0.4650 37.0120
v -72.1500 0.4150 37.3120
v -71.8500 0.4150 37.3120
v -71.8500 0.4650 37.3120
v -72.1500 0.4650 37.3120
v -72.1500 0.4150 38.6880
v -71.8500 0.4150 38.6880
v -71.8500 0.4650 38.6880
v -72.1500 0.4650 38.6880
v -72.1500 0.4150 38.9880
v -71.8500 0.4150 38.9880
v -71.8500 0.4650 38.9880
v -72.1500 0.4650 38.9880
v -70.2000 0.2750 36.7500
v -69.8000 0.2750 36.7500
v -69.8000 0.4250 36.7500
v -70.2000 0.4250 36.7500
v -70.2000 0.2750 39.2500
v -69.8000 0.2750 39.2500
v -69.8000 0.4250 39.2500
v -70.2000 0.4250 39.2500
v -70.1500 0.4150 37.0120
v -69.8500 0.4150 37.0120
v -69.8500 0.4650 37.0120
v -70.1500 0.4650 37.0120
v -70.1500 0.4150 37.3120
v -69.8500 0.4150 37.3120
v -69.8500 0.4650 37.3120
v -70.1500 0.4650 37.3120
v -70.1500 0.4150 38.6880
v -69.8500 0.4150 38.6880
v -69.8500 0.4650 38.6880
v -70.1500 0.4650 38.6880
v -70.1500 0.4150 38.9880
v -69.8500 0.4150 38.9880
v -69.8500 0.4650 38.9880
v -70.1500 0.4650 38.9880
v -68.2000 0.2750 36.7500
v -67.8000 0.2750 36.7500
v -67.8000 0.4250 36.7500
v -68.2000 0.4250 36.7500
v -68.2000 0.2750 39.2500
v -67.8000 0.2750 39.2500
v -67.8000 0.4250 39.2500
v -68.2000 0.4250 39.2500
v -68.1500 0.4150 37.0120
v -67.8500 0.4150 37.0120
v -67.8500 0.4650 37.0120
v -68.1500 0.4650 37.0120
v -68.1500 0.4150 37.3120
v -67.8500 0.4150 37.3120
v -67.8500 0.4650 37.3120
v -68.1500 0.4650 37.3120
v -68.1500 0.4150 38.6880
v -67.8500 0.4150 38.6880
v -67.8500 0.4650 38.6880
v -68.1500 0.4650 38.6880
v -68.1500 0.4150 38.9880
v -67.8500 0.4150 38.9880
v -67.8500 0.4650 38.9880
v -68.1500 0.4650 38.9880
v -66.2000 0.2750 36.7500
v -65.8000 0.2750 36.7500
v -65.8000 0.4250 36.7500
v -66.2000 0.4250 36.7500
v -66.2000 0.2750 39.2500
v -65.8000 0.2750 39.2500
v -65.8000 0.4250 39.2500
v -66.2000 0.4250 39.2500
v -66.1500 0.4150 37.0120
v -65.8500 0.4150 37.0120
v -65.8500 0.4650 37.0120
v -66.1500 0.4650 37.0120
v -66.1500 0.4150 37.3120
v -65.8500 0.4150 37.3120
v -65.8500 0.4650 37.3120
v -66.1500 0.4650 37.3120
v -66.1500 0.4150 38.6880
v -65.8500 0.4150 38.6880
v -65.8500 0.4650 38.6880
v -66.1500 0.4650 38.6880
v -66.1500 0.4150 38.9880
v -65.8500 0.4150 38.9880
v -65.8500 0.4650 38.9880
v -66.1500 0.4650 38.9880
v -64.2000 0.2750 36.7500
v -63.8000 0.2750 36.7500
v -63.8000 0.4250 36.7500
v -64.2000 0.4250 36.7500
v -64.2000 0.2750 39.2500
v -63.8000 0.2750 39.2500
v -63.8000 0.4250 39.2500
v -64.2000 0.4250 39.2500
v -64.1500 0.4150 37.0120
v -63.8500 0.4150 37.0120
v -63.8500 0.4650 37.0120
v -64.1500 0.4650 37.0120
v -64.1500 0.4150 37.3120
v -63.8500 0.4150 37.3120
v -63.8500 0.4650 37.3120
v -64.1500 0.4650 37.3120
v -64.1500 0.4150 38.6880
v -63.8500 0.4150 38.6880
v -63.8500 0.4650 38.6880
v -64.1500 0.4650 38.6880
v -64.1500 0.4150 38.9880
v -63.8500 0.4150 38.9880
v -63.8500 0.4650 38.9880
v -64.1500 0.4650 38.9880
v -62.2000 0.2750 36.7500
v -61.8000 0.2750 36.7500
v -61.8000 0.4250 36.7500
v -62.2000 0.4250 36.7500
v -62.2000 0.2750 39.2500
v -61.8000 0.2750 39.2500
v -61.8000 0.4250 39.2500
v -62.2000 0.4250 39.2500
v -62.1500 0.4150 37.0120
v -61.8500 0.4150 37.0120
v -61.8500 0.4650 37.0120
v -62.1500 0.4650 37.0120
v -62.1500 0.4150 37.3120
v -61.8500 0.4150 37.3120
v -61.8500 0.4650 37.3120
v -62.1500 0.4650 37.3120
v -62.1500 0.4150 38.6880
v -61.8500 0.4150 38.6880
v -61.8500 0.4650 38.6880
v -62.1500 0.4650 38.6880
v -62.1500 0.4150 38.9880
v -61.8500 0.4150 38.9880
v -61.8500 0.4650 38.9880
v -62.1500 0.4650 38.9880
v -60.2000 0.2750 36.7500
v -59.8000 0.2750 36.7500
v -59.8000 0.4250 36.7500
v -60.2000 0.4250 36.7500
v -60.2000 0.2750 39.2500
v -59.8000 0.2750 39.2500
v -59.8000 0.4250 39.2500
v -60.2000 0.4250 39.2500
v -60.1500 0.4150 37.0120
v -59.8500 0.4150 37.0120
v -59.8500 0.4650 37.0120
v -60.1500 0.4650 37.0120
v -60.1500 0.4150 37.3120
v -59.8500 0.4150 37.3120
v -59.8500 0.4650 37.3120
v -60.1500 0.4650 37.3120
v -60.1500 0.4150 38.6880
v -59.8500 0.4150 38.6880
v -59.8500 0.4650 38.6880
v -60.1500 0.4650 38.6880
v -60.1500 0.4150 38.9880
v -59.8500 0.4150 38.9880
v -59.8500 0.4650 38.9880
v -60.1500 0.4650 38.9880
v -58.2000 0.2750 36.7500
v -57.8000 0.2750 36.7500
v -57.8000 0.4250 36.7500
v -58.2000 0.4250 36.7500
v -58.2000 0.2750 39.2500
v -57.8000 0.2750 39.2500
v -57.8000 0.4250 39.2500
v -58.2000 0.4250 39.2500
v -58.1500 0.4150 37.0120
v -57.8500 0.4150 37.0120
v -57.8500 0.4650 37.0120
v -58.1500 0.4650 37.0120
v -58.1500 0.4150 37.3120
v -57.8500 0.4150 37.3120
v -57.8500 0.4650 37.3120
v -58.1500 0.4650 37.3120
v -58.1500 0.4150 38.6880
v -57.8500 0.4150 38.6880
v -57.8500 0.4650 38.6880
v -58.1500 0.4650 38.6880
v -58.1500 0.4150 38.9880
v -57.8500 0.4150 38.9880
v -57.8500 0.4650 38.9880
v -58.1500 0.4650 38.9880
v -56.2000 0.2750 36.7500
v -55.8000 0.2750 36.7500
v -55.8000 0.4250 36.7500
v -56.2000 0.4250 36.7500
v -56.2000 0.2750 39.2500
v -55.8000 0.2750 39.2500
v -55.8000 0.4250 39.2500
v -56.2000 0.4250 39.2500
v -56.1500 0.4150 37.0120
v -55.8500 0.4150 37.0120
v -55.8500 0.4650 37.0120
v -56.1500 0.4650 37.0120
v -56.1500 0.4150 37.3120
v -55.8500 0.4150 37.3120
v -55.8500 0.4650 37.3120
v -56.1500 0.4650 37.3120
v -56.1500 0.4150 38.6880
v -55.8500 0.4150 38.6880
v -55.8500 0.4650 38.6880
v -56.1500 0.4650 38.6880
v -56.1500 0.4150 38.9880
v -55.8500 0.4150 38.9880
v -55.8500 0.4650 38.9880
v -56.1500 0.4650 38.9880
v -54.2000 0.2750 36.7500
v -53.8000 0.2750 36.7500
v -53.8000 0.4250 36.7500
v -54.2000 0.4250 36.7500
v -54.2000 0.2750 39.2500
v -53.8000 0.2750 39.2500
v -53.8000 0.4250 39.2500
v -54.2000 0.4250 39.2500
v -54.1500 0.4150 37.0120
v -53.8500 0.4150 37.0120
v -53.8500 0.4650 37.0120
v -54.1500 0.4650 37.0120
v -54.1500 0.4150 37.3120
v -53.8500 0.4150 37.3120
v -53.8500 0.4650 37.3120
v -54.1500 0.4650 37.3120
v -54.1500 0.4150 38.6880
v -53.8500 0.4150 38.6880
v -53.8500 0.4650 38.6880
v -54.1500 0.4650 38.6880
v -54.1500 0.4150 38.9880
v -53.8500 0.4150 38.9880
v -53.8500 0.4650 38.9880
v -54.1500 0.4650 38.9880
v -52.2000 0.2750 36.7500
v -51.8000 0.2750 36.7500
v -51.8000 0.4250 36.7500
v -52.2000 0.4250 36.7500
v -52.2000 0.2750 39.2500
v -51.8000 0.2750 39.2500
v -51.8000 0.4250 39.2500
v -52.2000 0.4250 39.2500
v -52.1500 0.4150 37.0120
v -51.8500 0.4150 37.0120
v -51.8500 0.4650 37.0120
v -52.1500 0.4650 37.0120
v -52.1500 0.4150 37.3120
v -51.8500 0.4150 37.3120
v -51.8500 0.4650 37.3120
v -52.1500 0.4650 37.3120
v -52.1500 0.4150 38.6880
v -51.8500 0.4150 38.6880
v -51.8500 0.4650 38.6880
v -52.1500 0.4650 38.6880
v -52.1500 0.4150 38.9880
v -51.8500 0.4150 38.9880
v -51.8500 0.4650 38.9880
v -52.1500 0.4650 38.9880
v -50.2000 0.2750 36.7500
v -49.8000 0.2750 36.7500
v -49.8000 0.4250 36.7500
v -50.2000 0.4250 36.7500
v -50.2000 0.2750 39.2500
v -49.8000 0.2750 39.2500
v -49.8000 0.4250 39.2500
v -50.2000 0.4250 39.2500
v -50.1500 0.4150 37.0120
v -49.8500 0.4150 37.0120
v -49.8500 0.4650 37.0120
v -50.1500 0.4650 37.0120
v -50.1500 0.4150 37.3120
v -49.8500 0.4150 37.3120
v -49.8500 0.4650 37.3120
v -50.1500 0.4650 37.3120
v -50.1500 0.4150 38.6880
v -49.8500 0.4150 38.6880
v -49.8500 0.4650 38.6880
v -50.1500 0.4650 38.6880
v -50.1500 0.4150 38.9880
v -49.8500 0.4150 38.9880
v -49.8500 0.4650 38.9880
v -50.1500 0.4650 38.9880
v -48.2000 0.2750 36.7500
v -47.8000 0.2750 36.7500
v -47.8000 0.4250 36.7500
v -48.2000 0.4250 36.7500
v -48.2000 0.2750 39.2500
v -47.8000 0.2750 39.2500
v -47.8000 0.4250 39.2500
v -48.2000 0.4250 39.2500
v -48.1500 0.4150 37.0120
v -47.8500 0.4150 37.0120
v -47.8500 0.4650 37.0120
v -48.1500 0.4650 37.0120
v -48.1500 0.4150 37.3120
v -47.8500 0.4150 37.3120
v -47.8500 0.4650 37.3120
v -48.1500 0.4650 37.3120
v -48.1500 0.4150 38.6880
v -47.8500 0.4150 38.6880
v -47.8500 0.4650 38.6880
v -48.1500 0.4650 38.6880
v -48.1500 0.4150 38.9880
v -47.8500 0.4150 38.9880
v -47.8500 0.4650 38.9880
v -48.1500 0.4650 38.9880
v -46.2000 0.2750 36.7500
v -45.8000 0.2750 36.7500
v -45.8000 0.4250 36.7500
v -46.2000 0.4250 36.7500
v -46.2000 0.2750 39.2500
v -45.8000 0.2750 39.2500
v -45.8000 0.4250 39.2500
v -46.2000 0.4250 39.2500
v -46.1500 0.4150 37.0120
v -45.8500 0.4150 37.0120
v -45.8500 0.4650 37.0120
v -46.1500 0.4650 37.0120
v -46.1500 0.4150 37.3120
v -45.8500 0.4150 37.3120
v -45.8500 0.4650 37.3120
v -46.1500 0.4650 37.3120
v -46.1500 0.4150 38.6880
v -45.8500 0.4150 38.6880
v -45.8500 0.4650 38.6880
v -46.1500 0.4650 38.6880
v -46.1500 0.4150 38.9880
v -45.8500 0.4150 38.9880
v -45.8500 0.4650 38.9880
v -46.1500 0.4650 38.9880
v -44.2000 0.2750 36.7500
v -43.8000 0.2750 36.7500
v -43.8000 0.4250 36.7500
v -44.2000 0.4250 36.7500
v -44.2000 0.2750 39.2500
v -43.8000 0.2750 39.2500
v -43.8000 0.4250 39.2500
v -44.2000 0.4250 39.2500
v -44.1500 0.4150 37.0120
v -43.8500 0.4150 37.0120
v -43.8500 0.4650 37.0120
v -44.1500 0.4650 37.0120
v -44.1500 0.4150 37.3120
v -43.8500 0.4150 37.3120
v -43.8500 0.4650 37.3120
v -44.1500 0.4650 37.3120
v -44.1500 0.4150 38.6880
v -43.8500 0.4150 38.6880
v -43.8500 0.4650 38.6880
v -44.1500 0.4650 38.6880
v -44.1500 0.4150 38.9880
v -43.8500 0.4150 38.9880
v -43.8500 0.4650 38.9880
v -44.1500 0.4650 38.9880
v -42.2000 0.2750 36.7500
v -41.8000 0.2750 36.7500
v -41.8000 0.4250 36.7500
v -42.2000 0.4250 36.7500
v -42.2000 0.2750 39.2500
v -41.8000 0.2750 39.2500
v -41.8000 0.4250 39.2500
v -42.2000 0.4250 39.2500
v -42.1500 0.4150 37.0120
v -41.8500 0.4150 37.0120
v -41.8500 0.4650 37.0120
v -42.1500 0.4650 37.0120
v -42.1500 0.4150 37.3120
v -41.8500 0.4150 37.3120
v -41.8500 0.4650 37.3120
v -42.1500 0.4650 37.3120
v -42.1500 0.4150 38.6880
v -41.8500 0.4150 38.6880
v -41.8500 0.4650 38.6880
v -42.1500 0.4650 38.6880
v -42.1500 0.4150 38.9880
v -41.8500 0.4150 38.9880
v -41.8500 0.4650 38.9880
v -42.1500 0.4650 38.9880
v -40.2000 0.2750 36.7500
v -39.8000 0.2750 36.7500
v -39.8000 0.4250 36.7500
v -40.2000 0.4250 36.7500
v -40.2000 0.2750 39.2500
v -39.8000 0.2750 39.2500
v -39.8000 0.4250 39.2500
v -40.2000 0.4250 39.2500
v -40.1500 0.4150 37.0120
v -39.8500 0.4150 37.0120
v -39.8500 0.4650 37.0120
v -40.1500 0.4650 37.0120
v -40.1500 0.4150 37.3120
v -39.8500 0.4150 37.3120
v -39.8500 0.4650 37.3120
v -40.1500 0.4650 37.3120
v -40.1500 0.4150 38.6880
v -39.8500 0.4150 38.6880
v -39.8500 0.4650 38.6880
v -40.1500 0.4650 38.6880
v -40.1500 0.4150 38.9880
v -39.8500 0.4150 38.9880
v -39.8500 0.4650 38.9880
v -40.1500 0.4650 38.9880
v -38.2000 0.2750 36.7500
v -37.8000 0.2750 36.7500
v -37.8000 0.4250 36.7500
v -38.2000 0.4250 36.7500
v -38.2000 0.2750 39.2500
v -37.8000 0.2750 39.2500
v -37.8000 0.4250 39.2500
v -38.2000 0.4250 39.2500
v -38.1500 0.4150 37.0120
v -37.8500 0.4150 37.0120
v -37.8500 0.4650 37.0120
v -38.1500 0.4650 37.0120
v -38.1500 0.4150 37.3120
v -37.8500 0.4150 37.3120
v -37.8500 0.4650 37.3120
v -38.1500 0.4650 37.3120
v -38.1500 0.4150 38.6880
v -37.8500 0.4150 38.6880
v -37.8500 0.4650 38.6880
v -38.1500 0.4650 38.6880
v -38.1500 0.4150 38.9880
v -37.8500 0.4150 38.9880
v -37.8500 0.4650 38.9880
v -38.1500 0.4650 38.9880
v -36.2000 0.2750 36.7500
v -35.8000 0.2750 36.7500
v -35.8000 0.4250 36.7500
v -36.2000 0.4250 36.7500
v -36.2000 0.2750 39.2500
v -35.8000 0.2750 39.2500
v -35.8000 0.4250 39.2500
v -36.2000 0.4250 39.2500
v -36.1500 0.4150 37.0120
v -35.8500 0.4150 37.0120
v -35.8500 0.4650 37.0120
v -36.1500 0.4650 37.0120
v -36.1500 0.4150 37.3120
v -35.8500 0.4150 37.3120
v -35.8500 0.4650 37.3120
v -36.1500 0.4650 37.3120
v -36.1500 0.4150 38.6880
v -35.8500 0.4150 38.6880
v -35.8500 0.4650 38.6880
v -36.1500 0.4650 38.6880
v -36.1500 0.4150 38.9880
v -35.8500 0.4150 38.9880
v -35.8500 0.4650 38.9880
v -36.1500 0.4650 38.9880
v -34.2000 0.2750 36.7500
v -33.8000 0.2750 36.7500
v -33.8000 0.4250 36.7500
v -34.2000 0.4250 36.7500
v -34.2000 0.2750 39.2500
v -33.8000 0.2750 39.2500
v -33.8000 0.4250 39.2500
v -34.2000 0.4250 39.2500
v -34.1500 0.4150 37.0120
v -33.8500 0.4150 37.0120
v -33.8500 0.4650 37.0120
v -34.1500 0.4650 37.0120
v -34.1500 0.4150 37.3120
v -33.8500 0.4150 37.3120
v -33.8500 0.4650 37.3120
v -34.1500 0.4650 37.3120
v -34.1500 0.4150 38.6880
v -33.8500 0.4150 38.6880
v -33.8500 0.4650 38.6880
v -34.1500 0.4650 38.6880
v -34.1500 0.4150 38.9880
v -33.8500 0.4150 38.9880
v -33.8500 0.4650 38.9880
v -34.1500 0.4650 38.9880
v -32.2000 0.2750 36.7500
v -31.8000 0.2750 36.7500
v -31.8000 0.4250 36.7500
v -32.2000 0.4250 36.7500
v -32.2000 0.2750 39.2500
v -31.8000 0.2750 39.2500
v -31.8000 0.4250 39.2500
v -32.2000 0.4250 39.2500
v -32.1500 0.4150 37.0120
v -31.8500 0.4150 37.0120
v -31.8500 0.4650 37.0120
v -32.1500 0.4650 37.0120
v -32.1500 0.4150 37.3120
v -31.8500 0.4150 37.3120
v -31.8500 0.4650 37.3120
v -32.1500 0.4650 37.3120
v -32.1500 0.4150 38.6880
v -31.8500 0.4150 38.6880
v -31.8500 0.4650 38.6880
v -32.1500 0.4650 38.6880
v -32.1500 0.4150 38.9880
v -31.8500 0.4150 38.9880
v -31.8500 0.4650 38.9880
v -32.1500 0.4650 38.9880
v -30.2000 0.2750 36.7500
v -29.8000 0.2750 36.7500
v -29.8000 0.4250 36.7500
v -30.2000 0.4250 36.7500
v -30.2000 0.2750 39.2500
v -29.8000 0.2750 39.2500
v -29.8000 0.4250 39.2500
v -30.2000 0.4250 39.2500
v -30.1500 0.4150 37.0120
v -29.8500 0.4150 37.0120
v -29.8500 0.4650 37.0120
v -30.1500 0.4650 37.0120
v -30.1500 0.4150 37.3120
v -29.8500 0.4150 37.3120
v -29.8500 0.4650 37.3120
v -30.1500 0.4650 37.3120
v -30.1500 0.4150 38.6880
v -29.8500 0.4150 38.6880
v -29.8500 0.4650 38.6880
v -30.1500 0.4650 38.6880
v -30.1500 0.4150 38.9880
v -29.8500 0.4150 38.9880
v -29.8500 0.4650 38.9880
v -30.1500 0.4650 38.9880
v -28.2000 0.2750 36.7500
v -27.8000 0.2750 36.7500
v -27.8000 0.4250 36.7500
v -28.2000 0.4250 36.7500
v -28.2000 0.2750 39.2500
v -27.8000 0.2750 39.2500
v -27.8000 0.4250 39.2500
v -28.2000 0.4250 39.2500
v -28.1500 0.4150 37.0120
v -27.8500 0.4150 37.0120
v -27.8500 0.4650 37.0120
v -28.1500 0.4650 37.0120
v -28.1500 0.4150 37.3120
v -27.8500 0.4150 37.3120
v -27.8500 0.4650 37.3120
v -28.1500 0.4650 37.3120
v -28.1500 0.4150 38.6880
v -27.8500 0.4150 38.6880
v -27.8500 0.4650 38.6880
v -28.1500 0.4650 38.6880
v -28.1500 0.4150 38.9880
v -27.8500 0.4150 38.9880
v -27.8500 0.4650 38.9880
v -28.1500 0.4650 38.9880
v -26.2000 0.2750 36.7500
v -25.8000 0.2750 36.7500
v -25.8000 0.4250 36.7500
v -26.2000 0.4250 36.7500
v -26.2000 0.2750 39.2500
v -25.8000 0.2750 39.2500
v -25.8000 0.4250 39.2500
v -26.2000 0.4250 39.2500
v -26.1500 0.4150 37.0120
v -25.8500 0.4150 37.0120
v -25.8500 0.4650 37.0120
v -26.1500 0.4650 37.0120
v -26.1500 0.4150 37.3120
v -25.8500 0.4150 37.3120
v -25.8500 0.4650 37.3120
v -26.1500 0.4650 37.3120
v -26.1500 0.4150 38.6880
v -25.8500 0.4150 38.6880
v -25.8500 0.4650 38.6880
v -26.1500 0.4650 38.6880
v -26.1500 0.4150 38.9880
v -25.8500 0.4150 38.9880
v -25.8500 0.4650 38.9880
v -26.1500 0.4650 38.9880
v -24.2000 0.2750 36.7500
v -23.8000 0.2750 36.7500
v -23.8000 0.4250 36.7500
v -24.2000 0.4250 36.7500
v -24.2000 0.2750 39.2500
v -23.8000 0.2750 39.2500
v -23.8000 0.4250 39.2500
v -24.2000 0.4250 39.2500
v -24.1500 0.4150 37.0120
v -23.8500 0.4150 37.0120
v -23.8500 0.4650 37.0120
v -24.1500 0.4650 37.0120
v -24.1500 0.4150 37.3120
v -23.8500 0.4150 37.3120
v -23.8500 0.4650 37.3120
v -24.1500 0.4650 37.3120
v -24.1500 0.4150 38.6880
v -23.8500 0.4150 38.6880
v -23.8500 0.4650 38.6880
v -24.1500 0.4650 38.6880
v -24.1500 0.4150 38.9880
v -23.8500 0.4150 38.9880
v -23.8500 0.4650 38.9880
v -24.1500 0.4650 38.9880
v -22.2000 0.2750 36.7500
v -21.8000 0.2750 36.7500
v -21.8000 0.4250 36.7500
v -22.2000 0.4250 36.7500
v -22.2000 0.2750 39.2500
v -21.8000 0.2750 39.2500
v -21.8000 0.4250 39.2500
v -22.2000 0.4250 39.2500
v -22.1500 0.4150 37.0120
v -21.8500 0.4150 37.0120
v -21.8500 0.4650 37.0120
v -22.1500 0.4650 37.0120
v -22.1500 0.4150 37.3120
v -21.8500 0.4150 37.3120
v -21.8500 0.4650 37.3120
v -22.1500 0.4650 37.3120
v -22.1500 0.4150 38.6880
v -21.8500 0.4150 38.6880
v -21.8500 0.4650 38.6880
v -22.1500 0.4650 38.6880
v -22.1500 0.4150 38.9880
v -21.8500 0.4150 38.9880
v -21.8500 0.4650 38.9880
v -22.1500 0.4650 38.9880
v -20.2000 0.2750 36.7500
v -19.8000 0.2750 36.7500
v -19.8000 0.4250 36.7500
v -20.2000 0.4250 36.7500
v -20.2000 0.2750 39.2500
v -19.8000 0.2750 39.2500
v -19.8000 0.4250 39.2500
v -20.2000 0.4250 39.2500
v -20.1500 0.4150 37.0120
v -19.8500 0.4150 37.0120
v -19.8500 0.4650 37.0120
v -20.1500 0.4650 37.0120
v -20.1500 0.4150 37.3120
v -19.8500 0.4150 37.3120
v -19.8500 0.4650 37.3120
v -20.1500 0.4650 37.3120
v -20.1500 0.4150 38.6880
v -19.8500 0.4150 38.6880
v -19.8500 0.4650 38.6880
v -20.1500 0.4650 38.6880
v -20.1500 0.4150 38.9880
v -19.8500 0.4150 38.9880
v -19.8500 0.4650 38.9880
v -20.1500 0.4650 38.9880
v -18.2000 0.2750 36.7500
v -17.8000 0.2750 36.7500
v -17.8000 0.4250 36.7500
v -18.2000 0.4250 36.7500
v -18.2000 0.2750 39.2500
v -17.8000 0.2750 39.2500
v -17.8000 0.4250 39.2500
v -18.2000 0.4250 39.2500
v -18.1500 0.4150 37.0120
v -17.8500 0.4150 37.0120
v -17.8500 0.4650 37.0120
v -18.1500 0.4650 37.0120
v -18.1500 0.4150 37.3120
v -17.8500 0.4150 37.3120
v -17.8500 0.4650 37.3120
v -18.1500 0.4650 37.3120
v -18.1500 0.4150 38.6880
v -17.8500 0.4150 38.6880
v -17.8500 0.4650 38.6880
v -18.1500 0.4650 38.6880
v -18.1500 0.4150 38.9880
v -17.8500 0.4150 38.9880
v -17.8500 0.4650 38.9880
v -18.1500 0.4650 38.9880
v -16.2000 0.2750 36.7500
v -15.8000 0.2750 36.7500
v -15.8000 0.4250 36.7500
v -16.2000 0.4250 36.7500
v -16.2000 0.2750 39.2500
v -15.8000 0.2750 39.2500
v -15.8000 0.4250 39.2500
v -16.2000 0.4250 39.2500
v -16.1500 0.4150 37.0120
v -15.8500 0.4150 37.0120
v -15.8500 0.4650 37.0120
v -16.1500 0.4650 37.0120
v -16.1500 0.4150 37.3120
v -15.8500 0.4150 37.3120
v -15.8500 0.4650 37.3120
v -16.1500 0.4650 37.3120
v -16.1500 0.4150 38.6880
v -15.8500 0.4150 38.6880
v -15.8500 0.4650 38.6880
v -16.1500 0.4650 38.6880
v -16.1500 0.4150 38.9880
v -15.8500 0.4150 38.9880
v -15.8500 0.4650 38.9880
v -16.1500 0.4650 38.9880
v -14.2000 0.2750 36.7500
v -13.8000 0.2750 36.7500
v -13.8000 0.4250 36.7500
v -14.2000 0.4250 36.7500
v -14.2000 0.2750 39.2500
v -13.8000 0.2750 39.2500
v -13.8000 0.4250 39.2500
v -14.2000 0.4250 39.2500
v -14.1500 0.4150 37.0120
v -13.8500 0.4150 37.0120
v -13.8500 0.4650 37.0120
v -14.1500 0.4650 37.0120
v -14.1500 0.4150 37.3120
v -13.8500 0.4150 37.3120
v -13.8500 0.4650 37.3120
v -14.1500 0.4650 37.3120
v -14.1500 0.4150 38.6880
v -13.8500 0.4150 38.6880
v -13.8500 0.4650 38.6880
v -14.1500 0.4650 38.6880
v -14.1500 0.4150 38.9880
v -13.8500 0.4150 38.9880
v -13.8500 0.4650 38.9880
v -14.1500 0.4650 38.9880
v -12.2000 0.2750 36.7500
v -11.8000 0.2750 36.7500
v -11.8000 0.4250 36.7500
v -12.2000 0.4250 36.7500
v -12.2000 0.2750 39.2500
v -11.8000 0.2750 39.2500
v -11.8000 0.4250 39.2500
v -12.2000 0.4250 39.2500
v -12.1500 0.4150 37.0120
v -11.8500 0.4150 37.0120
v -11.8500 0.4650 37.0120
v -12.1500 0.4650 37.0120
v -12.1500 0.4150 37.3120
v -11.8500 0.4150 37.3120
v -11.8500 0.4650 37.3120
v -12.1500 0.4650 37.3120
v -12.1500 0.4150 38.6880
v -11.8500 0.4150 38.6880
v -11.8500 0.4650 38.6880
v -12.1500 0.4650 38.6880
v -12.1500 0.4150 38.9880
v -11.8500 0.4150 38.9880
v -11.8500 0.4650 38.9880
v -12.1500 0.4650 38.9880
v -10.2000 0.2750 36.7500
v -9.8000 0.2750 36.7500
v -9.8000 0.4250 36.7500
v -10.2000 0.4250 36.7500
v -10.2000 0.2750 39.2500
v -9.8000 0.2750 39.2500
v -9.8000 0.4250 39.2500
v -10.2000 0.4250 39.2500
v -10.1500 0.4150 37.0120
v -9.8500 0.4150 37.0120
v -9.8500 0.4650 37.0120
v -10.1500 0.4650 37.0120
v -10.1500 0.4150 37.3120
v -9.8500 0.4150 37.3120
v -9.8500 0.4650 37.3120
v -10.1500 0.4650 37.3120
v -10.1500 0.4150 38.6880
v -9.8500 0.4150 38.6880
v -9.8500 0.4650 38.6880
v -10.1500 0.4650 38.6880
v -10.1500 0.4150 38.9880
v -9.8500 0.4150 38.9880
v -9.8500 0.4650 38.9880
v -10.1500 0.4650 38.9880
v -8.2000 0.2750 36.7500
v -7.8000 0.2750 36.7500
v -7.8000 0.4250 36.7500
v -8.2000 0.4250 36.7500
v -8.2000 0.2750 39.2500
v -7.8000 0.2750 39.2500
v -7.8000 0.4250 39.2500
v -8.2000 0.4250 39.2500
v -8.1500 0.4150 37.0120
v -7.8500 0.4150 37.0120
v -7.8500 0.4650 37.0120
v -8.1500 0.4650 37.0120
v -8.1500 0.4150 37.3120
v -7.8500 0.4150 37.3120
v -7.8500 0.4650 37.3120
v -8.1500 0.4650 37.3120
v -8.1500 0.4150 38.6880
v -7.8500 0.4150 38.6880
v -7.8500 0.4650 38.6880
v -8.1500 0.4650 38.6880
v -8.1500 0.4150 38.9880
v -7.8500 0.4150 38.9880
v -7.8500 0.4650 38.9880
v -8.1500 0.4650 38.9880
v -6.2000 0.2750 36.7500
v -5.8000 0.2750 36.7500
v -5.8000 0.4250 36.7500
v -6.2000 0.4250 36.7500
v -6.2000 0.2750 39.2500
v -5.8000 0.2750 39.2500
v -5.8000 0.4250 39.2500
v -6.2000 0.4250 39.2500
v -6.1500 0.4150 37.0120
v -5.8500 0.4150 37.0120
v -5.8500 0.4650 37.0120
v -6.1500 0.4650 37.0120
v -6.1500 0.4150 37.3120
v -5.8500 0.4150 37.3120
v -5.8500 0.4650 37.3120
v -6.1500 0.4650 37.3120
v -6.1500 0.4150 38.6880
v -5.8500 0.4150 38.6880
v -5.8500 0.4650 38.6880
v -6.1500 0.4650 38.6880
v -6.1500 0.4150 38.9880
v -5.8500 0.4150 38.9880
v -5.8500 0.4650 38.9880
v -6.1500 0.4650 38.9880
v -4.2000 0.2750 36.7500
v -3.8000 0.2750 36.7500
v -3.8000 0.4250 36.7500
v -4.2000 0.4250 36.7500
v -4.2000 0.2750 39.2500
v -3.8000 0.2750 39.2500
v -3.8000 0.4250 39.2500
v -4.2000 0.4250 39.2500
v -4.1500 0.4150 37.0120
v -3.8500 0.4150 37.0120
v -3.8500 0.4650 37.0120
v -4.1500 0.4650 37.0120
v -4.1500 0.4150 37.3120
v -3.8500 0.4150 37.3120
v -3.8500 0.4650 37.3120
v -4.1500 0.4650 37.3120
v -4.1500 0.4150 38.6880
v -3.8500 0.4150 38.6880
v -3.8500 0.4650 38.6880
v -4.1500 0.4650 38.6880
v -4.1500 0.4150 38.9880
v -3.8500 0.4150 38.9880
v -3.8500 0.4650 38.9880
v -4.1500 0.4650 38.9880
v -2.2000 0.2750 36.7500
v -1.8000 0.2750 36.7500
v -1.8000 0.4250 36.7500
v -2.2000 0.4250 36.7500
v -2.2000 0.2750 39.2500
v -1.8000 0.2750 39.2500
v -1.8000 0.4250 39.2500
v -2.2000 0.4250 39.2500
v -2.1500 0.4150 37.0120
v -1.8500 0.4150 37.0120
v -1.8500 0.4650 37.0120
v -2.1500 0.4650 37.0120
v -2.1500 0.4150 37.3120
v -1.8500 0.4150 37.3120
v -1.8500 0.4650 37.3120
v -2.1500 0.4650 37.3120
v -2.1500 0.4150 38.6880
v -1.8500 0.4150 38.6880
v -1.8500 0.4650 38.6880
v -2.1500 0.4650 38.6880
v -2.1500 0.4150 38.9880
v -1.8500 0.4150 38.9880
v -1.8500 0.4650 38.9880
v -2.1500 0.4650 38.9880
v -0.2000 0.2750 36.7500
v 0.2000 0.2750 36.7500
v 0.2000 0.4250 36.7500
v -0.2000 0.4250 36.7500
v -0.2000 0.2750 39.2500
v 0.2000 0.2750 39.2500
v 0.2000 0.4250 39.2500
v -0.2000 0.4250 39.2500
v -0.1500 0.4150 37.0120
v 0.1500 0.4150 37.0120
v 0.1500 0.4650 37.0120
v -0.1500 0.4650 37.0120
v -0.1500 0.4150 37.3120
v 0.1500 0.4150 37.3120
v 0.1500 0.4650 37.3120
v -0.1500 0.4650 37.3120
v -0.1500 0.4150 38.6880
v 0.1500 0.4150 38.6880
v 0.1500 0.4650 38.6880
v -0.1500 0.4650 38.6880
v -0.1500 0.4150 38.9880
v 0.1500 0.4150 38.9880
v 0.1500 0.4650 38.9880
v -0.1500 0.4650 38.9880
v 1.8000 0.2750 36.7500
v 2.2000 0.2750 36.7500
v 2.2000 0.4250 36.7500
v 1.8000 0.4250 36.7500
v 1.8000 0.2750 39.2500
v 2.2000 0.2750 39.2500
v 2.2000 0.4250 39.2500
v 1.8000 0.4250 39.2500
v 1.8500 0.4150 37.0120
v 2.1500 0.4150 37.0120
v 2.1500 0.4650 37.0120
v 1.8500 0.4650 37.0120
v 1.8500 0.4150 37.3120
v 2.1500 0.4150 37.3120
v 2.1500 0.4650 37.3120
v 1.8500 0.4650 37.3120
v 1.8500 0.4150 38.6880
v 2.1500 0.4150 38.6880
v 2.1500 0.4650 38.6880
v 1.8500 0.4650 38.6880
v 1.8500 0.4150 38.9880
v 2.1500 0.4150 38.9880
v 2.1500 0.4650 38.9880
v 1.8500 0.4650 38.9880
v 3.8000 0.2750 36.7500
v 4.2000 0.2750 36.7500
v 4.2000 0.4250 36.7500
v 3.8000 0.4250 36.7500
v 3.8000 0.2750 39.2500
v 4.2000 0.2750 39.2500
v 4.2000 0.4250 39.2500
v 3.8000 0.4250 39.2500
v 3.8500 0.4150 37.0120
v 4.1500 0.4150 37.0120
v 4.1500 0.4650 37.0120
v 3.8500 0.4650 37.0120
v 3.8500 0.4150 37.3120
v 4.1500 0.4150 37.3120
v 4.1500 0.4650 37.3120
v 3.8500 0.4650 37.3120
v 3.8500 0.4150 38.6880
v 4.1500 0.4150 38.6880
v 4.1500 0.4650 38.6880
v 3.8500 0.4650 38.6880
v 3.8500 0.4150 38.9880
v 4.1500 0.4150 38.9880
v 4.1500 0.4650 38.9880
v 3.8500 0.4650 38.9880
v 5.8000 0.2750 36.7500
v 6.2000 0.2750 36.7500
v 6.2000 0.4250 36.7500
v 5.8000 0.4250 36.7500
v 5.8000 0.2750 39.2500
v 6.2000 0.2750 39.2500
v 6.2000 0.4250 39.2500
v 5.8000 0.4250 39.2500
v 5.8500 0.4150 37.0120
v 6.1500 0.4150 37.0120
v 6.1500 0.4650 37.0120
v 5.8500 0.4650 37.0120
v 5.8500 0.4150 37.3120
v 6.1500 0.4150 37.3120
v 6.1500 0.4650 37.3120
v 5.8500 0.4650 37.3120
v 5.8500 0.4150 38.6880
v 6.1500 0.4150 38.6880
v 6.1500 0.4650 38.6880
v 5.8500 0.4650 38.6880
v 5.8500 0.4150 38.9880
v 6.1500 0.4150 38.9880
v 6.1500 0.4650 38.9880
v 5.8500 0.4650 38.9880
v 7.8000 0.2750 36.7500
v 8.2000 0.2750 36.7500
v 8.2000 0.4250 36.7500
v 7.8000 0.4250 36.7500
v 7.8000 0.2750 39.2500
v 8.2000 0.2750 39.2500
v 8.2000 0.4250 39.2500
v 7.8000 0.4250 39.2500
v 7.8500 0.4150 37.0120
v 8.1500 0.4150 37.0120
v 8.1500 0.4650 37.0120
v 7.8500 0.4650 37.0120
v 7.8500 0.4150 37.3120
v 8.1500 0.4150 37.3120
v 8.1500 0.4650 37.3120
v 7.8500 0.4650 37.3120
v 7.8500 0.4150 38.6880
v 8.1500 0.4150 38.6880
v 8.1500 0.4650 38.6880
v 7.8500 0.4650 38.6880
v 7.8500 0.4150 38.9880
v 8.1500 0.4150 38.9880
v 8.1500 0.4650 38.9880
v 7.8500 0.4650 38.9880
v 9.8000 0.2750 36.7500
v 10.2000 0.2750 36.7500
v 10.2000 0.4250 36.7500
v 9.8000 0.4250 36.7500
v 9.8000 0.2750 39.2500
v 10.2000 0.2750 39.2500
v 10.2000 0.4250 39.2500
v 9.8000 0.4250 39.2500
v 9.8500 0.4150 37.0120
v 10.1500 0.4150 37.0120
v 10.1500 0.4650 37.0120
v 9.8500 0.4650 37.0120
v 9.8500 0.4150 37.3120
v 10.1500 0.4150 37.3120
v 10.1500 0.4650 37.3120
v 9.8500 0.4650 37.3120
v 9.8500 0.4150 38.6880
v 10.1500 0.4150 38.6880
v 10.1500 0.4650 38.6880
v 9.8500 0.4650 38.6880
v 9.8500 0.4150 38.9880
v 10.1500 0.4150 38.9880
v 10.1500 0.4650 38.9880
v 9.8500 0.4650 38.9880
v 11.8000 0.2750 36.7500
v 12.2000 0.2750 36.7500
v 12.2000 0.4250 36.7500
v 11.8000 0.4250 36.7500
v 11.8000 0.2750 39.2500
v 12.2000 0.2750 39.2500
v 12.2000 0.4250 39.2500
v 11.8000 0.4250 39.2500
v 11.8500 0.4150 37.0120
v 12.1500 0.4150 37.0120
v 12.1500 0.4650 37.0120
v 11.8500 0.4650 37.0120
v 11.8500 0.4150 37.3120
v 12.1500 0.4150 37.3120
v 12.1500 0.4650 37.3120
v 11.8500 0.4650 37.3120
v 11.8500 0.4150 38.6880
v 12.1500 0.4150 38.6880
v 12.1500 0.4650 38.6880
v 11.8500 0.4650 38.6880
v 11.8500 0.4150 38.9880
v 12.1500 0.4150 38.9880
v 12.1500 0.4650 38.9880
v 11.8500 0.4650 38.9880
v 13.8000 0.2750 36.7500
v 14.2000 0.2750 36.7500
v 14.2000 0.4250 36.7500
v 13.8000 0.4250 36.7500
v 13.8000 0.2750 39.2500
v 14.2000 0.2750 39.2500
v 14.2000 0.4250 39.2500
v 13.8000 0.4250 39.2500
v 13.8500 0.4150 37.0120
v 14.1500 0.4150 37.0120
v 14.1500 0.4650 37.0120
v 13.8500 0.4650 37.0120
v 13.8500 0.4150 37.3120
v 14.1500 0.4150 37.3120
v 14.1500 0.4650 37.3120
v 13.8500 0.4650 37.3120
v 13.8500 0.4150 38.6880
v 14.1500 0.4150 38.6880
v 14.1500 0.4650 38.6880
v 13.8500 0.4650 38.6880
v 13.8500 0.4150 38.9880
v 14.1500 0.4150 38.9880
v 14.1500 0.4650 38.9880
v 13.8500 0.4650 38.9880
v 15.8000 0.2750 36.7500
v 16.2000 0.2750 36.7500
v 16.2000 0.4250 36.7500
v 15.8000 0.4250 36.7500
v 15.8000 0.2750 39.2500
v 16.2000 0.2750 39.2500
v 16.2000 0.4250 39.2500
v 15.8000 0.4250 39.2500
v 15.8500 0.4150 37.0120
v 16.1500 0.4150 37.0120
v 16.1500 0.4650 37.0120
v 15.8500 0.4650 37.0120
v 15.8500 0.4150 37.3120
v 16.1500 0.4150 37.3120
v 16.1500 0.4650 37.3120
v 15.8500 0.4650 37.3120
v 15.8500 0.4150 38.6880
v 16.1500 0.4150 38.6880
v 16.1500 0.4650 38.6880
v 15.8500 0.4650 38.6880
v 15.8500 0.4150 38.9880
v 16.1500 0.4150 38.9880
v 16.1500 0.4650 38.9880
v 15.8500 0.4650 38.9880
v 17.8000 0.2750 36.7500
v 18.2000 0.2750 36.7500
v 18.2000 0.4250 36.7500
v 17.8000 0.4250 36.7500
v 17.8000 0.2750 39.2500
v 18.2000 0.2750 39.2500
v 18.2000 0.4250 39.2500
v 17.8000 0.4250 39.2500
v 17.8500 0.4150 37.0120
v 18.1500 0.4150 37.0120
v 18.1500 0.4650 37.0120
v 17.8500 0.4650 37.0120
v 17.8500 0.4150 37.3120
v 18.1500 0.4150 37.3120
v 18.1500 0.4650 37.3120
v 17.8500 0.4650 37.3120
v 17.8500 0.4150 38.6880
v 18.1500 0.4150 38.6880
v 18.1500 0.4650 38.6880
v 17.8500 0.4650 38.6880
v 17.8500 0.4150 38.9880
v 18.1500 0.4150 38.9880
v 18.1500 0.4650 38.9880
v 17.8500 0.4650 38.9880
v 19.8000 0.2750 36.7500
v 20.2000 0.2750 36.7500
v 20.2000 0.4250 36.7500
v 19.8000 0.4250 36.7500
v 19.8000 0.2750 39.2500
v 20.2000 0.2750 39.2500
v 20.2000 0.4250 39.2500
v 19.8000 0.4250 39.2500
v 19.8500 0.4150 37.0120
v 20.1500 0.4150 37.0120
v 20.1500 0.4650 37.0120
v 19.8500 0.4650 37.0120
v 19.8500 0.4150 37.3120
v 20.1500 0.4150 37.3120
v 20.1500 0.4650 37.3120
v 19.8500 0.4650 37.3120
v 19.8500 0.4150 38.6880
v 20.1500 0.4150 38.6880
v 20.1500 0.4650 38.6880
v 19.8500 0.4650 38.6880
v 19.8500 0.4150 38.9880
v 20.1500 0.4150 38.9880
v 20.1500 0.4650 38.9880
v 19.8500 0.4650 38.9880
v 21.8000 0.2750 36.7500
v 22.2000 0.2750 36.7500
v 22.2000 0.4250 36.7500
v 21.8000 0.4250 36.7500
v 21.8000 0.2750 39.2500
v 22.2000 0.2750 39.2500
v 22.2000 0.4250 39.2500
v 21.8000 0.4250 39.2500
v 21.8500 0.4150 37.0120
v 22.1500 0.4150 37.0120
v 22.1500 0.4650 37.0120
v 21.8500 0.4650 37.0120
v 21.8500 0.4150 37.3120
v 22.1500 0.4150 37.3120
v 22.1500 0.4650 37.3120
v 21.8500 0.4650 37.3120
v 21.8500 0.4150 38.6880
v 22.1500 0.4150 38.6880
v 22.1500 0.4650 38.6880
v 21.8500 0.4650 38.6880
v 21.8500 0.4150 38.9880
v 22.1500 0.4150 38.9880
v 22.1500 0.4650 38.9880
v 21.8500 0.4650 38.9880
v 23.8000 0.2750 36.7500
v 24.2000 0.2750 36.7500
v 24.2000 0.4250 36.7500
v 23.8000 0.4250 36.7500
v 23.8000 0.2750 39.2500
v 24.2000 0.2750 39.2500
v 24.2000 0.4250 39.2500
v 23.8000 0.4250 39.2500
v 23.8500 0.4150 37.0120
v 24.1500 0.4150 37.0120
v 24.1500 0.4650 37.0120
v 23.8500 0.4650 37.0120
v 23.8500 0.4150 37.3120
v 24.1500 0.4150 37.3120
v 24.1500 0.4650 37.3120
v 23.8500 0.4650 37.3120
v 23.8500 0.4150 38.6880
v 24.1500 0.4150 38.6880
v 24.1500 0.4650 38.6880
v 23.8500 0.4650 38.6880
v 23.8500 0.4150 38.9880
v 24.1500 0.4150 38.9880
v 24.1500 0.4650 38.9880
v 23.8500 0.4650 38.9880
v 25.8000 0.2750 36.7500
v 26.2000 0.2750 36.7500
v 26.2000 0.4250 36.7500
v 25.8000 0.4250 36.7500
v 25.8000 0.2750 39.2500
v 26.2000 0.2750 39.2500
v 26.2000 0.4250 39.2500
v 25.8000 0.4250 39.2500
v 25.8500 0.4150 37.0120
v 26.1500 0.4150 37.0120
v 26.1500 0.4650 37.0120
v 25.8500 0.4650 37.0120
v 25.8500 0.4150 37.3120
v 26.1500 0.4150 37.3120
v 26.1500 0.4650 37.3120
v 25.8500 0.4650 37.3120
v 25.8500 0.4150 38.6880
v 26.1500 0.4150 38.6880
v 26.1500 0.4650 38.6880
v 25.8500 0.4650 38.6880
v 25.8500 0.4150 38.9880
v 26.1500 0.4150 38.9880
v 26.1500 0.4650 38.9880
v 25.8500 0.4650 38.9880
v 27.8000 0.2750 36.7500
v 28.2000 0.2750 36.7500
v 28.2000 0.4250 36.7500
v 27.8000 0.4250 36.7500
v 27.8000 0.2750 39.2500
v 28.2000 0.2750 39.2500
v 28.2000 0.4250 39.2500
v 27.8000 0.4250 39.2500
v 27.8500 0.4150 37.0120
v 28.1500 0.4150 37.0120
v 28.1500 0.4650 37.0120
v 27.8500 0.4650 37.0120
v 27.8500 0.4150 37.3120
v 28.1500 0.4150 37.3120
v 28.1500 0.4650 37.3120
v 27.8500 0.4650 37.3120
v 27.8500 0.4150 38.6880
v 28.1500 0.4150 38.6880
v 28.1500 0.4650 38.6880
v 27.8500 0.4650 38.6880
v 27.8500 0.4150 38.9880
v 28.1500 0.4150 38.9880
v 28.1500 0.4650 38.9880
v 27.8500 0.4650 38.9880
v 29.8000 0.2750 36.7500
v 30.2000 0.2750 36.7500
v 30.2000 0.4250 36.7500
v 29.8000 0.4250 36.7500
v 29.8000 0.2750 39.2500
v 30.2000 0.2750 39.2500
v 30.2000 0.4250 39.2500
v 29.8000 0.4250 39.2500
v 29.8500 0.4150 37.0120
v 30.1500 0.4150 37.0120
v 30.1500 0.4650 37.0120
v 29.8500 0.4650 37.0120
v 29.8500 0.4150 37.3120
v 30.1500 0.4150 37.3120
v 30.1500 0.4650 37.3120
v 29.8500 0.4650 37.3120
v 29.8500 0.4150 38.6880
v 30.1500 0.4150 38.6880
v 30.1500 0.4650 38.6880
v 29.8500 0.4650 38.6880
v 29.8500 0.4150 38.9880
v 30.1500 0.4150 38.9880
v 30.1500 0.4650 38.9880
v 29.8500 0.4650 38.9880
v 31.8000 0.2750 36.7500
v 32.2000 0.2750 36.7500
v 32.2000 0.4250 36.7500
v 31.8000 0.4250 36.7500
v 31.8000 0.2750 39.2500
v 32.2000 0.2750 39.2500
v 32.2000 0.4250 39.2500
v 31.8000 0.4250 39.2500
v 31.8500 0.4150 37.0120
v 32.1500 0.4150 37.0120
v 32.1500 0.4650 37.0120
v 31.8500 0.4650 37.0120
v 31.8500 0.4150 37.3120
v 32.1500 0.4150 37.3120
v 32.1500 0.4650 37.3120
v 31.8500 0.4650 37.3120
v 31.8500 0.4150 38.6880
v 32.1500 0.4150 38.6880
v 32.1500 0.4650 38.6880
v 31.8500 0.4650 38.6880
v 31.8500 0.4150 38.9880
v 32.1500 0.4150 38.9880
v 32.1500 0.4650 38.9880
v 31.8500 0.4650 38.9880
v 33.8000 0.2750 36.7500
v 34.2000 0.2750 36.7500
v 34.2000 0.4250 36.7500
v 33.8000 0.4250 36.7500
v 33.8000 0.2750 39.2500
v 34.2000 0.2750 39.2500
v 34.2000 0.4250 39.2500
v 33.8000 0.4250 39.2500
v 33.8500 0.4150 37.0120
v 34.1500 0.4150 37.0120
v 34.1500 0.4650 37.0120
v 33.8500 0.4650 37.0120
v 33.8500 0.4150 37.3120
v 34.1500 0.4150 37.3120
v 34.1500 0.4650 37.3120
v 33.8500 0.4650 37.3120
v 33.8500 0.4150 38.6880
v 34.1500 0.4150 38.6880
v 34.1500 0.4650 38.6880
v 33.8500 0.4650 38.6880
v 33.8500 0.4150 38.9880
v 34.1500 0.4150 38.9880
v 34.1500 0.4650 38.9880
v 33.8500 0.4650 38.9880
v 35.8000 0.2750 36.7500
v 36.2000 0.2750 36.7500
v 36.2000 0.4250 36.7500
v 35.8000 0.4250 36.7500
v 35.8000 0.2750 39.2500
v 36.2000 0.2750 39.2500
v 36.2000 0.4250 39.2500
v 35.8000 0.4250 39.2500
v 35.8500 0.4150 37.0120
v 36.1500 0.4150 37.0120
v 36.1500 0.4650 37.0120
v 35.8500 0.4650 37.0120
v 35.8500 0.4150 37.3120
v 36.1500 0.4150 37.3120
v 36.1500 0.4650 37.3120
v 35.8500 0.4650 37.3120
v 35.8500 0.4150 38.6880
v 36.1500 0.4150 38.6880
v 36.1500 0.4650 38.6880
v 35.8500 0.4650 38.6880
v 35.8500 0.4150 38.9880
v 36.1500 0.4150 38.9880
v 36.1500 0.4650 38.9880
v 35.8500 0.4650 38.9880
v 37.8000 0.2750 36.7500
v 38.2000 0.2750 36.7500
v 38.2000 0.4250 36.7500
v 37.8000 0.4250 36.7500
v 37.8000 0.2750 39.2500
v 38.2000 0.2750 39.2500
v 38.2000 0.4250 39.2500
v 37.8000 0.4250 39.2500
v 37.8500 0.4150 37.0120
v 38.1500 0.4150 37.0120
v 38.1500 0.4650 37.0120
v 37.8500 0.4650 37.0120
v 37.8500 0.4150 37.3120
v 38.1500 0.4150 37.3120
v 38.1500 0.4650 37.3120
v 37.8500 0.4650 37.3120
v 37.8500 0.4150 38.6880
v 38.1500 0.4150 38.6880
v 38.1500 0.4650 38.6880
v 37.8500 0.4650 38.6880
v 37.8500 0.4150 38.9880
v 38.1500 0.4150 38.9880
v 38.1500 0.4650 38.9880
v 37.8500 0.4650 38.9880
v 39.8000 0.2750 36.7500
v 40.2000 0.2750 36.7500
v 40.2000 0.4250 36.7500
v 39.8000 0.4250 36.7500
v 39.8000 0.2750 39.2500
v 40.2000 0.2750 39.2500
v 40.2000 0.4250 39.2500
v 39.8000 0.4250 39.2500
v 39.8500 0.4150 37.0120
v 40.1500 0.4150 37.0120
v 40.1500 0.4650 37.0120
v 39.8500 0.4650 37.0120
v 39.8500 0.4150 37.3120
v 40.1500 0.4150 37.3120
v 40.1500 0.4650 37.3120
v 39.8500 0.4650 37.3120
v 39.8500 0.4150 38.6880
v 40.1500 0.4150 38.6880
v 40.1500 0.4650 38.6880
v 39.8500 0.4650 38.6880
v 39.8500 0.4150 38.9880
v 40.1500 0.4150 38.9880
v 40.1500 0.4650 38.9880
v 39.8500 0.4650 38.9880
v 41.8000 0.2750 36.7500
v 42.2000 0.2750 36.7500
v 42.2000 0.4250 36.7500
v 41.8000 0.4250 36.7500
v 41.8000 0.2750 39.2500
v 42.2000 0.2750 39.2500
v 42.2000 0.4250 39.2500
v 41.8000 0.4250 39.2500
v 41.8500 0.4150 37.0120
v 42.1500 0.4150 37.0120
v 42.1500 0.4650 37.0120
v 41.8500 0.4650 37.0120
v 41.8500 0.4150 37.3120
v 42.1500 0.4150 37.3120
v 42.1500 0.4650 37.3120
v 41.8500 0.4650 37.3120
v 41.8500 0.4150 38.6880
v 42.1500 0.4150 38.6880
v 42.1500 0.4650 38.6880
v 41.8500 0.4650 38.6880
v 41.8500 0.4150 38.9880
v 42.1500 0.4150 38.9880
v 42.1500 0.4650 38.9880
v 41.8500 0.4650 38.9880
v 43.8000 0.2750 36.7500
v 44.2000 0.2750 36.7500
v 44.2000 0.4250 36.7500
v 43.8000 0.4250 36.7500
v 43.8000 0.2750 39.2500
v 44.2000 0.2750 39.2500
v 44.2000 0.4250 39.2500
v 43.8000 0.4250 39.2500
v 43.8500 0.4150 37.0120
v 44.1500 0.4150 37.0120
v 44.1500 0.4650 37.0120
v 43.8500 0.4650 37.0120
v 43.8500 0.4150 37.3120
v 44.1500 0.4150 37.3120
v 44.1500 0.4650 37.3120
v 43.8500 0.4650 37.3120
v 43.8500 0.4150 38.6880
v 44.1500 0.4150 38.6880
v 44.1500 0.4650 38.6880
v 43.8500 0.4650 38.6880
v 43.8500 0.4150 38.9880
v 44.1500 0.4150 38.9880
v 44.1500 0.4650 38.9880
v 43.8500 0.4650 38.9880
v 45.8000 0.2750 36.7500
v 46.2000 0.2750 36.7500
v 46.2000 0.4250 36.7500
v 45.8000 0.4250 36.7500
v 45.8000 0.2750 39.2500
v 46.2000 0.2750 39.2500
v 46.2000 0.4250 39.2500
v 45.8000 0.4250 39.2500
v 45.8500 0.4150 37.0120
v 46.1500 0.4150 37.0120
v 46.1500 0.4650 37.0120
v 45.8500 0.4650 37.0120
v 45.8500 0.4150 37.3120
v 46.1500 0.4150 37.3120
v 46.1500 0.4650 37.3120
v 45.8500 0.4650 37.3120
v 45.8500 0.4150 38.6880
v 46.1500 0.4150 38.6880
v 46.1500 0.4650 38.6880
v 45.8500 0.4650 38.6880
v 45.8500 0.4150 38.9880
v 46.1500 0.4150 38.9880
v 46.1500 0.4650 38.9880
v 45.8500 0.4650 38.9880
v 47.8000 0.2750 36.7500
v 48.2000 0.2750 36.7500
v 48.2000 0.4250 36.7500
v 47.8000 0.4250 36.7500
v 47.8000 0.2750 39.2500
v 48.2000 0.2750 39.2500
v 48.2000 0.4250 39.2500
v 47.8000 0.4250 39.2500
v 47.8500 0.4150 37.0120
v 48.1500 0.4150 37.0120
v 48.1500 0.4650 37.0120
v 47.8500 0.4650 37.0120
v 47.8500 0.4150 37.3120
v 48.1500 0.4150 37.3120
v 48.1500 0.4650 37.3120
v 47.8500 0.4650 37.3120
v 47.8500 0.4150 38.6880
v 48.1500 0.4150 38.6880
v 48.1500 0.4650 38.6880
v 47.8500 0.4650 38.6880
v 47.8500 0.4150 38.9880
v 48.1500 0.4150 38.9880
v 48.1500 0.4650 38.9880
v 47.8500 0.4650 38.9880
v 49.8000 0.2750 36.7500
v 50.2000 0.2750 36.7500
v 50.2000 0.4250 36.7500
v 49.8000 0.4250 36.7500
v 49.8000 0.2750 39.2500
v 50.2000 0.2750 39.2500
v 50.2000 0.4250 39.2500
v 49.8000 0.4250 39.2500
v 49.8500 0.4150 37.0120
v 50.1500 0.4150 37.0120
v 50.1500 0.4650 37.0120
v 49.8500 0.4650 37.0120
v 49.8500 0.4150 37.3120
v 50.1500 0.4150 37.3120
v 50.1500 0.4650 37.3120
v 49.8500 0.4650 37.3120
v 49.8500 0.4150 38.6880
v 50.1500 0.4150 38.6880
v 50.1500 0.4650 38.6880
v 49.8500 0.4650 38.6880
v 49.8500 0.4150 38.9880
v 50.1500 0.4150 38.9880
v 50.1500 0.4650 38.9880
v 49.8500 0.4650 38.9880
v 51.8000 0.2750 36.7500
v 52.2000 0.2750 36.7500
v 52.2000 0.4250 36.7500
v 51.8000 0.4250 36.7500
v 51.8000 0.2750 39.2500
v 52.2000 0.2750 39.2500
v 52.2000 0.4250 39.2500
v 51.8000 0.4250 39.2500
v 51.8500 0.4150 37.0120
v 52.1500 0.4150 37.0120
v 52.1500 0.4650 37.0120
v 51.8500 0.4650 37.0120
v 51.8500 0.4150 37.3120
v 52.1500 0.4150 37.3120
v 52.1500 0.4650 37.3120
v 51.8500 0.4650 37.3120
v 51.8500 0.4150 38.6880
v 52.1500 0.4150 38.6880
v 52.1500 0.4650 38.6880
v 51.8500 0.4650 38.6880
v 51.8500 0.4150 38.9880
v 52.1500 0.4150 38.9880
v 52.1500 0.4650 38.9880
v 51.8500 0.4650 38.9880
v 53.8000 0.2750 36.7500
v 54.2000 0.2750 36.7500
v 54.2000 0.4250 36.7500
v 53.8000 0.4250 36.7500
v 53.8000 0.2750 39.2500
v 54.2000 0.2750 39.2500
v 54.2000 0.4250 39.2500
v 53.8000 0.4250 39.2500
v 53.8500 0.4150 37.0120
v 54.1500 0.4150 37.0120
v 54.1500 0.4650 37.0120
v 53.8500 0.4650 37.0120
v 53.8500 0.4150 37.3120
v 54.1500 0.4150 37.3120
v 54.1500 0.4650 37.3120
v 53.8500 0.4650 37.3120
v 53.8500 0.4150 38.6880
v 54.1500 0.4150 38.6880
v 54.1500 0.4650 38.6880
v 53.8500 0.4650 38.6880
v 53.8500 0.4150 38.9880
v 54.1500 0.4150 38.9880
v 54.1500 0.4650 38.9880
v 53.8500 0.4650 38.9880
v 55.8000 0.2750 36.7500
v 56.2000 0.2750 36.7500
v 56.2000 0.4250 36.7500
v 55.8000 0.4250 36.7500
v 55.8000 0.2750 39.2500
v 56.2000 0.2750 39.2500
v 56.2000 0.4250 39.2500
v 55.8000 0.4250 39.2500
v 55.8500 0.4150 37.0120
v 56.1500 0.4150 37.0120
v 56.1500 0.4650 37.0120
v 55.8500 0.4650 37.0120
v 55.8500 0.4150 37.3120
v 56.1500 0.4150 37.3120
v 56.1500 0.4650 37.3120
v 55.8500 0.4650 37.3120
v 55.8500 0.4150 38.6880
v 56.1500 0.4150 38.6880
v 56.1500 0.4650 38.6880
v 55.8500 0.4650 38.6880
v 55.8500 0.4150 38.9880
v 56.1500 0.4150 38.9880
v 56.1500 0.4650 38.9880
v 55.8500 0.4650 38.9880
v 57.8000 0.2750 36.7500
v 58.2000 0.2750 36.7500
v 58.2000 0.4250 36.7500
v 57.8000 0.4250 36.7500
v 57.8000 0.2750 39.2500
v 58.2000 0.2750 39.2500
v 58.2000 0.4250 39.2500
v 57.8000 0.4250 39.2500
v 57.8500 0.4150 37.0120
v 58.1500 0.4150 37.0120
v 58.1500 0.4650 37.0120
v 57.8500 0.4650 37.0120
v 57.8500 0.4150 37.3120
v 58.1500 0.4150 37.3120
v 58.1500 0.4650 37.3120
v 57.8500 0.4650 37.3120
v 57.8500 0.4150 38.6880
v 58.1500 0.4150 38.6880
v 58.1500 0.4650 38.6880
v 57.8500 0.4650 38.6880
v 57.8500 0.4150 38.9880
v 58.1500 0.4150 38.9880
v 58.1500 0.4650 38.9880
v 57.8500 0.4650 38.9880
v 59.8000 0.2750 36.7500
v 60.2000 0.2750 36.7500
v 60.2000 0.4250 36.7500
v 59.8000 0.4250 36.7500
v 59.8000 0.2750 39.2500
v 60.2000 0.2750 39.2500
v 60.2000 0.4250 39.2500
v 59.8000 0.4250 39.2500
v 59.8500 0.4150 37.0120
v 60.1500 0.4150 37.0120
v 60.1500 0.4650 37.0120
v 59.8500 0.4650 37.0120
v 59.8500 0.4150 37.3120
v 60.1500 0.4150 37.3120
v 60.1500 0.4650 37.3120
v 59.8500 0.4650 37.3120
v 59.8500 0.4150 38.6880
v 60.1500 0.4150 38.6880
v 60.1500 0.4650 38.6880
v 59.8500 0.4650 38.6880
v 59.8500 0.4150 38.9880
v 60.1500 0.4150 38.9880
v 60.1500 0.4650 38.9880
v 59.8500 0.4650 38.9880
v 61.8000 0.2750 36.7500
v 62.2000 0.2750 36.7500
v 62.2000 0.4250 36.7500
v 61.8000 0.4250 36.7500
v 61.8000 0.2750 39.2500
v 62.2000 0.2750 39.2500
v 62.2000 0.4250 39.2500
v 61.8000 0.4250 39.2500
v 61.8500 0.4150 37.0120
v 62.1500 0.4150 37.0120
v 62.1500 0.4650 37.0120
v 61.8500 0.4650 37.0120
v 61.8500 0.4150 37.3120
v 62.1500 0.4150 37.3120
v 62.1500 0.4650 37.3120
v 61.8500 0.4650 37.3120
v 61.8500 0.4150 38.6880
v 62.1500 0.4150 38.6880
v 62.1500 0.4650 38.6880
v 61.8500 0.4650 38.6880
v 61.8500 0.4150 38.9880
v 62.1500 0.4150 38.9880
v 62.1500 0.4650 38.9880
v 61.8500 0.4650 38.9880
v 63.8000 0.2750 36.7500
v 64.2000 0.2750 36.7500
v 64.2000 0.4250 36.7500
v 63.8000 0.4250 36.7500
v 63.8000 0.2750 39.2500
v 64.2000 0.2750 39.2500
v 64.2000 0.4250 39.2500
v 63.8000 0.4250 39.2500
v 63.8500 0.4150 37.0120
v 64.1500 0.4150 37.0120
v 64.1500 0.4650 37.0120
v 63.8500 0.4650 37.0120
v 63.8500 0.4150 37.3120
v 64.1500 0.4150 37.3120
v 64.1500 0.4650 37.3120
v 63.8500 0.4650 37.3120
v 63.8500 0.4150 38.6880
v 64.1500 0.4150 38.6880
v 64.1500 0.4650 38.6880
v 63.8500 0.4650 38.6880
v 63.8500 0.4150 38.9880
v 64.1500 0.4150 38.9880
v 64.1500 0.4650 38.9880
v 63.8500 0.4650 38.9880
v 65.8000 0.2750 36.7500
v 66.2000 0.2750 36.7500
v 66.2000 0.4250 36.7500
v 65.8000 0.4250 36.7500
v 65.8000 0.2750 39.2500
v 66.2000 0.2750 39.2500
v 66.2000 0.4250 39.2500
v 65.8000 0.4250 39.2500
v 65.8500 0.4150 37.0120
v 66.1500 0.4150 37.0120
v 66.1500 0.4650 37.0120
v 65.8500 0.4650 37.0120
v 65.8500 0.4150 37.3120
v 66.1500 0.4150 37.3120
v 66.1500 0.4650 37.3120
v 65.8500 0.4650 37.3120
v 65.8500 0.4150 38.6880
v 66.1500 0.4150 38.6880
v 66.1500 0.4650 38.6880
v 65.8500 0.4650 38.6880
v 65.8500 0.4150 38.9880
v 66.1500 0.4150 38.9880
v 66.1500 0.4650 38.9880
v 65.8500 0.4650 38.9880
v 67.8000 0.2750 36.7500
v 68.2000 0.2750 36.7500
v 68.2000 0.4250 36.7500
v 67.8000 0.4250 36.7500
v 67.8000 0.2750 39.2500
v 68.2000 0.2750 39.2500
v 68.2000 0.4250 39.2500
v 67.8000 0.4250 39.2500
v 67.8500 0.4150 37.0120
v 68.1500 0.4150 37.0120
v 68.1500 0.4650 37.0120
v 67.8500 0.4650 37.0120
v 67.8500 0.4150 37.3120
v 68.1500 0.4150 37.3120
v 68.1500 0.4650 37.3120
v 67.8500 0.4650 37.3120
v 67.8500 0.4150 38.6880
v 68.1500 0.4150 38.6880
v 68.1500 0.4650 38.6880
v 67.8500 0.4650 38.6880
v 67.8500 0.4150 38.9880
v 68.1500 0.4150 38.9880
v 68.1500 0.4650 38.9880
v 67.8500 0.4650 38.9880
v 69.8000 0.2750 36.7500
v 70.2000 0.2750 36.7500
v 70.2000 0.4250 36.7500
v 69.8000 0.4250 36.7500
v 69.8000 0.2750 39.2500
v 70.2000 0.2750 39.2500
v 70.2000 0.4250 39.2500
v 69.8000 0.4250 39.2500
v 69.8500 0.4150 37.0120
v 70.1500 0.4150 37.0120
v 70.1500 0.4650 37.0120
v 69.8500 0.4650 37.0120
v 69.8500 0.4150 37.3120
v 70.1500 0.4150 37.3120
v 70.1500 0.4650 37.3120
v 69.8500 0.4650 37.3120
v 69.8500 0.4150 38.6880
v 70.1500 0.4150 38.6880
v 70.1500 0.4650 38.6880
v 69.8500 0.4650 38.6880
v 69.8500 0.4150 38.9880
v 70.1500 0.4150 38.9880
v 70.1500 0.4650 38.9880
v 69.8500 0.4650 38.9880
v 71.8000 0.2750 36.7500
v 72.2000 0.2750 36.7500
v 72.2000 0.4250 36.7500
v 71.8000 0.4250 36.7500
v 71.8000 0.2750 39.2500
v 72.2000 0.2750 39.2500
v 72.2000 0.4250 39.2500
v 71.8000 0.4250 39.2500
v 71.8500 0.4150 37.0120
v 72.1500 0.4150 37.0120
v 72.1500 0.4650 37.0120
v 71.8500 0.4650 37.0120
v 71.8500 0.4150 37.3120
v 72.1500 0.4150 37.3120
v 72.1500 0.4650 37.3120
v 71.8500 0.4650 37.3120
v 71.8500 0.4150 38.6880
v 72.1500 0.4150 38.6880
v 72.1500 0.4650 38.6880
v 71.8500 0.4650 38.6880
v 71.8500 0.4150 38.9880
v 72.1500 0.4150 38.9880
v 72.1500 0.4650 38.9880
v 71.8500 0.4650 38.9880
v 73.8000 0.2750 36.7500
v 74.2000 0.2750 36.7500
v 74.2000 0.4250 36.7500
v 73.8000 0.4250 36.7500
v 73.8000 0.2750 39.2500
v 74.2000 0.2750 39.2500
v 74.2000 0.4250 39.2500
v 73.8000 0.4250 39.2500
v 73.8500 0.4150 37.0120
v 74.1500 0.4150 37.0120
v 74.1500 0.4650 37.0120
v 73.8500 0.4650 37.0120
v 73.8500 0.4150 37.3120
v 74.1500 0.4150 37.3120
v 74.1500 0.4650 37.3120
v 73.8500 0.4650 37.3120
v 73.8500 0.4150 38.6880
v 74.1500 0.4150 38.6880
v 74.1500 0.4650 38.6880
v 73.8500 0.4650 38.6880
v 73.8500 0.4150 38.9880
v 74.1500 0.4150 38.9880
v 74.1500 0.4650 38.9880
v 73.8500 0.4650 38.9880
v 75.8000 0.2750 36.7500
v 76.2000 0.2750 36.7500
v 76.2000 0.4250 36.7500
v 75.8000 0.4250 36.7500
v 75.8000 0.2750 39.2500
v 76.2000 0.2750 39.2500
v 76.2000 0.4250 39.2500
v 75.8000 0.4250 39.2500
v 75.8500 0.4150 37.0120
v 76.1500 0.4150 37.0120
v 76.1500 0.4650 37.0120
v 75.8500 0.4650 37.0120
v 75.8500 0.4150 37.3120
v 76.1500 0.4150 37.3120
v 76.1500 0.4650 37.3120
v 75.8500 0.4650 37.3120
v 75.8500 0.4150 38.6880
v 76.1500 0.4150 38.6880
v 76.1500 0.4650 38.6880
v 75.8500 0.4650 38.6880
v 75.8500 0.4150 38.9880
v 76.1500 0.4150 38.9880
v 76.1500 0.4650 38.9880
v 75.8500 0.4650 38.9880
v 77.8000 0.2750 36.7500
v 78.2000 0.2750 36.7500
v 78.2000 0.4250 36.7500
v 77.8000 0.4250 36.7500
v 77.8000 0.2750 39.2500
v 78.2000 0.2750 39.2500
v 78.2000 0.4250 39.2500
v 77.8000 0.4250 39.2500
v 77.8500 0.4150 37.0120
v 78.1500 0.4150 37.0120
v 78.1500 0.4650 37.0120
v 77.8500 0.4650 37.0120
v 77.8500 0.4150 37.3120
v 78.1500 0.4150 37.3120
v 78.1500 0.4650 37.3120
v 77.8500 0.4650 37.3120
v 77.8500 0.4150 38.6880
v 78.1500 0.4150 38.6880
v 78.1500 0.4650 38.6880
v 77.8500 0.4650 38.6880
v 77.8500 0.4150 38.9880
v 78.1500 0.4150 38.9880
v 78.1500 0.4650 38.9880
v 77.8500 0.4650 38.9880
v 79.8000 0.2750 36.7500
v 80.2000 0.2750 36.7500
v 80.2000 0.4250 36.7500
v 79.8000 0.4250 36.7500
v 79.8000 0.2750 39.2500
v 80.2000 0.2750 39.2500
v 80.2000 0.4250 39.2500
v 79.8000 0.4250 39.2500
v 79.8500 0.4150 37.0120
v 80.1500 0.4150 37.0120
v 80.1500 0.4650 37.0120
v 79.8500 0.4650 37.0120
v 79.8500 0.4150 37.3120
v 80.1500 0.4150 37.3120
v 80.1500 0.4650 37.3120
v 79.8500 0.4650 37.3120
v 79.8500 0.4150 38.6880
v 80.1500 0.4150 38.6880
v 80.1500 0.4650 38.6880
v 79.8500 0.4650 38.6880
v 79.8500 0.4150 38.9880
v 80.1500 0.4150 38.9880
v 80.1500 0.4650 38.9880
v 79.8500 0.4650 38.9880
v 81.8000 0.2750 36.7500
v 82.2000 0.2750 36.7500
v 82.2000 0.4250 36.7500
v 81.8000 0.4250 36.7500
v 81.8000 0.2750 39.2500
v 82.2000 0.2750 39.2500
v 82.2000 0.4250 39.2500
v 81.8000 0.4250 39.2500
v 81.8500 0.4150 37.0120
v 82.1500 0.4150 37.0120
v 82.1500 0.4650 37.0120
v 81.8500 0.4650 37.0120
v 81.8500 0.4150 37.3120
v 82.1500 0.4150 37.3120
v 82.1500 0.4650 37.3120
v 81.8500 0.4650 37.3120
v 81.8500 0.4150 38.6880
v 82.1500 0.4150 38.6880
v 82.1500 0.4650 38.6880
v 81.8500 0.4650 38.6880
v 81.8500 0.4150 38.9880
v 82.1500 0.4150 38.9880
v 82.1500 0.4650 38.9880
v 81.8500 0.4650 38.9880
v 83.8000 0.2750 36.7500
v 84.2000 0.2750 36.7500
v 84.2000 0.4250 36.7500
v 83.8000 0.4250 36.7500
v 83.8000 0.2750 39.2500
v 84.2000 0.2750 39.2500
v 84.2000 0.4250 39.2500
v 83.8000 0.4250 39.2500
v 83.8500 0.4150 37.0120
v 84.1500 0.4150 37.0120
v 84.1500 0.4650 37.0120
v 83.8500 0.4650 37.0120
v 83.8500 0.4150 37.3120
v 84.1500 0.4150 37.3120
v 84.1500 0.4650 37.3120
v 83.8500 0.4650 37.3120
v 83.8500 0.4150 38.6880
v 84.1500 0.4150 38.6880
v 84.1500 0.4650 38.6880
v 83.8500 0.4650 38.6880
v 83.8500 0.4150 38.9880
v 84.1500 0.4150 38.9880
v 84.1500 0.4650 38.9880
v 83.8500 0.4650 38.9880
v 85.8000 0.2750 36.7500
v 86.2000 0.2750 36.7500
v 86.2000 0.4250 36.7500
v 85.8000 0.4250 36.7500
v 85.8000 0.2750 39.2500
v 86.2000 0.2750 39.2500
v 86.2000 0.4250 39.2500
v 85.8000 0.4250 39.2500
v 85.8500 0.4150 37.0120
v 86.1500 0.4150 37.0120
v 86.1500 0.4650 37.0120
v 85.8500 0.4650 37.0120
v 85.8500 0.4150 37.3120
v 86.1500 0.4150 37.3120
v 86.1500 0.4650 37.3120
v 85.8500 0.4650 37.3120
v 85.8500 0.4150 38.6880
v 86.1500 0.4150 38.6880
v 86.1500 0.4650 38.6880
v 85.8500 0.4650 38.6880
v 85.8500 0.4150 38.9880
v 86.1500 0.4150 38.9880
v 86.1500 0.4650 38.9880
v 85.8500 0.4650 38.9880
v 87.8000 0.2750 36.7500
v 88.2000 0.2750 36.7500
v 88.2000 0.4250 36.7500
v 87.8000 0.4250 36.7500
v 87.8000 0.2750 39.2500
v 88.2000 0.2750 39.2500
v 88.2000 0.4250 39.2500
v 87.8000 0.4250 39.2500
v 87.8500 0.4150 37.0120
v 88.1500 0.4150 37.0120
v 88.1500 0.4650 37.0120
v 87.8500 0.4650 37.0120
v 87.8500 0.4150 37.3120
v 88.1500 0.4150 37.3120
v 88.1500 0.4650 37.3120
v 87.8500 0.4650 37.3120
v 87.8500 0.4150 38.6880
v 88.1500 0.4150 38.6880
v 88.1500 0.4650 38.6880
v 87.8500 0.4650 38.6880
v 87.8500 0.4150 38.9880
v 88.1500 0.4150 38.9880
v 88.1500 0.4650 38.9880
v 87.8500 0.4650 38.9880
v -90.0000 0.4500 37.1020
v 90.0000 0.4500 37.1020
v 90.0000 0.6500 37.1020
v -90.0000 0.6500 37.1020
v -90.0000 0.4500 37.2220
v 90.0000 0.4500 37.2220
v 90.0000 0.6500 37.2220
v -90.0000 0.6500 37.2220
v -90.0000 0.4500 38.7780
v 90.0000 0.4500 38.7780
v 90.0000 0.6500 38.7780
v -90.0000 0.6500 38.7780
v -90.0000 0.4500 38.8980
v 90.0000 0.4500 38.8980
v 90.0000 0.6500 38.8980
v -90.0000 0.6500 38.8980
v -90.0000 0.0000 42.4000
v 90.0000 0.0000 42.4000
v 90.0000 0.3000 42.4000
v -90.0000 0.3000 42.4000
v -90.0000 0.0000 45.6000
v 90.0000 0.0000 45.6000
v 90.0000 0.3000 45.6000
v -90.0000 0.3000 45.6000
v -88.2000 0.2750 42.7500
v -87.8000 0.2750 42.7500
v -87.8000 0.4250 42.7500
v -88.2000 0.4250 42.7500
v -88.2000 0.2750 45.2500
v -87.8000 0.2750 45.2500
v -87.8000 0.4250 45.2500
v -88.2000 0.4250 45.2500
v -88.1500 0.4150 43.0120
v -87.8500 0.4150 43.0120
v -87.8500 0.4650 43.0120
v -88.1500 0.4650 43.0120
v -88.1500 0.4150 43.3120
v -87.8500 0.4150 43.3120
v -87.8500 0.4650 43.3120
v -88.1500 0.4650 43.3120
v -88.1500 0.4150 44.6880
v -87.8500 0.4150 44.6880
v -87.8500 0.4650 44.6880
v -88.1500 0.4650 44.6880
v -88.1500 0.4150 44.9880
v -87.8500 0.4150 44.9880
v -87.8500 0.4650 44.9880
v -88.1500 0.4650 44.9880
v -86.2000 0.2750 42.7500
v -85.8000 0.2750 42.7500
v -85.8000 0.4250 42.7500
v -86.2000 0.4250 42.7500
v -86.2000 0.2750 45.2500
v -85.8000 0.2750 45.2500
v -85.8000 0.4250 45.2500
v -86.2000 0.4250 45.2500
v -86.1500 0.4150 43.0120
v -85.8500 0.4150 43.0120
v -85.8500 0.4650 43.0120
v -86.1500 0.4650 43.0120
v -86.1500 0.4150 43.3120
v -85.8500 0.4150 43.3120
v -85.8500 0.4650 43.3120
v -86.1500 0.4650 43.3120
v -86.1500 0.4150 44.6880
v -85.8500 0.4150 44.6880
v -85.8500 0.4650 44.6880
v -86.1500 0.4650 44.6880
v -86.1500 0.4150 44.9880
v -85.8500 0.4150 44.9880
v -85.8500 0.4650 44.9880
v -86.1500 0.4650 44.9880
v -84.2000 0.2750 42.7500
v -83.8000 0.2750 42.7500
v -83.8000 0.4250 42.7500
v -84.2000 0.4250 42.7500
v -84.2000 0.2750 45.2500
v -83.8000 0.2750 45.2500
v -83.8000 0.4250 45.2500
v -84.2000 0.4250 45.2500
v -84.1500 0.4150 43.0120
v -83.8500 0.4150 43.0120
v -83.8500 0.4650 43.0120
v -84.1500 0.4650 43.0120
v -84.1500 0.4150 43.3120
v -83.8500 0.4150 43.3120
v -83.8500 0.4650 43.3120
v -84.1500 0.4650 43.3120
v -84.1500 0.4150 44.6880
v -83.8500 0.4150 44.6880
v -83.8500 0.4650 44.6880
v -84.1500 0.4650 44.6880
v -84.1500 0.4150 44.9880
v -83.8500 0.4150 44.9880
v -83.8500 0.4650 44.9880
v -84.1500 0.4650 44.9880
v -82.2000 0.2750 42.7500
v -81.8000 0.2750 42.7500
v -81.8000 0.4250 42.7500
v -82.2000 0.4250 42.7500
v -82.2000 0.2750 45.2500
v -81.8000 0.2750 45.2500
v -81.8000 0.4250 45.2500
v -82.2000 0.4250 45.2500
v -82.1500 0.4150 43.0120
v -81.8500 0.4150 43.0120
v -81.8500 0.4650 43.0120
v -82.1500 0.4650 43.0120
v -82.1500 0.4150 43.3120
v -81.8500 0.4150 43.3120
v -81.8500 0.4650 43.3120
v -82.1500 0.4650 43.3120
v -82.1500 0.4150 44.6880
v -81.8500 0.4150 44.6880
v -81.8500 0.4650 44.6880
v -82.1500 0.4650 44.6880
v -82.1500 0.4150 44.9880
v -81.8500 0.4150 44.9880
v -81.8500 0.4650 44.9880
v -82.1500 0.4650 44.9880
v -80.2000 0.2750 42.7500
v -79.8000 0.2750 42.7500
v -79.8000 0.4250 42.7500
v -80.2000 0.4250 42.7500
v -80.2000 0.2750 45.2500
v -79.8000 0.2750 45.2500
v -79.8000 0.4250 45.2500
v -80.2000 0.4250 45.2500
v -80.1500 0.4150 43.0120
v -79.8500 0.4150 43.0120
v -79.8500 0.4650 43.0120
v -80.1500 0.4650 43.0120
v -80.1500 0.4150 43.3120
v -79.8500 0.4150 43.3120
v -79.8500 0.4650 43.3120
v -80.1500 0.4650 43.3120
v -80.1500 0.4150 44.6880
v -79.8500 0.4150 44.6880
v -79.8500 0.4650 44.6880
v -80.1500 0.4650 44.6880
v -80.1500 0.4150 44.9880
v -79.8500 0.4150 44.9880
v -79.8500 0.4650 44.9880
v -80.1500 0.4650 44.9880
v -78.2000 0.2750 42.7500
v -77.8000 0.2750 42.7500
v -77.8000 0.4250 42.7500
v -78.2000 0.4250 42.7500
v -78.2000 0.2750 45.2500
v -77.8000 0.2750 45.2500
v -77.8000 0.4250 45.2500
v -78.2000 0.4250 45.2500
v -78.1500 0.4150 43.0120
v -77.8500 0.4150 43.0120
v -77.8500 0.4650 43.0120
v -78.1500 0.4650 43.0120
v -78.1500 0.4150 43.3120
v -77.8500 0.4150 43.3120
v -77.8500 0.4650 43.3120
v -78.1500 0.4650 43.3120
v -78.1500 0.4150 44.6880
v -77.8500 0.4150 44.6880
v -77.8500 0.4650 44.6880
v -78.1500 0.4650 44.6880
v -78.1500 0.4150 44.9880
v -77.8500 0.4150 44.9880
v -77.8500 0.4650 44.9880
v -78.1500 0.4650 44.9880
v -76.2000 0.2750 42.7500
v -75.8000 0.2750 42.7500
v -75.8000 0.4250 42.7500
v -76.2000 0.4250 42.7500
v -76.2000 0.2750 45.2500
v -75.8000 0.2750 45.2500
v -75.8000 0.4250 45.2500
v -76.2000 0.4250 45.2500
v -76.1500 0.4150 43.0120
v -75.8500 0.4150 43.0120
v -75.8500 0.4650 43.0120
v -76.1500 0.4650 43.0120
v -76.1500 0.4150 43.3120
v -75.8500 0.4150 43.3120
v -75.8500 0.4650 43.3120
v -76.1500 0.4650 43.3120
v -76.1500 0.4150 44.6880
v -75.8500 0.4150 44.6880
v -75.8500 0.4650 44.6880
v -76.1500 0.4650 44.6880
v -76.1500 0.4150 44.9880
v -75.8500 0.4150 44.9880
v -75.8500 0.4650 44.9880
v -76.1500 0.4650 44.9880
v -74.2000 0.2750 42.7500
v -73.8000 0.2750 42.7500
v -73.8000 0.4250 42.7500
v -74.2000 0.4250 42.7500
v -74.2000 0.2750 45.2500
v -73.8000 0.2750 45.2500
v -73.8000 0.4250 45.2500
v -74.2000 0.4250 45.2500
v -74.1500 0.4150 43.0120
v -73.8500 0.4150 43.0120
v -73.8500 0.4650 43.0120
v -74.1500 0.4650 43.0120
v -74.1500 0.4150 43.3120
v -73.8500 0.4150 43.3120
v -73.8500 0.4650 43.3120
v -74.1500 0.4650 43.3120
v -74.1500 0.4150 44.6880
v -73.8500 0.4150 44.6880
v -73.8500 0.4650 44.6880
v -74.1500 0.4650 44.6880
v -74.1500 0.4150 44.9880
v -73.8500 0.4150 44.9880
v -73.8500 0.4650 44.9880
v -74.1500 0.4650 44.9880
v -72.2000 0.2750 42.7500
v -71.8000 0.2750 42.7500
v -71.8000 0.4250 42.7500
v -72.2000 0.4250 42.7500
v -72.2000 0.2750 45.2500
v -71.8000 0.2750 45.2500
v -71.8000 0.4250 45.2500
v -72.2000 0.4250 45.2500
v -72.1500 0.4150 43.0120
v -71.8500 0.4150 43.0120
v -71.8500 0.4650 43.0120
v -72.1500 0.4650 43.0120
v -72.1500 0.4150 43.3120
v -71.8500 0.4150 43.3120
v -71.8500 0.4650 43.3120
v -72.1500 0.4650 43.3120
v -72.1500 0.4150 44.6880
v -71.8500 0.4150 44.6880
v -71.8500 0.4650 44.6880
v -72.1500 0.4650 44.6880
v -72.1500 0.4150 44.9880
v -71.8500 0.4150 44.9880
v -71.8500 0.4650 44.9880
v -72.1500 0.4650 44.9880
v -70.2000 0.2750 42.7500
v -69.8000 0.2750 42.7500
v -69.8000 0.4250 42.7500
v -70.2000 0.4250 42.7500
v -70.2000 0.2750 45.2500
v -69.8000 0.2750 45.2500
v -69.8000 0.4250 45.2500
v -70.2000 0.4250 45.2500
v -70.1500 0.4150 43.0120
v -69.8500 0.4150 43.0120
v -69.8500 0.4650 43.0120
v -70.1500 0.4650 43.0120
v -70.1500 0.4150 43.3120
v -69.8500 0.4150 43.3120
v -69.8500 0.4650 43.3120
v -70.1500 0.4650 43.3120
v -70.1500 0.4150 44.6880
v -69.8500 0.4150 44.6880
v -69.8500 0.4650 44.6880
v -70.1500 0.4650 44.6880
v -70.1500 0.4150 44.9880
v -69.8500 0.4150 44.9880
v -69.8500 0.4650 44.9880
v -70.1500 0.4650 44.9880
v -68.2000 0.2750 42.7500
v -67.8000 0.2750 42.7500
v -67.8000 0.4250 42.7500
v -68.2000 0.4250 42.7500
v -68.2000 0.2750 45.2500
v -67.8000 0.2750 45.2500
v -67.8000 0.4250 45.2500
v -68.2000 0.4250 45.2500
v -68.1500 0.4150 43.0120
v -67.8500 0.4150 43.0120
v -67.8500 0.4650 43.0120
v -68.1500 0.4650 43.0120
v -68.1500 0.4150 43.3120
v -67.8500 0.4150 43.3120
v -67.8500 0.4650 43.3120
v -68.1500 0.4650 43.3120
v -68.1500 0.4150 44.6880
v -67.8500 0.4150 44.6880
v -67.8500 0.4650 44.6880
v -68.1500 0.4650 44.6880
v -68.1500 0.4150 44.9880
v -67.8500 0.4150 44.9880
v -67.8500 0.4650 44.9880
v -68.1500 0.4650 44.9880
v -66.2000 0.2750 42.7500
v -65.8000 0.2750 42.7500
v -65.8000 0.4250 42.7500
v -66.2000 0.4250 42.7500
v -66.2000 0.2750 45.2500
v -65.8000 0.2750 45.2500
v -65.8000 0.4250 45.2500
v -66.2000 0.4250 45.2500
v -66.1500 0.4150 43.0120
v -65.8500 0.4150 43.0120
v -65.8500 0.4650 43.0120
v -66.1500 0.4650 43.0120
v -66.1500 0.4150 43.3120
v -65.8500 0.4150 43.3120
v -65.8500 0.4650 43.3120
v -66.1500 0.4650 43.3120
v -66.1500 0.4150 44.6880
v -65.8500 0.4150 44.6880
v -65.8500 0.4650 44.6880
v -66.1500 0.4650 44.6880
v -66.1500 0.4150 44.9880
v -65.8500 0.4150 44.9880
v -65.8500 0.4650 44.9880
v -66.1500 0.4650 44.9880
v -64.2000 0.2750 42.7500
v -63.8000 0.2750 42.7500
v -63.8000 0.4250 42.7500
v -64.2000 0.4250 42.7500
v -64.2000 0.2750 45.2500
v -63.8000 0.2750 45.2500
v -63.8000 0.4250 45.2500
v -64.2000 0.4250 45.2500
v -64.1500 0.4150 43.0120
v -63.8500 0.4150 43.0120
v -63.8500 0.4650 43.0120
v -64.1500 0.4650 43.0120
v -64.1500 0.4150 43.3120
v -63.8500 0.4150 43.3120
v -63.8500 0.4650 43.3120
v -64.1500 0.4650 43.3120
v -64.1500 0.4150 44.6880
v -63.8500 0.4150 44.6880
v -63.8500 0.4650 44.6880
v -64.1500 0.4650 44.6880
v -64.1500 0.4150 44.9880
v -63.8500 0.4150 44.9880
v -63.8500 0.4650 44.9880
v -64.1500 0.4650 44.9880
v -62.2000 0.2750 42.7500
v -61.8000 0.2750 42.7500
v -61.8000 0.4250 42.7500
v -62.2000 0.4250 42.7500
v -62.2000 0.2750 45.2500
v -61.8000 0.2750 45.2500
v -61.8000 0.4250 45.2500
v -62.2000 0.4250 45.2500
v -62.1500 0.4150 43.0120
v -61.8500 0.4150 43.0120
v -61.8500 0.4650 43.0120
v -62.1500 0.4650 43.0120
v -62.1500 0.4150 43.3120
v -61.8500 0.4150 43.3120
v -61.8500 0.4650 43.3120
v -62.1500 0.4650 43.3120
v -62.1500 0.4150 44.6880
v -61.8500 0.4150 44.6880
v -61.8500 0.4650 44.6880
v -62.1500 0.4650 44.6880
v -62.1500 0.4150 44.9880
v -61.8500 0.4150 44.9880
v -61.8500 0.4650 44.9880
v -62.1500 0.4650 44.9880
v -60.2000 0.2750 42.7500
v -59.8000 0.2750 42.7500
v -59.8000 0.4250 42.7500
v -60.2000 0.4250 42.7500
v -60.2000 0.2750 45.2500
v -59.8000 0.2750 45.2500
v -59.8000 0.4250 45.2500
v -60.2000 0.4250 45.2500
v -60.1500 0.4150 43.0120
v -59.8500 0.4150 43.0120
v -59.8500 0.4650 43.0120
v -60.1500 0.4650 43.0120
v -60.1500 0.4150 43.3120
v -59.8500 0.4150 43.3120
v -59.8500 0.4650 43.3120
v -60.1500 0.4650 43.3120
v -60.1500 0.4150 44.6880
v -59.8500 0.4150 44.6880
v -59.8500 0.4650 44.6880
v -60.1500 0.4650 44.6880
v -60.1500 0.4150 44.9880
v -59.8500 0.4150 44.9880
v -59.8500 0.4650 44.9880
v -60.1500 0.4650 44.9880
v -58.2000 0.2750 42.7500
v -57.8000 0.2750 42.7500
v -57.8000 0.4250 42.7500
v -58.2000 0.4250 42.7500
v -58.2000 0.2750 45.2500
v -57.8000 0.2750 45.2500
v -57.8000 0.4250 45.2500
v -58.2000 0.4250 45.2500
v -58.1500 0.4150 43.0120
v -57.8500 0.4150 43.0120
v -57.8500 0.4650 43.0120
v -58.1500 0.4650 43.0120
v -58.1500 0.4150 43.3120
v -57.8500 0.4150 43.3120
v -57.8500 0.4650 43.3120
v -58.1500 0.4650 43.3120
v -58.1500 0.4150 44.6880
v -57.8500 0.4150 44.6880
v -57.8500 0.4650 44.6880
v -58.1500 0.4650 44.6880
v -58.1500 0.4150 44.9880
v -57.8500 0.4150 44.9880
v -57.8500 0.4650 44.9880
v -58.1500 0.4650 44.9880
v -56.2000 0.2750 42.7500
v -55.8000 0.2750 42.7500
v -55.8000 0.4250 42.7500
v -56.2000 0.4250 42.7500
v -56.2000 0.2750 45.2500
v -55.8000 0.2750 45.2500
v -55.8000 0.4250 45.2500
v -56.2000 0.4250 45.2500
v -56.1500 0.4150 43.0120
v -55.8500 0.4150 43.0120
v -55.8500 0.4650 43.0120
v -56.1500 0.4650 43.0120
v -56.1500 0.4150 43.3120
v -55.8500 0.4150 43.3120
v -55.8500 0.4650 43.3120
v -56.1500 0.4650 43.3120
v -56.1500 0.4150 44.6880
v -55.8500 0.4150 44.6880
v -55.8500 0.4650 44.6880
v -56.1500 0.4650 44.6880
v -56.1500 0.4150 44.9880
v -55.8500 0.4150 44.9880
v -55.8500 0.4650 44.9880
v -56.1500 0.4650 44.9880
v -54.2000 0.2750 42.7500
v -53.8000 0.2750 42.7500
v -53.8000 0.4250 42.7500
v -54.2000 0.4250 42.7500
v -54.2000 0.2750 45.2500
v -53.8000 0.2750 45.2500
v -53.8000 0.4250 45.2500
v -54.2000 0.4250 45.2500
v -54.1500 0.4150 43.0120
v -53.8500 0.4150 43.0120
v -53.8500 0.4650 43.0120
v -54.1500 0.4650 43.0120
v -54.1500 0.4150 43.3120
v -53.8500 0.4150 43.3120
v -53.8500 0.4650 43.3120
v -54.1500 0.4650 43.3120
v -54.1500 0.4150 44.6880
v -53.8500 0.4150 44.6880
v -53.8500 0.4650 44.6880
v -54.1500 0.4650 44.6880
v -54.1500 0.4150 44.9880
v -53.8500 0.4150 44.9880
v -53.8500 0.4650 44.9880
v -54.1500 0.4650 44.9880
v -52.2000 0.2750 42.7500
v -51.8000 0.2750 42.7500
v -51.8000 0.4250 42.7500
v -52.2000 0.4250 42.7500
v -52.2000 0.2750 45.2500
v -51.8000 0.2750 45.2500
v -51.8000 0.4250 45.2500
v -52.2000 0.4250 45.2500
v -52.1500 0.4150 43.0120
v -51.8500 0.4150 43.0120
v -51.8500 0.4650 43.0120
v -52.1500 0.4650 43.0120
v -52.1500 0.4150 43.3120
v -51.8500 0.4150 43.3120
v -51.8500 0.4650 43.3120
v -52.1500 0.4650 43.3120
v -52.1500 0.4150 44.6880
v -51.8500 0.4150 44.6880
v -51.8500 0.4650 44.6880
v -52.1500 0.4650 44.6880
v -52.1500 0.4150 44.9880
v -51.8500 0.4150 44.9880
v -51.8500 0.4650 44.9880
v -52.1500 0.4650 44.9880
v -50.2000 0.2750 42.7500
v -49.8000 0.2750 42.7500
v -49.8000 0.4250 42.7500
v -50.2000 0.4250 42.7500
v -50.2000 0.2750 45.2500
v -49.8000 0.2750 45.2500
v -49.8000 0.4250 45.2500
v -50.2000 0.4250 45.2500
v -50.1500 0.4150 43.0120
v -49.8500 0.4150 43.0120
v -49.8500 0.4650 43.0120
v -50.1500 0.4650 43.0120
v -50.1500 0.4150 43.3120
v -49.8500 0.4150 43.3120
v -49.8500 0.4650 43.3120
v -50.1500 0.4650 43.3120
v -50.1500 0.4150 44.6880
v -49.8500 0.4150 44.6880
v -49.8500 0.4650 44.6880
v -50.1500 0.4650 44.6880
v -50.1500 0.4150 44.9880
v -49.8500 0.4150 44.9880
v -49.8500 0.4650 44.9880
v -50.1500 0.4650 44.9880
v -48.2000 0.2750 42.7500
v -47.8000 0.2750 42.7500
v -47.8000 0.4250 42.7500
v -48.2000 0.4250 42.7500
v -48.2000 0.2750 45.2500
v -47.8000 0.2750 45.2500
v -47.8000 0.4250 45.2500
v -48.2000 0.4250 45.2500
v -48.1500 0.4150 43.0120
v -47.8500 0.4150 43.0120
v -47.8500 0.4650 43.0120
v -48.1500 0.4650 43.0120
v -48.1500 0.4150 43.3120
v -47.8500 0.4150 43.3120
v -47.8500 0.4650 43.3120
v -48.1500 0.4650 43.3120
v -48.1500 0.4150 44.6880
v -47.8500 0.4150 44.6880
v -47.8500 0.4650 44.6880
v -48.1500 0.4650 44.6880
v -48.1500 0.4150 44.9880
v -47.8500 0.4150 44.9880
v -47.8500 0.4650 44.9880
v -48.1500 0.4650 44.9880
v -46.2000 0.2750 42.7500
v -45.8000 0.2750 42.7500
v -45.8000 0.4250 42.7500
v -46.2000 0.4250 42.7500
v -46.2000 0.2750 45.2500
v -45.8000 0.2750 45.2500
v -45.8000 0.4250 45.2500
v -46.2000 0.4250 45.2500
v -46.1500 0.4150 43.0120
v -45.8500 0.4150 43.0120
v -45.8500 0.4650 43.0120
v -46.1500 0.4650 43.0120
v -46.1500 0.4150 43.3120
v -45.8500 0.4150 43.3120
v -45.8500 0.4650 43.3120
v -46.1500 0.4650 43.3120
v -46.1500 0.4150 44.6880
v -45.8500 0.4150 44.6880
v -45.8500 0.4650 44.6880
v -46.1500 0.4650 44.6880
v -46.1500 0.4150 44.9880
v -45.8500 0.4150 44.9880
v -45.8500 0.4650 44.9880
v -46.1500 0.4650 44.9880
v -44.2000 0.2750 42.7500
v -43.8000 0.2750 42.7500
v -43.8000 0.4250 42.7500
v -44.2000 0.4250 42.7500
v -44.2000 0.2750 45.2500
v -43.8000 0.2750 45.2500
v -43.8000 0.4250 45.2500
v -44.2000 0.4250 45.2500
v -44.1500 0.4150 43.0120
v -43.8500 0.4150 43.0120
v -43.8500 0.4650 43.0120
v -44.1500 0.4650 43.0120
v -44.1500 0.4150 43.3120
v -43.8500 0.4150 43.3120
v -43.8500 0.4650 43.3120
v -44.1500 0.4650 43.3120
v -44.1500 0.4150 44.6880
v -43.8500 0.4150 44.6880
v -43.8500 0.4650 44.6880
v -44.1500 0.4650 44.6880
v -44.1500 0.4150 44.9880
v -43.8500 0.4150 44.9880
v -43.8500 0.4650 44.9880
v -44.1500 0.4650 44.9880
v -42.2000 0.2750 42.7500
v -41.8000 0.2750 42.7500
v -41.8000 0.4250 42.7500
v -42.2000 0.4250 42.7500
v -42.2000 0.2750 45.2500
v -41.8000 0.2750 45.2500
v -41.8000 0.4250 45.2500
v -42.2000 0.4250 45.2500
v -42.1500 0.4150 43.0120
v -41.8500 0.4150 43.0120
v -41.8500 0.4650 43.0120
v -42.1500 0.4650 43.0120
v -42.1500 0.4150 43.3120
v -41.8500 0.4150 43.3120
v -41.8500 0.4650 43.3120
v -42.1500 0.4650 43.3120
v -42.1500 0.4150 44.6880
v -41.8500 0.4150 44.6880
v -41.8500 0.4650 44.6880
v -42.1500 0.4650 44.6880
v -42.1500 0.4150 44.9880
v -41.8500 0.4150 44.9880
v -41.8500 0.4650 44.9880
v -42.1500 0.4650 44.9880
v -40.2000 0.2750 42.7500
v -39.8000 0.2750 42.7500
v -39.8000 0.4250 42.7500
v -40.2000 0.4250 42.7500
v -40.2000 0.2750 45.2500
v -39.8000 0.2750 45.2500
v -39.8000 0.4250 45.2500
v -40.2000 0.4250 45.2500
v -40.1500 0.4150 43.0120
v -39.8500 0.4150 43.0120
v -39.8500 0.4650 43.0120
v -40.1500 0.4650 43.0120
v -40.1500 0.4150 43.3120
v -39.8500 0.4150 43.3120
v -39.8500 0.4650 43.3120
v -40.1500 0.4650 43.3120
v -40.1500 0.4150 44.6880
v -39.8500 0.4150 44.6880
v -39.8500 0.4650 44.6880
v -40.1500 0.4650 44.6880
v -40.1500 0.4150 44.9880
v -39.8500 0.4150 44.9880
v -39.8500 0.4650 44.9880
v -40.1500 0.4650 44.9880
v -38.2000 0.2750 42.7500
v -37.8000 0.2750 42.7500
v -37.8000 0.4250 42.7500
v -38.2000 0.4250 42.7500
v -38.2000 0.2750 45.2500
v -37.8000 0.2750 45.2500
v -37.8000 0.4250 45.2500
v -38.2000 0.4250 45.2500
v -38.1500 0.4150 43.0120
v -37.8500 0.4150 43.0120
v -37.8500 0.4650 43.0120
v -38.1500 0.4650 43.0120
v -38.1500 0.4150 43.3120
v -37.8500 0.4150 43.3120
v -37.8500 0.4650 43.3120
v -38.1500 0.4650 43.3120
v -38.1500 0.4150 44.6880
v -37.8500 0.4150 44.6880
v -37.8500 0.4650 44.6880
v -38.1500 0.4650 44.6880
v -38.1500 0.4150 44.9880
v -37.8500 0.4150 44.9880
v -37.8500 0.4650 44.9880
v -38.1500 0.4650 44.9880
v -36.2000 0.2750 42.7500
v -35.8000 0.2750 42.7500
v -35.8000 0.4250 42.7500
v -36.2000 0.4250 42.7500
v -36.2000 0.2750 45.2500
v -35.8000 0.2750 45.2500
v -35.8000 0.4250 45.2500
v -36.2000 0.4250 45.2500
v -36.1500 0.4150 43.0120
v -35.8500 0.4150 43.0120
v -35.8500 0.4650 43.0120
v -36.1500 0.4650 43.0120
v -36.1500 0.4150 43.3120
v -35.8500 0.4150 43.3120
v -35.8500 0.4650 43.3120
v -36.1500 0.4650 43.3120
v -36.1500 0.4150 44.6880
v -35.8500 0.4150 44.6880
v -35.8500 0.4650 44.6880
v -36.1500 0.4650 44.6880
v -36.1500 0.4150 44.9880
v -35.8500 0.4150 44.9880
v -35.8500 0.4650 44.9880
v -36.1500 0.4650 44.9880
v -34.2000 0.2750 42.7500
v -33.8000 0.2750 42.7500
v -33.8000 0.4250 42.7500
v -34.2000 0.4250 42.7500
v -34.2000 0.2750 45.2500
v -33.8000 0.2750 45.2500
v -33.8000 0.4250 45.2500
v -34.2000 0.4250 45.2500
v -34.1500 0.4150 43.0120
v -33.8500 0.4150 43.0120
v -33.8500 0.4650 43.0120
v -34.1500 0.4650 43.0120
v -34.1500 0.4150 43.3120
v -33.8500 0.4150 43.3120
v -33.8500 0.4650 43.3120
v -34.1500 0.4650 43.3120
v -34.1500 0.4150 44.6880
v -33.8500 0.4150 44.6880
v -33.8500 0.4650 44.6880
v -34.1500 0.4650 44.6880
v -34.1500 0.4150 44.9880
v -33.8500 0.4150 44.9880
v -33.8500 0.4650 44.9880
v -34.1500 0.4650 44.9880
v -32.2000 0.2750 42.7500
v -31.8000 0.2750 42.7500
v -31.8000 0.4250 42.7500
v -32.2000 0.4250 42.7500
v -32.2000 0.2750 45.2500
v -31.8000 0.2750 45.2500
v -31.8000 0.4250 45.2500
v -32.2000 0.4250 45.2500
v -32.1500 0.4150 43.0120
v -31.8500 0.4150 43.0120
v -31.8500 0.4650 43.0120
v -32.1500 0.4650 43.0120
v -32.1500 0.4150 43.3120
v -31.8500 0.4150 43.3120
v -31.8500 0.4650 43.3120
v -32.1500 0.4650 43.3120
v -32.1500 0.4150 44.6880
v -31.8500 0.4150 44.6880
v -31.8500 0.4650 44.6880
v -32.1500 0.4650 44.6880
v -32.1500 0.4150 44.9880
v -31.8500 0.4150 44.9880
v -31.8500 0.4650 44.9880
v -32.1500 0.4650 44.9880
v -30.2000 0.2750 42.7500
v -29.8000 0.2750 42.7500
v -29.8000 0.4250 42.7500
v -30.2000 0.4250 42.7500
v -30.2000 0.2750 45.2500
v -29.8000 0.2750 45.2500
v -29.8000 0.4250 45.2500
v -30.2000 0.4250 45.2500
v -30.1500 0.4150 43.0120
v -29.8500 0.4150 43.0120
v -29.8500 0.4650 43.0120
v -30.1500 0.4650 43.0120
v -30.1500 0.4150 43.3120
v -29.8500 0.4150 43.3120
v -29.8500 0.4650 43.3120
v -30.1500 0.4650 43.3120
v -30.1500 0.4150 44.6880
v -29.8500 0.4150 44.6880
v -29.8500 0.4650 44.6880
v -30.1500 0.4650 44.6880
v -30.1500 0.4150 44.9880
v -29.8500 0.4150 44.9880
v -29.8500 0.4650 44.9880
v -30.1500 0.4650 44.9880
v -28.2000 0.2750 42.7500
v -27.8000 0.2750 42.7500
v -27.8000 0.4250 42.7500
v -28.2000 0.4250 42.7500
v -28.2000 0.2750 45.2500
v -27.8000 0.2750 45.2500
v -27.8000 0.4250 45.2500
v -28.2000 0.4250 45.2500
v -28.1500 0.4150 43.0120
v -27.8500 0.4150 43.0120
v -27.8500 0.4650 43.0120
v -28.1500 0.4650 43.0120
v -28.1500 0.4150 43.3120
v -27.8500 0.4150 43.3120
v -27.8500 0.4650 43.3120
v -28.1500 0.4650 43.3120
v -28.1500 0.4150 44.6880
v -27.8500 0.4150 44.6880
v -27.8500 0.4650 44.6880
v -28.1500 0.4650 44.6880
v -28.1500 0.4150 44.9880
v -27.8500 0.4150 44.9880
v -27.8500 0.4650 44.9880
v -28.1500 0.4650 44.9880
v -26.2000 0.2750 42.7500
v -25.8000 0.2750 42.7500
v -25.8000 0.4250 42.7500
v -26.2000 0.4250 42.7500
v -26.2000 0.2750 45.2500
v -25.8000 0.2750 45.2500
v -25.8000 0.4250 45.2500
v -26.2000 0.4250 45.2500
v -26.1500 0.4150 43.0120
v -25.8500 0.4150 43.0120
v -25.8500 0.4650 43.0120
v -26.1500 0.4650 43.0120
v -26.1500 0.4150 43.3120
v -25.8500 0.4150 43.3120
v -25.8500 0.4650 43.3120
v -26.1500 0.4650 43.3120
v -26.1500 0.4150 44.6880
v -25.8500 0.4150 44.6880
v -25.8500 0.4650 44.6880
v -26.1500 0.4650 44.6880
v -26.1500 0.4150 44.9880
v -25.8500 0.4150 44.9880
v -25.8500 0.4650 44.9880
v -26.1500 0.4650 44.9880
v -24.2000 0.2750 42.7500
v -23.8000 0.2750 42.7500
v -23.8000 0.4250 42.7500
v -24.2000 0.4250 42.7500
v -24.2000 0.2750 45.2500
v -23.8000 0.2750 45.2500
v -23.8000 0.4250 45.2500
v -24.2000 0.4250 45.2500
v -24.1500 0.4150 43.0120
v -23.8500 0.4150 43.0120
v -23.8500 0.4650 43.0120
v -24.1500 0.4650 43.0120
v -24.1500 0.4150 43.3120
v -23.8500 0.4150 43.3120
v -23.8500 0.4650 43.3120
v -24.1500 0.4650 43.3120
v -24.1500 0.4150 44.6880
v -23.8500 0.4150 44.6880
v -23.8500 0.4650 44.6880
v -24.1500 0.4650 44.6880
v -24.1500 0.4150 44.9880
v -23.8500 0.4150 44.9880
v -23.8500 0.4650 44.9880
v -24.1500 0.4650 44.9880
v -22.2000 0.2750 42.7500
v -21.8000 0.2750 42.7500
v -21.8000 0.4250 42.7500
v -22.2000 0.4250 42.7500
v -22.2000 0.2750 45.2500
v -21.8000 0.2750 45.2500
v -21.8000 0.4250 45.2500
v -22.2000 0.4250 45.2500
v -22.1500 0.4150 43.0120
v -21.8500 0.4150 43.0120
v -21.8500 0.4650 43.0120
v -22.1500 0.4650 43.0120
v -22.1500 0.4150 43.3120
v -21.8500 0.4150 43.3120
v -21.8500 0.4650 43.3120
v -22.1500 0.4650 43.3120
v -22.1500 0.4150 44.6880
v -21.8500 0.4150 44.6880
v -21.8500 0.4650 44.6880
v -22.1500 0.4650 44.6880
v -22.1500 0.4150 44.9880
v -21.8500 0.4150 44.9880
v -21.8500 0.4650 44.9880
v -22.1500 0.4650 44.9880
v -20.2000 0.2750 42.7500
v -19.8000 0.2750 42.7500
v -19.8000 0.4250 42.7500
v -20.2000 0.4250 42.7500
v -20.2000 0.2750 45.2500
v -19.8000 0.2750 45.2500
v -19.8000 0.4250 45.2500
v -20.2000 0.4250 45.2500
v -20.1500 0.4150 43.0120
v -19.8500 0.4150 43.0120
v -19.8500 0.4650 43.0120
v -20.1500 0.4650 43.0120
v -20.1500 0.4150 43.3120
v -19.8500 0.4150 43.3120
v -19.8500 0.4650 43.3120
v -20.1500 0.4650 43.3120
v -20.1500 0.4150 44.6880
v -19.8500 0.4150 44.6880
v -19.8500 0.4650 44.6880
v -20.1500 0.4650 44.6880
v -20.1500 0.4150 44.9880
v -19.8500 0.4150 44.9880
v -19.8500 0.4650 44.9880
v -20.1500 0.4650 44.9880
v -18.2000 0.2750 42.7500
v -17.8000 0.2750 42.7500
v -17.8000 0.4250 42.7500
v -18.2000 0.4250 42.7500
v -18.2000 0.2750 45.2500
v -17.8000 0.2750 45.2500
v -17.8000 0.4250 45.2500
v -18.2000 0.4250 45.2500
v -18.1500 0.4150 43.0120
v -17.8500 0.4150 43.0120
v -17.8500 0.4650 43.0120
v -18.1500 0.4650 43.0120
v -18.1500 0.4150 43.3120
v -17.8500 0.4150 43.3120
v -17.8500 0.4650 43.3120
v -18.1500 0.4650 43.3120
v -18.1500 0.4150 44.6880
v -17.8500 0.4150 44.6880
v -17.8500 0.4650 44.6880
v -18.1500 0.4650 44.6880
v -18.1500 0.4150 44.9880
v -17.8500 0.4150 44.9880
v -17.8500 0.4650 44.9880
v -18.1500 0.4650 44.9880
v -16.2000 0.2750 42.7500
v -15.8000 0.2750 42.7500
v -15.8000 0.4250 42.7500
v -16.2000 0.4250 42.7500
v -16.2000 0.2750 45.2500
v -15.8000 0.2750 45.2500
v -15.8000 0.4250 45.2500
v -16.2000 0.4250 45.2500
v -16.1500 0.4150 43.0120
v -15.8500 0.4150 43.0120
v -15.8500 0.4650 43.0120
v -16.1500 0.4650 43.0120
v -16.1500 0.4150 43.3120
v -15.8500 0.4150 43.3120
v -15.8500 0.4650 43.3120
v -16.1500 0.4650 43.3120
v -16.1500 0.4150 44.6880
v -15.8500 0.4150 44.6880
v -15.8500 0.4650 44.6880
v -16.1500 0.4650 44.6880
v -16.1500 0.4150 44.9880
v -15.8500 0.4150 44.9880
v -15.8500 0.4650 44.9880
v -16.1500 0.4650 44.9880
v -14.2000 0.2750 42.7500
v -13.8000 0.2750 42.7500
v -13.8000 0.4250 42.7500
v -14.2000 0.4250 42.7500
v -14.2000 0.2750 45.2500
v -13.8000 0.2750 45.2500
v -13.8000 0.4250 45.2500
v -14.2000 0.4250 45.2500
v -14.1500 0.4150 43.0120
v -13.8500 0.4150 43.0120
v -13.8500 0.4650 43.0120
v -14.1500 0.4650 43.0120
v -14.1500 0.4150 43.3120
v -13.8500 0.4150 43.3120
v -13.8500 0.4650 43.3120
v -14.1500 0.4650 43.3120
v -14.1500 0.4150 44.6880
v -13.8500 0.4150 44.6880
v -13.8500 0.4650 44.6880
v -14.1500 0.4650 44.6880
v -14.1500 0.4150 44.9880
v -13.8500 0.4150 44.9880
v -13.8500 0.4650 44.9880
v -14.1500 0.4650 44.9880
v -12.2000 0.2750 42.7500
v -11.8000 0.2750 42.7500
v -11.8000 0.4250 42.7500
v -12.2000 0.4250 42.7500
v -12.2000 0.2750 45.2500
v -11.8000 0.2750 45.2500
v -11.8000 0.4250 45.2500
v -12.2000 0.4250 45.2500
v -12.1500 0.4150 43.0120
v -11.8500 0.4150 43.0120
v -11.8500 0.4650 43.0120
v -12.1500 0.4650 43.0120
v -12.1500 0.4150 43.3120
v -11.8500 0.4150 43.3120
v -11.8500 0.4650 43.3120
v -12.1500 0.4650 43.3120
v -12.1500 0.4150 44.6880
v -11.8500 0.4150 44.6880
v -11.8500 0.4650 44.6880
v -12.1500 0.4650 44.6880
v -12.1500 0.4150 44.9880
v -11.8500 0.4150 44.9880
v -11.8500 0.4650 44.9880
v -12.1500 0.4650 44.9880
v -10.2000 0.2750 42.7500
v -9.8000 0.2750 42.7500
v -9.8000 0.4250 42.7500
v -10.2000 0.4250 42.7500
v -10.2000 0.2750 45.2500
v -9.8000 0.2750 45.2500
v -9.8000 0.4250 45.2500
v -10.2000 0.4250 45.2500
v -10.1500 0.4150 43.0120
v -9.8500 0.4150 43.0120
v -9.8500 0.4650 43.0120
v -10.1500 0.4650 43.0120
v -10.1500 0.4150 43.3120
v -9.8500 0.4150 43.3120
v -9.8500 0.4650 43.3120
v -10.1500 0.4650 43.3120
v -10.1500 0.4150 44.6880
v -9.8500 0.4150 44.6880
v -9.8500 0.4650 44.6880
v -10.1500 0.4650 44.6880
v -10.1500 0.4150 44.9880
v -9.8500 0.4150 44.9880
v -9.8500 0.4650 44.9880
v -10.1500 0.4650 44.9880
v -8.2000 0.2750 42.7500
v -7.8000 0.2750 42.7500
v -7.8000 0.4250 42.7500
v -8.2000 0.4250 42.7500
v -8.2000 0.2750 45.2500
v -7.8000 0.2750 45.2500
v -7.8000 0.4250 45.2500
v -8.2000 0.4250 45.2500
v -8.1500 0.4150 43.0120
v -7.8500 0.4150 43.0120
v -7.8500 0.4650 43.0120
v -8.1500 0.4650 43.0120
v -8.1500 0.4150 43.3120
v -7.8500 0.4150 43.3120
v -7.8500 0.4650 43.3120
v -8.1500 0.4650 43.3120
v -8.1500 0.4150 44.6880
v -7.8500 0.4150 44.6880
v -7.8500 0.4650 44.6880
v -8.1500 0.4650 44.6880
v -8.1500 0.4150 44.9880
v -7.8500 0.4150 44.9880
v -7.8500 0.4650 44.9880
v -8.1500 0.4650 44.9880
v -6.2000 0.2750 42.7500
v -5.8000 0.2750 42.7500
v -5.8000 0.4250 42.7500
v -6.2000 0.4250 42.7500
v -6.2000 0.2750 45.2500
v -5.8000 0.2750 45.2500
v -5.8000 0.4250 45.2500
v -6.2000 0.4250 45.2500
v -6.1500 0.4150 43.0120
v -5.8500 0.4150 43.0120
v -5.8500 0.4650 43.0120
v -6.1500 0.4650 43.0120
v -6.1500 0.4150 43.3120
v -5.8500 0.4150 43.3120
v -5.8500 0.4650 43.3120
v -6.1500 0.4650 43.3120
v -6.1500 0.4150 44.6880
v -5.8500 0.4150 44.6880
v -5.8500 0.4650 44.6880
v -6.1500 0.4650 44.6880
v -6.1500 0.4150 44.9880
v -5.8500 0.4150 44.9880
v -5.8500 0.4650 44.9880
v -6.1500 0.4650 44.9880
v -4.2000 0.2750 42.7500
v -3.8000 0.2750 42.7500
v -3.8000 0.4250 42.7500
v -4.2000 0.4250 42.7500
v -4.2000 0.2750 45.2500
v -3.8000 0.2750 45.2500
v -3.8000 0.4250 45.2500
v -4.2000 0.4250 45.2500
v -4.1500 0.4150 43.0120
v -3.8500 0.4150 43.0120
v -3.8500 0.4650 43.0120
v -4.1500 0.4650 43.0120
v -4.1500 0.4150 43.3120
v -3.8500 0.4150 43.3120
v -3.8500 0.4650 43.3120
v -4.1500 0.4650 43.3120
v -4.1500 0.4150 44.6880
v -3.8500 0.4150 44.6880
v -3.8500 0.4650 44.6880
v -4.1500 0.4650 44.6880
v -4.1500 0.4150 44.9880
v -3.8500 0.4150 44.9880
v -3.8500 0.4650 44.9880
v -4.1500 0.4650 44.9880
v -2.2000 0.2750 42.7500
v -1.8000 0.2750 42.7500
v -1.8000 0.4250 42.7500
v -2.2000 0.4250 42.7500
v -2.2000 0.2750 45.2500
v -1.8000 0.2750 45.2500
v -1.8000 0.4250 45.2500
v -2.2000 0.4250 45.2500
v -2.1500 0.4150 43.0120
v -1.8500 0.4150 43.0120
v -1.8500 0.4650 43.0120
v -2.1500 0.4650 43.0120
v -2.1500 0.4150 43.3120
v -1.8500 0.4150 43.3120
v -1.8500 0.4650 43.3120
v -2.1500 0.4650 43.3120
v -2.1500 0.4150 44.6880
v -1.8500 0.4150 44.6880
v -1.8500 0.4650 44.6880
v -2.1500 0.4650 44.6880
v -2.1500 0.4150 44.9880
v -1.8500 0.4150 44.9880
v -1.8500 0.4650 44.9880
v -2.1500 0.4650 44.9880
v -0.2000 0.2750 42.7500
v 0.2000 0.2750 42.7500
v 0.2000 0.4250 42.7500
v -0.2000 0.4250 42.7500
v -0.2000 0.2750 45.2500
v 0.2000 0.2750 45.2500
v 0.2000 0.4250 45.2500
v -0.2000 0.4250 45.2500
v -0.1500 0.4150 43.0120
v 0.1500 0.4150 43.0120
v 0.1500 0.4650 43.0120
v -0.1500 0.4650 43.0120
v -0.1500 0.4150 43.3120
v 0.1500 0.4150 43.3120
v 0.1500 0.4650 43.3120
v -0.1500 0.4650 43.3120
v -0.1500 0.4150 44.6880
v 0.1500 0.4150 44.6880
v 0.1500 0.4650 44.6880
v -0.1500 0.4650 44.6880
v -0.1500 0.4150 44.9880
v 0.1500 0.4150 44.9880
v 0.1500 0.4650 44.9880
v -0.1500 0.4650 44.9880
v 1.8000 0.2750 42.7500
v 2.2000 0.2750 42.7500
v 2.2000 0.4250 42.7500
v 1.8000 0.4250 42.7500
v 1.8000 0.2750 45.2500
v 2.2000 0.2750 45.2500
v 2.2000 0.4250 45.2500
v 1.8000 0.4250 45.2500
v 1.8500 0.4150 43.0120
v 2.1500 0.4150 43.0120
v 2.1500 0.4650 43.0120
v 1.8500 0.4650 43.0120
v 1.8500 0.4150 43.3120
v 2.1500 0.4150 43.3120
v 2.1500 0.4650 43.3120
v 1.8500 0.4650 43.3120
v 1.8500 0.4150 44.6880
v 2.1500 0.4150 44.6880
v 2.1500 0.4650 44.6880
v 1.8500 0.4650 44.6880
v 1.8500 0.4150 44.9880
v 2.1500 0.4150 44.9880
v 2.1500 0.4650 44.9880
v 1.8500 0.4650 44.9880
v 3.8000 0.2750 42.7500
v 4.2000 0.2750 42.7500
v 4.2000 0.4250 42.7500
v 3.8000 0.4250 42.7500
v 3.8000 0.2750 45.2500
v 4.2000 0.2750 45.2500
v 4.2000 0.4250 45.2500
v 3.8000 0.4250 45.2500
v 3.8500 0.4150 43.0120
v 4.1500 0.4150 43.0120
v 4.1500 0.4650 43.0120
v 3.8500 0.4650 43.0120
v 3.8500 0.4150 43.3120
v 4.1500 0.4150 43.3120
v 4.1500 0.4650 43.3120
v 3.8500 0.4650 43.3120
v 3.8500 0.4150 44.6880
v 4.1500 0.4150 44.6880
v 4.1500 0.4650 44.6880
v 3.8500 0.4650 44.6880
v 3.8500 0.4150 44.9880
v 4.1500 0.4150 44.9880
v 4.1500 0.4650 44.9880
v 3.8500 0.4650 44.9880
v 5.8000 0.2750 42.7500
v 6.2000 0.2750 42.7500
v 6.2000 0.4250 42.7500
v 5.8000 0.4250 42.7500
v 5.8000 0.2750 45.2500
v 6.2000 0.2750 45.2500
v 6.2000 0.4250 45.2500
v 5.8000 0.4250 45.2500
v 5.8500 0.4150 43.0120
v 6.1500 0.4150 43.0120
v 6.1500 0.4650 43.0120
v 5.8500 0.4650 43.0120
v 5.8500 0.4150 43.3120
v 6.1500 0.4150 43.3120
v 6.1500 0.4650 43.3120
v 5.8500 0.4650 43.3120
v 5.8500 0.4150 44.6880
v 6.1500 0.4150 44.6880
v 6.1500 0.4650 44.6880
v 5.8500 0.4650 44.6880
v 5.8500 0.4150 44.9880
v 6.1500 0.4150 44.9880
v 6.1500 0.4650 44.9880
v 5.8500 0.4650 44.9880
v 7.8000 0.2750 42.7500
v 8.2000 0.2750 42.7500
v 8.2000 0.4250 42.7500
v 7.8000 0.4250 42.7500
v 7.8000 0.2750 45.2500
v 8.2000 0.2750 45.2500
v 8.2000 0.4250 45.2500
v 7.8000 0.4250 45.2500
v 7.8500 0.4150 43.0120
v 8.1500 0.4150 43.0120
v 8.1500 0.4650 43.0120
v 7.8500 0.4650 43.0120
v 7.8500 0.4150 43.3120
v 8.1500 0.4150 43.3120
v 8.1500 0.4650 43.3120
v 7.8500 0.4650 43.3120
v 7.8500 0.4150 44.6880
v 8.1500 0.4150 44.6880
v 8.1500 0.4650 44.6880
v 7.8500 0.4650 44.6880
v 7.8500 0.4150 44.9880
v 8.1500 0.4150 44.9880
v 8.1500 0.4650 44.9880
v 7.8500 0.4650 44.9880
v 9.8000 0.2750 42.7500
v 10.2000 0.2750 42.7500
v 10.2000 0.4250 42.7500
v 9.8000 0.4250 42.7500
v 9.8000 0.2750 45.2500
v 10.2000 0.2750 45.2500
v 10.2000 0.4250 45.2500
v 9.8000 0.4250 45.2500
v 9.8500 0.4150 43.0120
v 10.1500 0.4150 43.0120
v 10.1500 0.4650 43.0120
v 9.8500 0.4650 43.0120
v 9.8500 0.4150 43.3120
v 10.1500 0.4150 43.3120
v 10.1500 0.4650 43.3120
v 9.8500 0.4650 43.3120
v 9.8500 0.4150 44.6880
v 10.1500 0.4150 44.6880
v 10.1500 0.4650 44.6880
v 9.8500 0.4650 44.6880
v 9.8500 0.4150 44.9880
v 10.1500 0.4150 44.9880
v 10.1500 0.4650 44.9880
v 9.8500 0.4650 44.9880
v 11.8000 0.2750 42.7500
v 12.2000 0.2750 42.7500
v 12.2000 0.4250 42.7500
v 11.8000 0.4250 42.7500
v 11.8000 0.2750 45.2500
v 12.2000 0.2750 45.2500
v 12.2000 0.4250 45.2500
v 11.8000 0.4250 45.2500
v 11.8500 0.4150 43.0120
v 12.1500 0.4150 43.0120
v 12.1500 0.4650 43.0120
v 11.8500 0.4650 43.0120
v 11.8500 0.4150 43.3120
v 12.1500 0.4150 43.3120
v 12.1500 0.4650 43.3120
v 11.8500 0.4650 43.3120
v 11.8500 0.4150 44.6880
v 12.1500 0.4150 44.6880
v 12.1500 0.4650 44.6880
v 11.8500 0.4650 44.6880
v 11.8500 0.4150 44.9880
v 12.1500 0.4150 44.9880
v 12.1500 0.4650 44.9880
v 11.8500 0.4650 44.9880
v 13.8000 0.2750 42.7500
v 14.2000 0.2750 42.7500
v 14.2000 0.4250 42.7500
v 13.8000 0.4250 42.7500
v 13.8000 0.2750 45.2500
v 14.2000 0.2750 45.2500
v 14.2000 0.4250 45.2500
v 13.8000 0.4250 45.2500
v 13.8500 0.4150 43.0120
v 14.1500 0.4150 43.0120
v 14.1500 0.4650 43.0120
v 13.8500 0.4650 43.0120
v 13.8500 0.4150 43.3120
v 14.1500 0.4150 43.3120
v 14.1500 0.4650 43.3120
v 13.8500 0.4650 43.3120
v 13.8500 0.4150 44.6880
v 14.1500 0.4150 44.6880
v 14.1500 0.4650 44.6880
v 13.8500 0.4650 44.6880
v 13.8500 0.4150 44.9880
v 14.1500 0.4150 44.9880
v 14.1500 0.4650 44.9880
v 13.8500 0.4650 44.9880
v 15.8000 0.2750 42.7500
v 16.2000 0.2750 42.7500
v 16.2000 0.4250 42.7500
v 15.8000 0.4250 42.7500
v 15.8000 0.2750 45.2500
v 16.2000 0.2750 45.2500
v 16.2000 0.4250 45.2500
v 15.8000 0.4250 45.2500
v 15.8500 0.4150 43.0120
v 16.1500 0.4150 43.0120
v 16.1500 0.4650 43.0120
v 15.8500 0.4650 43.0120
v 15.8500 0.4150 43.3120
v 16.1500 0.4150 43.3120
v 16.1500 0.4650 43.3120
v 15.8500 0.4650 43.3120
v 15.8500 0.4150 44.6880
v 16.1500 0.4150 44.6880
v 16.1500 0.4650 44.6880
v 15.8500 0.4650 44.6880
v 15.8500 0.4150 44.9880
v 16.1500 0.4150 44.9880
v 16.1500 0.4650 44.9880
v 15.8500 0.4650 44.9880
v 17.8000 0.2750 42.7500
v 18.2000 0.2750 42.7500
v 18.2000 0.4250 42.7500
v 17.8000 0.4250 42.7500
v 17.8000 0.2750 45.2500
v 18.2000 0.2750 45.2500
v 18.2000 0.4250 45.2500
v 17.8000 0.4250 45.2500
v 17.8500 0.4150 43.0120
v 18.1500 0.4150 43.0120
v 18.1500 0.4650 43.0120
v 17.8500 0.4650 43.0120
v 17.8500 0.4150 43.3120
v 18.1500 0.4150 43.3120
v 18.1500 0.4650 43.3120
v 17.8500 0.4650 43.3120
v 17.8500 0.4150 44.6880
v 18.1500 0.4150 44.6880
v 18.1500 0.4650 44.6880
v 17.8500 0.4650 44.6880
v 17.8500 0.4150 44.9880
v 18.1500 0.4150 44.9880
v 18.1500 0.4650 44.9880
v 17.8500 0.4650 44.9880
v 19.8000 0.2750 42.7500
v 20.2000 0.2750 42.7500
v 20.2000 0.4250 42.7500
v 19.8000 0.4250 42.7500
v 19.8000 0.2750 45.2500
v 20.2000 0.2750 45.2500
v 20.2000 0.4250 45.2500
v 19.8000 0.4250 45.2500
v 19.8500 0.4150 43.0120
v 20.1500 0.4150 43.0120
v 20.1500 0.4650 43.0120
v 19.8500 0.4650 43.0120
v 19.8500 0.4150 43.3120
v 20.1500 0.4150 43.3120
v 20.1500 0.4650 43.3120
v 19.8500 0.4650 43.3120
v 19.8500 0.4150 44.6880
v 20.1500 0.4150 44.6880
v 20.1500 0.4650 44.6880
v 19.8500 0.4650 44.6880
v 19.8500 0.4150 44.9880
v 20.1500 0.4150 44.9880
v 20.1500 0.4650 44.9880
v 19.8500 0.4650 44.9880
v 21.8000 0.2750 42.7500
v 22.2000 0.2750 42.7500
v 22.2000 0.4250 42.7500
v 21.8000 0.4250 42.7500
v 21.8000 0.2750 45.2500
v 22.2000 0.2750 45.2500
v 22.2000 0.4250 45.2500
v 21.8000 0.4250 45.2500
v 21.8500 0.4150 43.0120
v 22.1500 0.4150 43.0120
v 22.1500 0.4650 43.0120
v 21.8500 0.4650 43.0120
v 21.8500 0.4150 43.3120
v 22.1500 0.4150 43.3120
v 22.1500 0.4650 43.3120
v 21.8500 0.4650 43.3120
v 21.8500 0.4150 44.6880
v 22.1500 0.4150 44.6880
v 22.1500 0.4650 44.6880
v 21.8500 0.4650 44.6880
v 21.8500 0.4150 44.9880
v 22.1500 0.4150 44.9880
v 22.1500 0.4650 44.9880
v 21.8500 0.4650 44.9880
v 23.8000 0.2750 42.7500
v 24.2000 0.2750 42.7500
v 24.2000 0.4250 42.7500
v 23.8000 0.4250 42.7500
v 23.8000 0.2750 45.2500
v 24.2000 0.2750 45.2500
v 24.2000 0.4250 45.2500
v 23.8000 0.4250 45.2500
v 23.8500 0.4150 43.0120
v 24.1500 0.4150 43.0120
v 24.1500 0.4650 43.0120
v 23.8500 0.4650 43.0120
v 23.8500 0.4150 43.3120
v 24.1500 0.4150 43.3120
v 24.1500 0.4650 43.3120
v 23.8500 0.4650 43.3120
v 23.8500 0.4150 44.6880
v 24.1500 0.4150 44.6880
v 24.1500 0.4650 44.6880
v 23.8500 0.4650 44.6880
v 23.8500 0.4150 44.9880
v 24.1500 0.4150 44.9880
v 24.1500 0.4650 44.9880
v 23.8500 0.4650 44.9880
v 25.8000 0.2750 42.7500
v 26.2000 0.2750 42.7500
v 26.2000 0.4250 42.7500
v 25.8000 0.4250 42.7500
v 25.8000 0.2750 45.2500
v 26.2000 0.2750 45.2500
v 26.2000 0.4250 45.2500
v 25.8000 0.4250 45.2500
v 25.8500 0.4150 43.0120
v 26.1500 0.4150 43.0120
v 26.1500 0.4650 43.0120
v 25.8500 0.4650 43.0120
v 25.8500 0.4150 43.3120
v 26.1500 0.4150 43.3120
v 26.1500 0.4650 43.3120
v 25.8500 0.4650 43.3120
v 25.8500 0.4150 44.6880
v 26.1500 0.4150 44.6880
v 26.1500 0.4650 44.6880
v 25.8500 0.4650 44.6880
v 25.8500 0.4150 44.9880
v 26.1500 0.4150 44.9880
v 26.1500 0.4650 44.9880
v 25.8500 0.4650 44.9880
v 27.8000 0.2750 42.7500
v 28.2000 0.2750 42.7500
v 28.2000 0.4250 42.7500
v 27.8000 0.4250 42.7500
v 27.8000 0.2750 45.2500
v 28.2000 0.2750 45.2500
v 28.2000 0.4250 45.2500
v 27.8000 0.4250 45.2500
v 27.8500 0.4150 43.0120
v 28.1500 0.4150 43.0120
v 28.1500 0.4650 43.0120
v 27.8500 0.4650 43.0120
v 27.8500 0.4150 43.3120
v 28.1500 0.4150 43.3120
v 28.1500 0.4650 43.3120
v 27.8500 0.4650 43.3120
v 27.8500 0.4150 44.6880
v 28.1500 0.4150 44.6880
v 28.1500 0.4650 44.6880
v 27.8500 0.4650 44.6880
v 27.8500 0.4150 44.9880
v 28.1500 0.4150 44.9880
v 28.1500 0.4650 44.9880
v 27.8500 0.4650 44.9880
v 29.8000 0.2750 42.7500
v 30.2000 0.2750 42.7500
v 30.2000 0.4250 42.7500
v 29.8000 0.4250 42.7500
v 29.8000 0.2750 45.2500
v 30.2000 0.2750 45.2500
v 30.2000 0.4250 45.2500
v 29.8000 0.4250 45.2500
v 29.8500 0.4150 43.0120
v 30.1500 0.4150 43.0120
v 30.1500 0.4650 43.0120
v 29.8500 0.4650 43.0120
v 29.8500 0.4150 43.3120
v 30.1500 0.4150 43.3120
v 30.1500 0.4650 43.3120
v 29.8500 0.4650 43.3120
v 29.8500 0.4150 44.6880
v 30.1500 0.4150 44.6880
v 30.1500 0.4650 44.6880
v 29.8500 0.4650 44.6880
v 29.8500 0.4150 44.9880
v 30.1500 0.4150 44.9880
v 30.1500 0.4650 44.9880
v 29.8500 0.4650 44.9880
v 31.8000 0.2750 42.7500
v 32.2000 0.2750 42.7500
v 32.2000 0.4250 42.7500
v 31.8000 0.4250 42.7500
v 31.8000 0.2750 45.2500
v 32.2000 0.2750 45.2500
v 32.2000 0.4250 45.2500
v 31.8000 0.4250 45.2500
v 31.8500 0.4150 43.0120
v 32.1500 0.4150 43.0120
v 32.1500 0.4650 43.0120
v 31.8500 0.4650 43.0120
v 31.8500 0.4150 43.3120
v 32.1500 0.4150 43.3120
v 32.1500 0.4650 43.3120
v 31.8500 0.4650 43.3120
v 31.8500 0.4150 44.6880
v 32.1500 0.4150 44.6880
v 32.1500 0.4650 44.6880
v 31.8500 0.4650 44.6880
v 31.8500 0.4150 44.9880
v 32.1500 0.4150 44.9880
v 32.1500 0.4650 44.9880
v 31.8500 0.4650 44.9880
v 33.8000 0.2750 42.7500
v 34.2000 0.2750 42.7500
v 34.2000 0.4250 42.7500
v 33.8000 0.4250 42.7500
v 33.8000 0.2750 45.2500
v 34.2000 0.2750 45.2500
v 34.2000 0.4250 45.2500
v 33.8000 0.4250 45.2500
v 33.8500 0.4150 43.0120
v 34.1500 0.4150 43.0120
v 34.1500 0.4650 43.0120
v 33.8500 0.4650 43.0120
v 33.8500 0.4150 43.3120
v 34.1500 0.4150 43.3120
v 34.1500 0.4650 43.3120
v 33.8500 0.4650 43.3120
v 33.8500 0.4150 44.6880
v 34.1500 0.4150 44.6880
v 34.1500 0.4650 44.6880
v 33.8500 0.4650 44.6880
v 33.8500 0.4150 44.9880
v 34.1500 0.4150 44.9880
v 34.1500 0.4650 44.9880
v 33.8500 0.4650 44.9880
v 35.8000 0.2750 42.7500
v 36.2000 0.2750 42.7500
v 36.2000 0.4250 42.7500
v 35.8000 0.4250 42.7500
v 35.8000 0.2750 45.2500
v 36.2000 0.2750 45.2500
v 36.2000 0.4250 45.2500
v 35.8000 0.4250 45.2500
v 35.8500 0.4150 43.0120
v 36.1500 0.4150 43.0120
v 36.1500 0.4650 43.0120
v 35.8500 0.4650 43.0120
v 35.8500 0.4150 43.3120
v 36.1500 0.4150 43.3120
v 36.1500 0.4650 43.3120
v 35.8500 0.4650 43.3120
v 35.8500 0.4150 44.6880
v 36.1500 0.4150 44.6880
v 36.1500 0.4650 44.6880
v 35.8500 0.4650 44.6880
v 35.8500 0.4150 44.9880
v 36.1500 0.4150 44.9880
v 36.1500 0.4650 44.9880
v 35.8500 0.4650 44.9880
v 37.8000 0.2750 42.7500
v 38.2000 0.2750 42.7500
v 38.2000 0.4250 42.7500
v 37.8000 0.4250 42.7500
v 37.8000 0.2750 45.2500
v 38.2000 0.2750 45.2500
v 38.2000 0.4250 45.2500
v 37.8000 0.4250 45.2500
v 37.8500 0.4150 43.0120
v 38.1500 0.4150 43.0120
v 38.1500 0.4650 43.0120
v 37.8500 0.4650 43.0120
v 37.8500 0.4150 43.3120
v 38.1500 0.4150 43.3120
v 38.1500 0.4650 43.3120
v 37.8500 0.4650 43.3120
v 37.8500 0.4150 44.6880
v 38.1500 0.4150 44.6880
v 38.1500 0.4650 44.6880
v 37.8500 0.4650 44.6880
v 37.8500 0.4150 44.9880
v 38.1500 0.4150 44.9880
v 38.1500 0.4650 44.9880
v 37.8500 0.4650 44.9880
v 39.8000 0.2750 42.7500
v 40.2000 0.2750 42.7500
v 40.2000 0.4250 42.7500
v 39.8000 0.4250 42.7500
v 39.8000 0.2750 45.2500
v 40.2000 0.2750 45.2500
v 40.2000 0.4250 45.2500
v 39.8000 0.4250 45.2500
v 39.8500 0.4150 43.0120
v 40.1500 0.4150 43.0120
v 40.1500 0.4650 43.0120
v 39.8500 0.4650 43.0120
v 39.8500 0.4150 43.3120
v 40.1500 0.4150 43.3120
v 40.1500 0.4650 43.3120
v 39.8500 0.4650 43.3120
v 39.8500 0.4150 44.6880
v 40.1500 0.4150 44.6880
v 40.1500 0.4650 44.6880
v 39.8500 0.4650 44.6880
v 39.8500 0.4150 44.9880
v 40.1500 0.4150 44.9880
v 40.1500 0.4650 44.9880
v 39.8500 0.4650 44.9880
v 41.8000 0.2750 42.7500
v 42.2000 0.2750 42.7500
v 42.2000 0.4250 42.7500
v 41.8000 0.4250 42.7500
v 41.8000 0.2750 45.2500
v 42.2000 0.2750 45.2500
v 42.2000 0.4250 45.2500
v 41.8000 0.4250 45.2500
v 41.8500 0.4150 43.0120
v 42.1500 0.4150 43.0120
v 42.1500 0.4650 43.0120
v 41.8500 0.4650 43.0120
v 41.8500 0.4150 43.3120
v 42.1500 0.4150 43.3120
v 42.1500 0.4650 43.3120
v 41.8500 0.4650 43.3120
v 41.8500 0.4150 44.6880
v 42.1500 0.4150 44.6880
v 42.1500 0.4650 44.6880
v 41.8500 0.4650 44.6880
v 41.8500 0.4150 44.9880
v 42.1500 0.4150 44.9880
v 42.1500 0.4650 44.9880
v 41.8500 0.4650 44.9880
v 43.8000 0.2750 42.7500
v 44.2000 0.2750 42.7500
v 44.2000 0.4250 42.7500
v 43.8000 0.4250 42.7500
v 43.8000 0.2750 45.2500
v 44.2000 0.2750 45.2500
v 44.2000 0.4250 45.2500
v 43.8000 0.4250 45.2500
v 43.8500 0.4150 43.0120
v 44.1500 0.4150 43.0120
v 44.1500 0.4650 43.0120
v 43.8500 0.4650 43.0120
v 43.8500 0.4150 43.3120
v 44.1500 0.4150 43.3120
v 44.1500 0.4650 43.3120
v 43.8500 0.4650 43.3120
v 43.8500 0.4150 44.6880
v 44.1500 0.4150 44.6880
v 44.1500 0.4650 44.6880
v 43.8500 0.4650 44.6880
v 43.8500 0.4150 44.9880
v 44.1500 0.4150 44.9880
v 44.1500 0.4650 44.9880
v 43.8500 0.4650 44.9880
v 45.8000 0.2750 42.7500
v 46.2000 0.2750 42.7500
v 46.2000 0.4250 42.7500
v 45.8000 0.4250 42.7500
v 45.8000 0.2750 45.2500
v 46.2000 0.2750 45.2500
v 46.2000 0.4250 45.2500
v 45.8000 0.4250 45.2500
v 45.8500 0.4150 43.0120
v 46.1500 0.4150 43.0120
v 46.1500 0.4650 43.0120
v 45.8500 0.4650 43.0120
v 45.8500 0.4150 43.3120
v 46.1500 0.4150 43.3120
v 46.1500 0.4650 43.3120
v 45.8500 0.4650 43.3120
v 45.8500 0.4150 44.6880
v 46.1500 0.4150 44.6880
v 46.1500 0.4650 44.6880
v 45.8500 0.4650 44.6880
v 45.8500 0.4150 44.9880
v 46.1500 0.4150 44.9880
v 46.1500 0.4650 44.9880
v 45.8500 0.4650 44.9880
v 47.8000 0.2750 42.7500
v 48.2000 0.2750 42.7500
v 48.2000 0.4250 42.7500
v 47.8000 0.4250 42.7500
v 47.8000 0.2750 45.2500
v 48.2000 0.2750 45.2500
v 48.2000 0.4250 45.2500
v 47.8000 0.4250 45.2500
v 47.8500 0.4150 43.0120
v 48.1500 0.4150 43.0120
v 48.1500 0.4650 43.0120
v 47.8500 0.4650 43.0120
v 47.8500 0.4150 43.3120
v 48.1500 0.4150 43.3120
v 48.1500 0.4650 43.3120
v 47.8500 0.4650 43.3120
v 47.8500 0.4150 44.6880
v 48.1500 0.4150 44.6880
v 48.1500 0.4650 44.6880
v 47.8500 0.4650 44.6880
v 47.8500 0.4150 44.9880
v 48.1500 0.4150 44.9880
v 48.1500 0.4650 44.9880
v 47.8500 0.4650 44.9880
v 49.8000 0.2750 42.7500
v 50.2000 0.2750 42.7500
v 50.2000 0.4250 42.7500
v 49.8000 0.4250 42.7500
v 49.8000 0.2750 45.2500
v 50.2000 0.2750 45.2500
v 50.2000 0.4250 45.2500
v 49.8000 0.4250 45.2500
v 49.8500 0.4150 43.0120
v 50.1500 0.4150 43.0120
v 50.1500 0.4650 43.0120
v 49.8500 0.4650 43.0120
v 49.8500 0.4150 43.3120
v 50.1500 0.4150 43.3120
v 50.1500 0.4650 43.3120
v 49.8500 0.4650 43.3120
v 49.8500 0.4150 44.6880
v 50.1500 0.4150 44.6880
v 50.1500 0.4650 44.6880
v 49.8500 0.4650 44.6880
v 49.8500 0.4150 44.9880
v 50.1500 0.4150 44.9880
v 50.1500 0.4650 44.9880
v 49.8500 0.4650 44.9880
v 51.8000 0.2750 42.7500
v 52.2000 0.2750 42.7500
v 52.2000 0.4250 42.7500
v 51.8000 0.4250 42.7500
v 51.8000 0.2750 45.2500
v 52.2000 0.2750 45.2500
v 52.2000 0.4250 45.2500
v 51.8000 0.4250 45.2500
v 51.8500 0.4150 43.0120
v 52.1500 0.4150 43.0120
v 52.1500 0.4650 43.0120
v 51.8500 0.4650 43.0120
v 51.8500 0.4150 43.3120
v 52.1500 0.4150 43.3120
v 52.1500 0.4650 43.3120
v 51.8500 0.4650 43.3120
v 51.8500 0.4150 44.6880
v 52.1500 0.4150 44.6880
v 52.1500 0.4650 44.6880
v 51.8500 0.4650 44.6880
v 51.8500 0.4150 44.9880
v 52.1500 0.4150 44.9880
v 52.1500 0.4650 44.9880
v 51.8500 0.4650 44.9880
v 53.8000 0.2750 42.7500
v 54.2000 0.2750 42.7500
v 54.2000 0.4250 42.7500
v 53.8000 0.4250 42.7500
v 53.8000 0.2750 45.2500
v 54.2000 0.2750 45.2500
v 54.2000 0.4250 45.2500
v 53.8000 0.4250 45.2500
v 53.8500 0.4150 43.0120
v 54.1500 0.4150 43.0120
v 54.1500 0.4650 43.0120
v 53.8500 0.4650 43.0120
v 53.8500 0.4150 43.3120
v 54.1500 0.4150 43.3120
v 54.1500 0.4650 43.3120
v 53.8500 0.4650 43.3120
v 53.8500 0.4150 44.6880
v 54.1500 0.4150 44.6880
v 54.1500 0.4650 44.6880
v 53.8500 0.4650 44.6880
v 53.8500 0.4150 44.9880
v 54.1500 0.4150 44.9880
v 54.1500 0.4650 44.9880
v 53.8500 0.4650 44.9880
v 55.8000 0.2750 42.7500
v 56.2000 0.2750 42.7500
v 56.2000 0.4250 42.7500
v 55.8000 0.4250 42.7500
v 55.8000 0.2750 45.2500
v 56.2000 0.2750 45.2500
v 56.2000 0.4250 45.2500
v 55.8000 0.4250 45.2500
v 55.8500 0.4150 43.0120
v 56.1500 0.4150 43.0120
v 56.1500 0.4650 43.0120
v 55.8500 0.4650 43.0120
v 55.8500 0.4150 43.3120
v 56.1500 0.4150 43.3120
v 56.1500 0.4650 43.3120
v 55.8500 0.4650 43.3120
v 55.8500 0.4150 44.6880
v 56.1500 0.4150 44.6880
v 56.1500 0.4650 44.6880
v 55.8500 0.4650 44.6880
v 55.8500 0.4150 44.9880
v 56.1500 0.4150 44.9880
v 56.1500 0.4650 44.9880
v 55.8500 0.4650 44.9880
v 57.8000 0.2750 42.7500
v 58.2000 0.2750 42.7500
v 58.2000 0.4250 42.7500
v 57.8000 0.4250 42.7500
v 57.8000 0.2750 45.2500
v 58.2000 0.2750 45.2500
v 58.2000 0.4250 45.2500
v 57.8000 0.4250 45.2500
v 57.8500 0.4150 43.0120
v 58.1500 0.4150 43.0120
v 58.1500 0.4650 43.0120
v 57.8500 0.4650 43.0120
v 57.8500 0.4150 43.3120
v 58.1500 0.4150 43.3120
v 58.1500 0.4650 43.3120
v 57.8500 0.4650 43.3120
v 57.8500 0.4150 44.6880
v 58.1500 0.4150 44.6880
v 58.1500 0.4650 44.6880
v 57.8500 0.4650 44.6880
v 57.8500 0.4150 44.9880
v 58.1500 0.4150 44.9880
v 58.1500 0.4650 44.9880
v 57.8500 0.4650 44.9880
v 59.8000 0.2750 42.7500
v 60.2000 0.2750 42.7500
v 60.2000 0.4250 42.7500
v 59.8000 0.4250 42.7500
v 59.8000 0.2750 45.2500
v 60.2000 0.2750 45.2500
v 60.2000 0.4250 45.2500
v 59.8000 0.4250 45.2500
v 59.8500 0.4150 43.0120
v 60.1500 0.4150 43.0120
v 60.1500 0.4650 43.0120
v 59.8500 0.4650 43.0120
v 59.8500 0.4150 43.3120
v 60.1500 0.4150 43.3120
v 60.1500 0.4650 43.3120
v 59.8500 0.4650 43.3120
v 59.8500 0.4150 44.6880
v 60.1500 0.4150 44.6880
v 60.1500 0.4650 44.6880
v 59.8500 0.4650 44.6880
v 59.8500 0.4150 44.9880
v 60.1500 0.4150 44.9880
v 60.1500 0.4650 44.9880
v 59.8500 0.4650 44.9880
v 61.8000 0.2750 42.7500
v 62.2000 0.2750 42.7500
v 62.2000 0.4250 42.7500
v 61.8000 0.4250 42.7500
v 61.8000 0.2750 45.2500
v 62.2000 0.2750 45.2500
v 62.2000 0.4250 45.2500
v 61.8000 0.4250 45.2500
v 61.8500 0.4150 43.0120
v 62.1500 0.4150 43.0120
v 62.1500 0.4650 43.0120
v 61.8500 0.4650 43.0120
v 61.8500 0.4150 43.3120
v 62.1500 0.4150 43.3120
v 62.1500 0.4650 43.3120
v 61.8500 0.4650 43.3120
v 61.8500 0.4150 44.6880
v 62.1500 0.4150 44.6880
v 62.1500 0.4650 44.6880
v 61.8500 0.4650 44.6880
v 61.8500 0.4150 44.9880
v 62.1500 0.4150 44.9880
v 62.1500 0.4650 44.9880
v 61.8500 0.4650 44.9880
v 63.8000 0.2750 42.7500
v 64.2000 0.2750 42.7500
v 64.2000 0.4250 42.7500
v 63.8000 0.4250 42.7500
v 63.8000 0.2750 45.2500
v 64.2000 0.2750 45.2500
v 64.2000 0.4250 45.2500
v 63.8000 0.4250 45.2500
v 63.8500 0.4150 43.0120
v 64.1500 0.4150 43.0120
v 64.1500 0.4650 43.0120
v 63.8500 0.4650 43.0120
v 63.8500 0.4150 43.3120
v 64.1500 0.4150 43.3120
v 64.1500 0.4650 43.3120
v 63.8500 0.4650 43.3120
v 63.8500 0.4150 44.6880
v 64.1500 0.4150 44.6880
v 64.1500 0.4650 44.6880
v 63.8500 0.4650 44.6880
v 63.8500 0.4150 44.9880
v 64.1500 0.4150 44.9880
v 64.1500 0.4650 44.9880
v 63.8500 0.4650 44.9880
v 65.8000 0.2750 42.7500
v 66.2000 0.2750 42.7500
v 66.2000 0.4250 42.7500
v 65.8000 0.4250 42.7500
v 65.8000 0.2750 45.2500
v 66.2000 0.2750 45.2500
v 66.2000 0.4250 45.2500
v 65.8000 0.4250 45.2500
v 65.8500 0.4150 43.0120
v 66.1500 0.4150 43.0120
v 66.1500 0.4650 43.0120
v 65.8500 0.4650 43.0120
v 65.8500 0.4150 43.3120
v 66.1500 0.4150 43.3120
v 66.1500 0.4650 43.3120
v 65.8500 0.4650 43.3120
v 65.8500 0.4150 44.6880
v 66.1500 0.4150 44.6880
v 66.1500 0.4650 44.6880
v 65.8500 0.4650 44.6880
v 65.8500 0.4150 44.9880
v 66.1500 0.4150 44.9880
v 66.1500 0.4650 44.9880
v 65.8500 0.4650 44.9880
v 67.8000 0.2750 42.7500
v 68.2000 0.2750 42.7500
v 68.2000 0.4250 42.7500
v 67.8000 0.4250 42.7500
v 67.8000 0.2750 45.2500
v 68.2000 0.2750 45.2500
v 68.2000 0.4250 45.2500
v 67.8000 0.4250 45.2500
v 67.8500 0.4150 43.0120
v 68.1500 0.4150 43.0120
v 68.1500 0.4650 43.0120
v 67.8500 0.4650 43.0120
v 67.8500 0.4150 43.3120
v 68.1500 0.4150 43.3120
v 68.1500 0.4650 43.3120
v 67.8500 0.4650 43.3120
v 67.8500 0.4150 44.6880
v 68.1500 0.4150 44.6880
v 68.1500 0.4650 44.6880
v 67.8500 0.4650 44.6880
v 67.8500 0.4150 44.9880
v 68.1500 0.4150 44.9880
v 68.1500 0.4650 44.9880
v 67.8500 0.4650 44.9880
v 69.8000 0.2750 42.7500
v 70.2000 0.2750 42.7500
v 70.2000 0.4250 42.7500
v 69.8000 0.4250 42.7500
v 69.8000 0.2750 45.2500
v 70.2000 0.2750 45.2500
v 70.2000 0.4250 45.2500
v 69.8000 0.4250 45.2500
v 69.8500 0.4150 43.0120
v 70.1500 0.4150 43.0120
v 70.1500 0.4650 43.0120
v 69.8500 0.4650 43.0120
v 69.8500 0.4150 43.3120
v 70.1500 0.4150 43.3120
v 70.1500 0.4650 43.3120
v 69.8500 0.4650 43.3120
v 69.8500 0.4150 44.6880
v 70.1500 0.4150 44.6880
v 70.1500 0.4650 44.6880
v 69.8500 0.4650 44.6880
v 69.8500 0.4150 44.9880
v 70.1500 0.4150 44.9880
v 70.1500 0.4650 44.9880
v 69.8500 0.4650 44.9880
v 71.8000 0.2750 42.7500
v 72.2000 0.2750 42.7500
v 72.2000 0.4250 42.7500
v 71.8000 0.4250 42.7500
v 71.8000 0.2750 45.2500
v 72.2000 0.2750 45.2500
v 72.2000 0.4250 45.2500
v 71.8000 0.4250 45.2500
v 71.8500 0.4150 43.0120
v 72.1500 0.4150 43.0120
v 72.1500 0.4650 43.0120
v 71.8500 0.4650 43.0120
v 71.8500 0.4150 43.3120
v 72.1500 0.4150 43.3120
v 72.1500 0.4650 43.3120
v 71.8500 0.4650 43.3120
v 71.8500 0.4150 44.6880
v 72.1500 0.4150 44.6880
v 72.1500 0.4650 44.6880
v 71.8500 0.4650 44.6880
v 71.8500 0.4150 44.9880
v 72.1500 0.4150 44.9880
v 72.1500 0.4650 44.9880
v 71.8500 0.4650 44.9880
v 73.8000 0.2750 42.7500
v 74.2000 0.2750 42.7500
v 74.2000 0.4250 42.7500
v 73.8000 0.4250 42.7500
v 73.8000 0.2750 45.2500
v 74.2000 0.2750 45.2500
v 74.2000 0.4250 45.2500
v 73.8000 0.4250 45.2500
v 73.8500 0.4150 43.0120
v 74.1500 0.4150 43.0120
v 74.1500 0.4650 43.0120
v 73.8500 0.4650 43.0120
v 73.8500 0.4150 43.3120
v 74.1500 0.4150 43.3120
v 74.1500 0.4650 43.3120
v 73.8500 0.4650 43.3120
v 73.8500 0.4150 44.6880
v 74.1500 0.4150 44.6880
v 74.1500 0.4650 44.6880
v 73.8500 0.4650 44.6880
v 73.8500 0.4150 44.9880
v 74.1500 0.4150 44.9880
v 74.1500 0.4650 44.9880
v 73.8500 0.4650 44.9880
v 75.8000 0.2750 42.7500
v 76.2000 0.2750 42.7500
v 76.2000 0.4250 42.7500
v 75.8000 0.4250 42.7500
v 75.8000 0.2750 45.2500
v 76.2000 0.2750 45.2500
v 76.2000 0.4250 45.2500
v 75.8000 0.4250 45.2500
v 75.8500 0.4150 43.0120
v 76.1500 0.4150 43.0120
v 76.1500 0.4650 43.0120
v 75.8500 0.4650 43.0120
v 75.8500 0.4150 43.3120
v 76.1500 0.4150 43.3120
v 76.1500 0.4650 43.3120
v 75.8500 0.4650 43.3120
v 75.8500 0.4150 44.6880
v 76.1500 0.4150 44.6880
v 76.1500 0.4650 44.6880
v 75.8500 0.4650 44.6880
v 75.8500 0.4150 44.9880
v 76.1500 0.4150 44.9880
v 76.1500 0.4650 44.9880
v 75.8500 0.4650 44.9880
v 77.8000 0.2750 42.7500
v 78.2000 0.2750 42.7500
v 78.2000 0.4250 42.7500
v 77.8000 0.4250 42.7500
v 77.8000 0.2750 45.2500
v 78.2000 0.2750 45.2500
v 78.2000 0.4250 45.2500
v 77.8000 0.4250 45.2500
v 77.8500 0.4150 43.0120
v 78.1500 0.4150 43.0120
v 78.1500 0.4650 43.0120
v 77.8500 0.4650 43.0120
v 77.8500 0.4150 43.3120
v 78.1500 0.4150 43.3120
v 78.1500 0.4650 43.3120
v 77.8500 0.4650 43.3120
v 77.8500 0.4150 44.6880
v 78.1500 0.4150 44.6880
v 78.1500 0.4650 44.6880
v 77.8500 0.4650 44.6880
v 77.8500 0.4150 44.9880
v 78.1500 0.4150 44.9880
v 78.1500 0.4650 44.9880
v 77.8500 0.4650 44.9880
v 79.8000 0.2750 42.7500
v 80.2000 0.2750 42.7500
v 80.2000 0.4250 42.7500
v 79.8000 0.4250 42.7500
v 79.8000 0.2750 45.2500
v 80.2000 0.2750 45.2500
v 80.2000 0.4250 45.2500
v 79.8000 0.4250 45.2500
v 79.8500 0.4150 43.0120
v 80.1500 0.4150 43.0120
v 80.1500 0.4650 43.0120
v 79.8500 0.4650 43.0120
v 79.8500 0.4150 43.3120
v 80.1500 0.4150 43.3120
v 80.1500 0.4650 43.3120
v 79.8500 0.4650 43.3120
v 79.8500 0.4150 44.6880
v 80.1500 0.4150 44.6880
v 80.1500 0.4650 44.6880
v 79.8500 0.4650 44.6880
v 79.8500 0.4150 44.9880
v 80.1500 0.4150 44.9880
v 80.1500 0.4650 44.9880
v 79.8500 0.4650 44.9880
v 81.8000 0.2750 42.7500
v 82.2000 0.2750 42.7500
v 82.2000 0.4250 42.7500
v 81.8000 0.4250 42.7500
v 81.8000 0.2750 45.2500
v 82.2000 0.2750 45.2500
v 82.2000 0.4250 45.2500
v 81.8000 0.4250 45.2500
v 81.8500 0.4150 43.0120
v 82.1500 0.4150 43.0120
v 82.1500 0.4650 43.0120
v 81.8500 0.4650 43.0120
v 81.8500 0.4150 43.3120
v 82.1500 0.4150 43.3120
v 82.1500 0.4650 43.3120
v 81.8500 0.4650 43.3120
v 81.8500 0.4150 44.6880
v 82.1500 0.4150 44.6880
v 82.1500 0.4650 44.6880
v 81.8500 0.4650 44.6880
v 81.8500 0.4150 44.9880
v 82.1500 0.4150 44.9880
v 82.1500 0.4650 44.9880
v 81.8500 0.4650 44.9880
v 83.8000 0.2750 42.7500
v 84.2000 0.2750 42.7500
v 84.2000 0.4250 42.7500
v 83.8000 0.4250 42.7500
v 83.8000 0.2750 45.2500
v 84.2000 0.2750 45.2500
v 84.2000 0.4250 45.2500
v 83.8000 0.4250 45.2500
v 83.8500 0.4150 43.0120
v 84.1500 0.4150 43.0120
v 84.1500 0.4650 43.0120
v 83.8500 0.4650 43.0120
v 83.8500 0.4150 43.3120
v 84.1500 0.4150 43.3120
v 84.1500 0.4650 43.3120
v 83.8500 0.4650 43.3120
v 83.8500 0.4150 44.6880
v 84.1500 0.4150 44.6880
v 84.1500 0.4650 44.6880
v 83.8500 0.4650 44.6880
v 83.8500 0.4150 44.9880
v 84.1500 0.4150 44.9880
v 84.1500 0.4650 44.9880
v 83.8500 0.4650 44.9880
v 85.8000 0.2750 42.7500
v 86.2000 0.2750 42.7500
v 86.2000 0.4250 42.7500
v 85.8000 0.4250 42.7500
v 85.8000 0.2750 45.2500
v 86.2000 0.2750 45.2500
v 86.2000 0.4250 45.2500
v 85.8000 0.4250 45.2500
v 85.8500 0.4150 43.0120
v 86.1500 0.4150 43.0120
v 86.1500 0.4650 43.0120
v 85.8500 0.4650 43.0120
v 85.8500 0.4150 43.3120
v 86.1500 0.4150 43.3120
v 86.1500 0.4650 43.3120
v 85.8500 0.4650 43.3120
v 85.8500 0.4150 44.6880
v 86.1500 0.4150 44.6880
v 86.1500 0.4650 44.6880
v 85.8500 0.4650 44.6880
v 85.8500 0.4150 44.9880
v 86.1500 0.4150 44.9880
v 86.1500 0.4650 44.9880
v 85.8500 0.4650 44.9880
v 87.8000 0.2750 42.7500
v 88.2000 0.2750 42.7500
v 88.2000 0.4250 42.7500
v 87.8000 0.4250 42.7500
v 87.8000 0.2750 45.2500
v 88.2000 0.2750 45.2500
v 88.2000 0.4250 45.2500
v 87.8000 0.4250 45.2500
v 87.8500 0.4150 43.0120
v 88.1500 0.4150 43.0120
v 88.1500 0.4650 43.0120
v 87.8500 0.4650 43.0120
v 87.8500 0.4150 43.3120
v 88.1500 0.4150 43.3120
v 88.1500 0.4650 43.3120
v 87.8500 0.4650 43.3120
v 87.8500 0.4150 44.6880
v 88.1500 0.4150 44.6880
v 88.1500 0.4650 44.6880
v 87.8500 0.4650 44.6880
v 87.8500 0.4150 44.9880
v 88.1500 0.4150 44.9880
v 88.1500 0.4650 44.9880
v 87.8500 0.4650 44.9880
v -90.0000 0.4500 43.1020
v 90.0000 0.4500 43.1020
v 90.0000 0.6500 43.1020
v -90.0000 0.6500 43.1020
v -90.0000 0.4500 43.2220
v 90.0000 0.4500 43.2220
v 90.0000 0.6500 43.2220
v -90.0000 0.6500 43.2220
v -90.0000 0.4500 44.7780
v 90.0000 0.4500 44.7780
v 90.0000 0.6500 44.7780
v -90.0000 0.6500 44.7780
v -90.0000 0.4500 44.8980
v 90.0000 0.4500 44.8980
v 90.0000 0.6500 44.8980
v -90.0000 0.6500 44.8980
v -90.0000 0.0000 56.4000
v 90.0000 0.0000 56.4000
v 90.0000 0.3000 56.4000
v -90.0000 0.3000 56.4000
v -90.0000 0.0000 59.6000
v 90.0000 0.0000 59.6000
v 90.0000 0.3000 59.6000
v -90.0000 0.3000 59.6000
v -88.2000 0.2750 56.7500
v -87.8000 0.2750 56.7500
v -87.8000 0.4250 56.7500
v -88.2000 0.4250 56.7500
v -88.2000 0.2750 59.2500
v -87.8000 0.2750 59.2500
v -87.8000 0.4250 59.2500
v -88.2000 0.4250 59.2500
v -88.1500 0.4150 57.0120
v -87.8500 0.4150 57.0120
v -87.8500 0.4650 57.0120
v -88.1500 0.4650 57.0120
v -88.1500 0.4150 57.3120
v -87.8500 0.4150 57.3120
v -87.8500 0.4650 57.3120
v -88.1500 0.4650 57.3120
v -88.1500 0.4150 58.6880
v -87.8500 0.4150 58.6880
v -87.8500 0.4650 58.6880
v -88.1500 0.4650 58.6880
v -88.1500 0.4150 58.9880
v -87.8500 0.4150 58.9880
v -87.8500 0.4650 58.9880
v -88.1500 0.4650 58.9880
v -86.2000 0.2750 56.7500
v -85.8000 0.2750 56.7500
v -85.8000 0.4250 56.7500
v -86.2000 0.4250 56.7500
v -86.2000 0.2750 59.2500
v -85.8000 0.2750 59.2500
v -85.8000 0.4250 59.2500
v -86.2000 0.4250 59.2500
v -86.1500 0.4150 57.0120
v -85.8500 0.4150 57.0120
v -85.8500 0.4650 57.0120
v -86.1500 0.4650 57.0120
v -86.1500 0.4150 57.3120
v -85.8500 0.4150 57.3120
v -85.8500 0.4650 57.3120
v -86.1500 0.4650 57.3120
v -86.1500 0.4150 58.6880
v -85.8500 0.4150 58.6880
v -85.8500 0.4650 58.6880
v -86.1500 0.4650 58.6880
v -86.1500 0.4150 58.9880
v -85.8500 0.4150 58.9880
v -85.8500 0.4650 58.9880
v -86.1500 0.4650 58.9880
v -84.2000 0.2750 56.7500
v -83.8000 0.2750 56.7500
v -83.8000 0.4250 56.7500
v -84.2000 0.4250 56.7500
v -84.2000 0.2750 59.2500
v -83.8000 0.2750 59.2500
v -83.8000 0.4250 59.2500
v -84.2000 0.4250 59.2500
v -84.1500 0.4150 57.0120
v -83.8500 0.4150 57.0120
v -83.8500 0.4650 57.0120
v -84.1500 0.4650 57.0120
v -84.1500 0.4150 57.3120
v -83.8500 0.4150 57.3120
v -83.8500 0.4650 57.3120
v -84.1500 0.4650 57.3120
v -84.1500 0.4150 58.6880
v -83.8500 0.4150 58.6880
v -83.8500 0.4650 58.6880
v -84.1500 0.4650 58.6880
v -84.1500 0.4150 58.9880
v -83.8500 0.4150 58.9880
v -83.8500 0.4650 58.9880
v -84.1500 0.4650 58.9880
v -82.2000 0.2750 56.7500
v -81.8000 0.2750 56.7500
v -81.8000 0.4250 56.7500
v -82.2000 0.4250 56.7500
v -82.2000 0.2750 59.2500
v -81.8000 0.2750 59.2500
v -81.8000 0.4250 59.2500
v -82.2000 0.4250 59.2500
v -82.1500 0.4150 57.0120
v -81.8500 0.4150 57.0120
v -81.8500 0.4650 57.0120
v -82.1500 0.4650 57.0120
v -82.1500 0.4150 57.3120
v -81.8500 0.4150 57.3120
v -81.8500 0.4650 57.3120
v -82.1500 0.4650 57.3120
v -82.1500 0.4150 58.6880
v -81.8500 0.4150 58.6880
v -81.8500 0.4650 58.6880
v -82.1500 0.4650 58.6880
v -82.1500 0.4150 58.9880
v -81.8500 0.4150 58.9880
v -81.8500 0.4650 58.9880
v -82.1500 0.4650 58.9880
v -80.2000 0.2750 56.7500
v -79.8000 0.2750 56.7500
v -79.8000 0.4250 56.7500
v -80.2000 0.4250 56.7500
v -80.2000 0.2750 59.2500
v -79.8000 0.2750 59.2500
v -79.8000 0.4250 59.2500
v -80.2000 0.4250 59.2500
v -80.1500 0.4150 57.0120
v -79.8500 0.4150 57.0120
v -79.8500 0.4650 57.0120
v -80.1500 0.4650 57.0120
v -80.1500 0.4150 57.3120
v -79.8500 0.4150 57.3120
v -79.8500 0.4650 57.3120
v -80.1500 0.4650 57.3120
v -80.1500 0.4150 58.6880
v -79.8500 0.4150 58.6880
v -79.8500 0.4650 58.6880
v -80.1500 0.4650 58.6880
v -80.1500 0.4150 58.9880
v -79.8500 0.4150 58.9880
v -79.8500 0.4650 58.9880
v -80.1500 0.4650 58.9880
v -78.2000 0.2750 56.7500
v -77.8000 0.2750 56.7500
v -77.8000 0.4250 56.7500
v -78.2000 0.4250 56.7500
v -78.2000 0.2750 59.2500
v -77.8000 0.2750 59.2500
v -77.8000 0.4250 59.2500
v -78.2000 0.4250 59.2500
v -78.1500 0.4150 57.0120
v -77.8500 0.4150 57.0120
v -77.8500 0.4650 57.0120
v -78.1500 0.4650 57.0120
v -78.1500 0.4150 57.3120
v -77.8500 0.4150 57.3120
v -77.8500 0.4650 57.3120
v -78.1500 0.4650 57.3120
v -78.1500 0.4150 58.6880
v -77.8500 0.4150 58.6880
v -77.8500 0.4650 58.6880
v -78.1500 0.4650 58.6880
v -78.1500 0.4150 58.9880
v -77.8500 0.4150 58.9880
v -77.8500 0.4650 58.9880
v -78.1500 0.4650 58.9880
v -76.2000 0.2750 56.7500
v -75.8000 0.2750 56.7500
v -75.8000 0.4250 56.7500
v -76.2000 0.4250 56.7500
v -76.2000 0.2750 59.2500
v -75.8000 0.2750 59.2500
v -75.8000 0.4250 59.2500
v -76.2000 0.4250 59.2500
v -76.1500 0.4150 57.0120
v -75.8500 0.4150 57.0120
v -75.8500 0.4650 57.0120
v -76.1500 0.4650 57.0120
v -76.1500 0.4150 57.3120
v -75.8500 0.4150 57.3120
v -75.8500 0.4650 57.3120
v -76.1500 0.4650 57.3120
v -76.1500 0.4150 58.6880
v -75.8500 0.4150 58.6880
v -75.8500 0.4650 58.6880
v -76.1500 0.4650 58.6880
v -76.1500 0.4150 58.9880
v -75.8500 0.4150 58.9880
v -75.8500 0.4650 58.9880
v -76.1500 0.4650 58.9880
v -74.2000 0.2750 56.7500
v -73.8000 0.2750 56.7500
v -73.8000 0.4250 56.7500
v -74.2000 0.4250 56.7500
v -74.2000 0.2750 59.2500
v -73.8000 0.2750 59.2500
v -73.8000 0.4250 59.2500
v -74.2000 0.4250 59.2500
v -74.1500 0.4150 57.0120
v -73.8500 0.4150 57.0120
v -73.8500 0.4650 57.0120
v -74.1500 0.4650 57.0120
v -74.1500 0.4150 57.3120
v -73.8500 0.4150 57.3120
v -73.8500 0.4650 57.3120
v -74.1500 0.4650 57.3120
v -74.1500 0.4150 58.6880
v -73.8500 0.4150 58.6880
v -73.8500 0.4650 58.6880
v -74.1500 0.4650 58.6880
v -74.1500 0.4150 58.9880
v -73.8500 0.4150 58.9880
v -73.8500 0.4650 58.9880
v -74.1500 0.4650 58.9880
v -72.2000 0.2750 56.7500
v -71.8000 0.2750 56.7500
v -71.8000 0.4250 56.7500
v -72.2000 0.4250 56.7500
v -72.2000 0.2750 59.2500
v -71.8000 0.2750 59.2500
v -71.8000 0.4250 59.2500
v -72.2000 0.4250 59.2500
v -72.1500 0.4150 57.0120
v -71.8500 0.4150 57.0120
v -71.8500 0.4650 57.0120
v -72.1500 0.4650 57.0120
v -72.1500 0.4150 57.3120
v -71.8500 0.4150 57.3120
v -71.8500 0.4650 57.3120
v -72.1500 0.4650 57.3120
v -72.1500 0.4150 58.6880
v -71.8500 0.4150 58.6880
v -71.8500 0.4650 58.6880
v -72.1500 0.4650 58.6880
v -72.1500 0.4150 58.9880
v -71.8500 0.4150 58.9880
v -71.8500 0.4650 58.9880
v -72.1500 0.4650 58.9880
v -70.2000 0.2750 56.7500
v -69.8000 0.2750 56.7500
v -69.8000 0.4250 56.7500
v -70.2000 0.4250 56.7500
v -70.2000 0.2750 59.2500
v -69.8000 0.2750 59.2500
v -69.8000 0.4250 59.2500
v -70.2000 0.4250 59.2500
v -70.1500 0.4150 57.0120
v -69.8500 0.4150 57.0120
v -69.8500 0.4650 57.0120
v -70.1500 0.4650 57.0120
v -70.1500 0.4150 57.3120
v -69.8500 0.4150 57.3120
v -69.8500 0.4650 57.3120
v -70.1500 0.4650 57.3120
v -70.1500 0.4150 58.6880
v -69.8500 0.4150 58.6880
v -69.8500 0.4650 58.6880
v -70.1500 0.4650 58.6880
v -70.1500 0.4150 58.9880
v -69.8500 0.4150 58.9880
v -69.8500 0.4650 58.9880
v -70.1500 0.4650 58.9880
v -68.2000 0.2750 56.7500
v -67.8000 0.2750 56.7500
v -67.8000 0.4250 56.7500
v -68.2000 0.4250 56.7500
v -68.2000 0.2750 59.2500
v -67.8000 0.2750 59.2500
v -67.8000 0.4250 59.2500
v -68.2000 0.4250 59.2500
v -68.1500 0.4150 57.0120
v -67.8500 0.4150 57.0120
v -67.8500 0.4650 57.0120
v -68.1500 0.4650 57.0120
v -68.1500 0.4150 57.3120
v -67.8500 0.4150 57.3120
v -67.8500 0.4650 57.3120
v -68.1500 0.4650 57.3120
v -68.1500 0.4150 58.6880
v -67.8500 0.4150 58.6880
v -67.8500 0.4650 58.6880
v -68.1500 0.4650 58.6880
v -68.1500 0.4150 58.9880
v -67.8500 0.4150 58.9880
v -67.8500 0.4650 58.9880
v -68.1500 0.4650 58.9880
v -66.2000 0.2750 56.7500
v -65.8000 0.2750 56.7500
v -65.8000 0.4250 56.7500
v -66.2000 0.4250 56.7500
v -66.2000 0.2750 59.2500
v -65.8000 0.2750 59.2500
v -65.8000 0.4250 59.2500
v -66.2000 0.4250 59.2500
v -66.1500 0.4150 57.0120
v -65.8500 0.4150 57.0120
v -65.8500 0.4650 57.0120
v -66.1500 0.4650 57.0120
v -66.1500 0.4150 57.3120
v -65.8500 0.4150 57.3120
v -65.8500 0.4650 57.3120
v -66.1500 0.4650 57.3120
v -66.1500 0.4150 58.6880
v -65.8500 0.4150 58.6880
v -65.8500 0.4650 58.6880
v -66.1500 0.4650 58.6880
v -66.1500 0.4150 58.9880
v -65.8500 0.4150 58.9880
v -65.8500 0.4650 58.9880
v -66.1500 0.4650 58.9880
v -64.2000 0.2750 56.7500
v -63.8000 0.2750 56.7500
v -63.8000 0.4250 56.7500
v -64.2000 0.4250 56.7500
v -64.2000 0.2750 59.2500
v -63.8000 0.2750 59.2500
v -63.8000 0.4250 59.2500
v -64.2000 0.4250 59.2500
v -64.1500 0.4150 57.0120
v -63.8500 0.4150 57.0120
v -63.8500 0.4650 57.0120
v -64.1500 0.4650 57.0120
v -64.1500 0.4150 57.3120
v -63.8500 0.4150 57.3120
v -63.8500 0.4650 57.3120
v -64.1500 0.4650 57.3120
v -64.1500 0.4150 58.6880
v -63.8500 0.4150 58.6880
v -63.8500 0.4650 58.6880
v -64.1500 0.4650 58.6880
v -64.1500 0.4150 58.9880
v -63.8500 0.4150 58.9880
v -63.8500 0.4650 58.9880
v -64.1500 0.4650 58.9880
v -62.2000 0.2750 56.7500
v -61.8000 0.2750 56.7500
v -61.8000 0.4250 56.7500
v -62.2000 0.4250 56.7500
v -62.2000 0.2750 59.2500
v -61.8000 0.2750 59.2500
v -61.8000 0.4250 59.2500
v -62.2000 0.4250 59.2500
v -62.1500 0.4150 57.0120
v -61.8500 0.4150 57.0120
v -61.8500 0.4650 57.0120
v -62.1500 0.4650 57.0120
v -62.1500 0.4150 57.3120
v -61.8500 0.4150 57.3120
v -61.8500 0.4650 57.3120
v -62.1500 0.4650 57.3120
v -62.1500 0.4150 58.6880
v -61.8500 0.4150 58.6880
v -61.8500 0.4650 58.6880
v -62.1500 0.4650 58.6880
v -62.1500 0.4150 58.9880
v -61.8500 0.4150 58.9880
v -61.8500 0.4650 58.9880
v -62.1500 0.4650 58.9880
v -60.2000 0.2750 56.7500
v -59.8000 0.2750 56.7500
v -59.8000 0.4250 56.7500
v -60.2000 0.4250 56.7500
v -60.2000 0.2750 59.2500
v -59.8000 0.2750 59.2500
v -59.8000 0.4250 59.2500
v -60.2000 0.4250 59.2500
v -60.1500 0.4150 57.0120
v -59.8500 0.4150 57.0120
v -59.8500 0.4650 57.0120
v -60.1500 0.4650 57.0120
v -60.1500 0.4150 57.3120
v -59.8500 0.4150 57.3120
v -59.8500 0.4650 57.3120
v -60.1500 0.4650 57.3120
v -60.1500 0.4150 58.6880
v -59.8500 0.4150 58.6880
v -59.8500 0.4650 58.6880
v -60.1500 0.4650 58.6880
v -60.1500 0.4150 58.9880
v -59.8500 0.4150 58.9880
v -59.8500 0.4650 58.9880
v -60.1500 0.4650 58.9880
v -58.2000 0.2750 56.7500
v -57.8000 0.2750 56.7500
v -57.8000 0.4250 56.7500
v -58.2000 0.4250 56.7500
v -58.2000 0.2750 59.2500
v -57.8000 0.2750 59.2500
v -57.8000 0.4250 59.2500
v -58.2000 0.4250 59.2500
v -58.1500 0.4150 57.0120
v -57.8500 0.4150 57.0120
v -57.8500 0.4650 57.0120
v -58.1500 0.4650 57.0120
v -58.1500 0.4150 57.3120
v -57.8500 0.4150 57.3120
v -57.8500 0.4650 57.3120
v -58.1500 0.4650 57.3120
v -58.1500 0.4150 58.6880
v -57.8500 0.4150 58.6880
v -57.8500 0.4650 58.6880
v -58.1500 0.4650 58.6880
v -58.1500 0.4150 58.9880
v -57.8500 0.4150 58.9880
v -57.8500 0.4650 58.9880
v -58.1500 0.4650 58.9880
v -56.2000 0.2750 56.7500
v -55.8000 0.2750 56.7500
v -55.8000 0.4250 56.7500
v -56.2000 0.4250 56.7500
v -56.2000 0.2750 59.2500
v -55.8000 0.2750 59.2500
v -55.8000 0.4250 59.2500
v -56.2000 0.4250 59.2500
v -56.1500 0.4150 57.0120
v -55.8500 0.4150 57.0120
v -55.8500 0.4650 57.0120
v -56.1500 0.4650 57.0120
v -56.1500 0.4150 57.3120
v -55.8500 0.4150 57.3120
v -55.8500 0.4650 57.3120
v -56.1500 0.4650 57.3120
v -56.1500 0.4150 58.6880
v -55.8500 0.4150 58.6880
v -55.8500 0.4650 58.6880
v -56.1500 0.4650 58.6880
v -56.1500 0.4150 58.9880
v -55.8500 0.4150 58.9880
v -55.8500 0.4650 58.9880
v -56.1500 0.4650 58.9880
v -54.2000 0.2750 56.7500
v -53.8000 0.2750 56.7500
v -53.8000 0.4250 56.7500
v -54.2000 0.4250 56.7500
v -54.2000 0.2750 59.2500
v -53.8000 0.2750 59.2500
v -53.8000 0.4250 59.2500
v -54.2000 0.4250 59.2500
v -54.1500 0.4150 57.0120
v -53.8500 0.4150 57.0120
v -53.8500 0.4650 57.0120
v -54.1500 0.4650 57.0120
v -54.1500 0.4150 57.3120
v -53.8500 0.4150 57.3120
v -53.8500 0.4650 57.3120
v -54.1500 0.4650 57.3120
v -54.1500 0.4150 58.6880
v -53.8500 0.4150 58.6880
v -53.8500 0.4650 58.6880
v -54.1500 0.4650 58.6880
v -54.1500 0.4150 58.9880
v -53.8500 0.4150 58.9880
v -53.8500 0.4650 58.9880
v -54.1500 0.4650 58.9880
v -52.2000 0.2750 56.7500
v -51.8000 0.2750 56.7500
v -51.8000 0.4250 56.7500
v -52.2000 0.4250 56.7500
v -52.2000 0.2750 59.2500
v -51.8000 0.2750 59.2500
v -51.8000 0.4250 59.2500
v -52.2000 0.4250 59.2500
v -52.1500 0.4150 57.0120
v -51.8500 0.4150 57.0120
v -51.8500 0.4650 57.0120
v -52.1500 0.4650 57.0120
v -52.1500 0.4150 57.3120
v -51.8500 0.4150 57.3120
v -51.8500 0.4650 57.3120
v -52.1500 0.4650 57.3120
v -52.1500 0.4150 58.6880
v -51.8500 0.4150 58.6880
v -51.8500 0.4650 58.6880
v -52.1500 0.4650 58.6880
v -52.1500 0.4150 58.9880
v -51.8500 0.4150 58.9880
v -51.8500 0.4650 58.9880
v -52.1500 0.4650 58.9880
v -50.2000 0.2750 56.7500
v -49.8000 0.2750 56.7500
v -49.8000 0.4250 56.7500
v -50.2000 0.4250 56.7500
v -50.2000 0.2750 59.2500
v -49.8000 0.2750 59.2500
v -49.8000 0.4250 59.2500
v -50.2000 0.4250 59.2500
v -50.1500 0.4150 57.0120
v -49.8500 0.4150 57.0120
v -49.8500 0.4650 57.0120
v -50.1500 0.4650 57.0120
v -50.1500 0.4150 57.3120
v -49.8500 0.4150 57.3120
v -49.8500 0.4650 57.3120
v -50.1500 0.4650 57.3120
v -50.1500 0.4150 58.6880
v -49.8500 0.4150 58.6880
v -49.8500 0.4650 58.6880
v -50.1500 0.4650 58.6880
v -50.1500 0.4150 58.9880
v -49.8500 0.4150 58.9880
v -49.8500 0.4650 58.9880
v -50.1500 0.4650 58.9880
v -48.2000 0.2750 56.7500
v -47.8000 0.2750 56.7500
v -47.8000 0.4250 56.7500
v -48.2000 0.4250 56.7500
v -48.2000 0.2750 59.2500
v -47.8000 0.2750 59.2500
v -47.8000 0.4250 59.2500
v -48.2000 0.4250 59.2500
v -48.1500 0.4150 57.0120
v -47.8500 0.4150 57.0120
v -47.8500 0.4650 57.0120
v -48.1500 0.4650 57.0120
v -48.1500 0.4150 57.3120
v -47.8500 0.4150 57.3120
v -47.8500 0.4650 57.3120
v -48.1500 0.4650 57.3120
v -48.1500 0.4150 58.6880
v -47.8500 0.4150 58.6880
v -47.8500 0.4650 58.6880
v -48.1500 0.4650 58.6880
v -48.1500 0.4150 58.9880
v -47.8500 0.4150 58.9880
v -47.8500 0.4650 58.9880
v -48.1500 0.4650 58.9880
v -46.2000 0.2750 56.7500
v -45.8000 0.2750 56.7500
v -45.8000 0.4250 56.7500
v -46.2000 0.4250 56.7500
v -46.2000 0.2750 59.2500
v -45.8000 0.2750 59.2500
v -45.8000 0.4250 59.2500
v -46.2000 0.4250 59.2500
v -46.1500 0.4150 57.0120
v -45.8500 0.4150 57.0120
v -45.8500 0.4650 57.0120
v -46.1500 0.4650 57.0120
v -46.1500 0.4150 57.3120
v -45.8500 0.4150 57.3120
v -45.8500 0.4650 57.3120
v -46.1500 0.4650 57.3120
v -46.1500 0.4150 58.6880
v -45.8500 0.4150 58.6880
v -45.8500 0.4650 58.6880
v -46.1500 0.4650 58.6880
v -46.1500 0.4150 58.9880
v -45.8500 0.4150 58.9880
v -45.8500 0.4650 58.9880
v -46.1500 0.4650 58.9880
v -44.2000 0.2750 56.7500
v -43.8000 0.2750 56.7500
v -43.8000 0.4250 56.7500
v -44.2000 0.4250 56.7500
v -44.2000 0.2750 59.2500
v -43.8000 0.2750 59.2500
v -43.8000 0.4250 59.2500
v -44.2000 0.4250 59.2500
v -44.1500 0.4150 57.0120
v -43.8500 0.4150 57.0120
v -43.8500 0.4650 57.0120
v -44.1500 0.4650 57.0120
v -44.1500 0.4150 57.3120
v -43.8500 0.4150 57.3120
v -43.8500 0.4650 57.3120
v -44.1500 0.4650 57.3120
v -44.1500 0.4150 58.6880
v -43.8500 0.4150 58.6880
v -43.8500 0.4650 58.6880
v -44.1500 0.4650 58.6880
v -44.1500 0.4150 58.9880
v -43.8500 0.4150 58.9880
v -43.8500 0.4650 58.9880
v -44.1500 0.4650 58.9880
v -42.2000 0.2750 56.7500
v -41.8000 0.2750 56.7500
v -41.8000 0.4250 56.7500
v -42.2000 0.4250 56.7500
v -42.2000 0.2750 59.2500
v -41.8000 0.2750 59.2500
v -41.8000 0.4250 59.2500
v -42.2000 0.4250 59.2500
v -42.1500 0.4150 57.0120
v -41.8500 0.4150 57.0120
v -41.8500 0.4650 57.0120
v -42.1500 0.4650 57.0120
v -42.1500 0.4150 57.3120
v -41.8500 0.4150 57.3120
v -41.8500 0.4650 57.3120
v -42.1500 0.4650 57.3120
v -42.1500 0.4150 58.6880
v -41.8500 0.4150 58.6880
v -41.8500 0.4650 58.6880
v -42.1500 0.4650 58.6880
v -42.1500 0.4150 58.9880
v -41.8500 0.4150 58.9880
v -41.8500 0.4650 58.9880
v -42.1500 0.4650 58.9880
v -40.2000 0.2750 56.7500
v -39.8000 0.2750 56.7500
v -39.8000 0.4250 56.7500
v -40.2000 0.4250 56.7500
v -40.2000 0.2750 59.2500
v -39.8000 0.2750 59.2500
v -39.8000 0.4250 59.2500
v -40.2000 0.4250 59.2500
v -40.1500 0.4150 57.0120
v -39.8500 0.4150 57.0120
v -39.8500 0.4650 57.0120
v -40.1500 0.4650 57.0120
v -40.1500 0.4150 57.3120
v -39.8500 0.4150 57.3120
v -39.8500 0.4650 57.3120
v -40.1500 0.4650 57.3120
v -40.1500 0.4150 58.6880
v -39.8500 0.4150 58.6880
v -39.8500 0.4650 58.6880
v -40.1500 0.4650 58.6880
v -40.1500 0.4150 58.9880
v -39.8500 0.4150 58.9880
v -39.8500 0.4650 58.9880
v -40.1500 0.4650 58.9880
v -38.2000 0.2750 56.7500
v -37.8000 0.2750 56.7500
v -37.8000 0.4250 56.7500
v -38.2000 0.4250 56.7500
v -38.2000 0.2750 59.2500
v -37.8000 0.2750 59.2500
v -37.8000 0.4250 59.2500
v -38.2000 0.4250 59.2500
v -38.1500 0.4150 57.0120
v -37.8500 0.4150 57.0120
v -37.8500 0.4650 57.0120
v -38.1500 0.4650 57.0120
v -38.1500 0.4150 57.3120
v -37.8500 0.4150 57.3120
v -37.8500 0.4650 57.3120
v -38.1500 0.4650 57.3120
v -38.1500 0.4150 58.6880
v -37.8500 0.4150 58.6880
v -37.8500 0.4650 58.6880
v -38.1500 0.4650 58.6880
v -38.1500 0.4150 58.9880
v -37.8500 0.4150 58.9880
v -37.8500 0.4650 58.9880
v -38.1500 0.4650 58.9880
v -36.2000 0.2750 56.7500
v -35.8000 0.2750 56.7500
v -35.8000 0.4250 56.7500
v -36.2000 0.4250 56.7500
v -36.2000 0.2750 59.2500
v -35.8000 0.2750 59.2500
v -35.8000 0.4250 59.2500
v -36.2000 0.4250 59.2500
v -36.1500 0.4150 57.0120
v -35.8500 0.4150 57.0120
v -35.8500 0.4650 57.0120
v -36.1500 0.4650 57.0120
v -36.1500 0.4150 57.3120
v -35.8500 0.4150 57.3120
v -35.8500 0.4650 57.3120
v -36.1500 0.4650 57.3120
v -36.1500 0.4150 58.6880
v -35.8500 0.4150 58.6880
v -35.8500 0.4650 58.6880
v -36.1500 0.4650 58.6880
v -36.1500 0.4150 58.9880
v -35.8500 0.4150 58.9880
v -35.8500 0.4650 58.9880
v -36.1500 0.4650 58.9880
v -34.2000 0.2750 56.7500
v -33.8000 0.2750 56.7500
v -33.8000 0.4250 56.7500
v -34.2000 0.4250 56.7500
v -34.2000 0.2750 59.2500
v -33.8000 0.2750 59.2500
v -33.8000 0.4250 59.2500
v -34.2000 0.4250 59.2500
v -34.1500 0.4150 57.0120
v -33.8500 0.4150 57.0120
v -33.8500 0.4650 57.0120
v -34.1500 0.4650 57.0120
v -34.1500 0.4150 57.3120
v -33.8500 0.4150 57.3120
v -33.8500 0.4650 57.3120
v -34.1500 0.4650 57.3120
v -34.1500 0.4150 58.6880
v -33.8500 0.4150 58.6880
v -33.8500 0.4650 58.6880
v -34.1500 0.4650 58.6880
v -34.1500 0.4150 58.9880
v -33.8500 0.4150 58.9880
v -33.8500 0.4650 58.9880
v -34.1500 0.4650 58.9880
v -32.2000 0.2750 56.7500
v -31.8000 0.2750 56.7500
v -31.8000 0.4250 56.7500
v -32.2000 0.4250 56.7500
v -32.2000 0.2750 59.2500
v -31.8000 0.2750 59.2500
v -31.8000 0.4250 59.2500
v -32.2000 0.4250 59.2500
v -32.1500 0.4150 57.0120
v -31.8500 0.4150 57.0120
v -31.8500 0.4650 57.0120
v -32.1500 0.4650 57.0120
v -32.1500 0.4150 57.3120
v -31.8500 0.4150 57.3120
v -31.8500 0.4650 57.3120
v -32.1500 0.4650 57.3120
v -32.1500 0.4150 58.6880
v -31.8500 0.4150 58.6880
v -31.8500 0.4650 58.6880
v -32.1500 0.4650 58.6880
v -32.1500 0.4150 58.9880
v -31.8500 0.4150 58.9880
v -31.8500 0.4650 58.9880
v -32.1500 0.4650 58.9880
v -30.2000 0.2750 56.7500
v -29.8000 0.2750 56.7500
v -29.8000 0.4250 56.7500
v -30.2000 0.4250 56.7500
v -30.2000 0.2750 59.2500
v -29.8000 0.2750 59.2500
v -29.8000 0.4250 59.2500
v -30.2000 0.4250 59.2500
v -30.1500 0.4150 57.0120
v -29.8500 0.4150 57.0120
v -29.8500 0.4650 57.0120
v -30.1500 0.4650 57.0120
v -30.1500 0.4150 57.3120
v -29.8500 0.4150 57.3120
v -29.8500 0.4650 57.3120
v -30.1500 0.4650 57.3120
v -30.1500 0.4150 58.6880
v -29.8500 0.4150 58.6880
v -29.8500 0.4650 58.6880
v -30.1500 0.4650 58.6880
v -30.1500 0.4150 58.9880
v -29.8500 0.4150 58.9880
v -29.8500 0.4650 58.9880
v -30.1500 0.4650 58.9880
v -28.2000 0.2750 56.7500
v -27.8000 0.2750 56.7500
v -27.8000 0.4250 56.7500
v -28.2000 0.4250 56.7500
v -28.2000 0.2750 59.2500
v -27.8000 0.2750 59.2500
v -27.8000 0.4250 59.2500
v -28.2000 0.4250 59.2500
v -28.1500 0.4150 57.0120
v -27.8500 0.4150 57.0120
v -27.8500 0.4650 57.0120
v -28.1500 0.4650 57.0120
v -28.1500 0.4150 57.3120
v -27.8500 0.4150 57.3120
v -27.8500 0.4650 57.3120
v -28.1500 0.4650 57.3120
v -28.1500 0.4150 58.6880
v -27.8500 0.4150 58.6880
v -27.8500 0.4650 58.6880
v -28.1500 0.4650 58.6880
v -28.1500 0.4150 58.9880
v -27.8500 0.4150 58.9880
v -27.8500 0.4650 58.9880
v -28.1500 0.4650 58.9880
v -26.2000 0.2750 56.7500
v -25.8000 0.2750 56.7500
v -25.8000 0.4250 56.7500
v -26.2000 0.4250 56.7500
v -26.2000 0.2750 59.2500
v -25.8000 0.2750 59.2500
v -25.8000 0.4250 59.2500
v -26.2000 0.4250 59.2500
v -26.1500 0.4150 57.0120
v -25.8500 0.4150 57.0120
v -25.8500 0.4650 57.0120
v -26.1500 0.4650 57.0120
v -26.1500 0.4150 57.3120
v -25.8500 0.4150 57.3120
v -25.8500 0.4650 57.3120
v -26.1500 0.4650 57.3120
v -26.1500 0.4150 58.6880
v -25.8500 0.4150 58.6880
v -25.8500 0.4650 58.6880
v -26.1500 0.4650 58.6880
v -26.1500 0.4150 58.9880
v -25.8500 0.4150 58.9880
v -25.8500 0.4650 58.9880
v -26.1500 0.4650 58.9880
v -24.2000 0.2750 56.7500
v -23.8000 0.2750 56.7500
v -23.8000 0.4250 56.7500
v -24.2000 0.4250 56.7500
v -24.2000 0.2750 59.2500
v -23.8000 0.2750 59.2500
v -23.8000 0.4250 59.2500
v -24.2000 0.4250 59.2500
v -24.1500 0.4150 57.0120
v -23.8500 0.4150 57.0120
v -23.8500 0.4650 57.0120
v -24.1500 0.4650 57.0120
v -24.1500 0.4150 57.3120
v -23.8500 0.4150 57.3120
v -23.8500 0.4650 57.3120
v -24.1500 0.4650 57.3120
v -24.1500 0.4150 58.6880
v -23.8500 0.4150 58.6880
v -23.8500 0.4650 58.6880
v -24.1500 0.4650 58.6880
v -24.1500 0.4150 58.9880
v -23.8500 0.4150 58.9880
v -23.8500 0.4650 58.9880
v -24.1500 0.4650 58.9880
v -22.2000 0.2750 56.7500
v -21.8000 0.2750 56.7500
v -21.8000 0.4250 56.7500
v -22.2000 0.4250 56.7500
v -22.2000 0.2750 59.2500
v -21.8000 0.2750 59.2500
v -21.8000 0.4250 59.2500
v -22.2000 0.4250 59.2500
v -22.1500 0.4150 57.0120
v -21.8500 0.4150 57.0120
v -21.8500 0.4650 57.0120
v -22.1500 0.4650 57.0120
v -22.1500 0.4150 57.3120
v -21.8500 0.4150 57.3120
v -21.8500 0.4650 57.3120
v -22.1500 0.4650 57.3120
v -22.1500 0.4150 58.6880
v -21.8500 0.4150 58.6880
v -21.8500 0.4650 58.6880
v -22.1500 0.4650 58.6880
v -22.1500 0.4150 58.9880
v -21.8500 0.4150 58.9880
v -21.8500 0.4650 58.9880
v -22.1500 0.4650 58.9880
v -20.2000 0.2750 56.7500
v -19.8000 0.2750 56.7500
v -19.8000 0.4250 56.7500
v -20.2000 0.4250 56.7500
v -20.2000 0.2750 59.2500
v -19.8000 0.2750 59.2500
v -19.8000 0.4250 59.2500
v -20.2000 0.4250 59.2500
v -20.1500 0.4150 57.0120
v -19.8500 0.4150 57.0120
v -19.8500 0.4650 57.0120
v -20.1500 0.4650 57.0120
v -20.1500 0.4150 57.3120
v -19.8500 0.4150 57.3120
v -19.8500 0.4650 57.3120
v -20.1500 0.4650 57.3120
v -20.1500 0.4150 58.6880
v -19.8500 0.4150 58.6880
v -19.8500 0.4650 58.6880
v -20.1500 0.4650 58.6880
v -20.1500 0.4150 58.9880
v -19.8500 0.4150 58.9880
v -19.8500 0.4650 58.9880
v -20.1500 0.4650 58.9880
v -18.2000 0.2750 56.7500
v -17.8000 0.2750 56.7500
v -17.8000 0.4250 56.7500
v -18.2000 0.4250 56.7500
v -18.2000 0.2750 59.2500
v -17.8000 0.2750 59.2500
v -17.8000 0.4250 59.2500
v -18.2000 0.4250 59.2500
v -18.1500 0.4150 57.0120
v -17.8500 0.4150 57.0120
v -17.8500 0.4650 57.0120
v -18.1500 0.4650 57.0120
v -18.1500 0.4150 57.3120
v -17.8500 0.4150 57.3120
v -17.8500 0.4650 57.3120
v -18.1500 0.4650 57.3120
v -18.1500 0.4150 58.6880
v -17.8500 0.4150 58.6880
v -17.8500 0.4650 58.6880
v -18.1500 0.4650 58.6880
v -18.1500 0.4150 58.9880
v -17.8500 0.4150 58.9880
v -17.8500 0.4650 58.9880
v -18.1500 0.4650 58.9880
v -16.2000 0.2750 56.7500
v -15.8000 0.2750 56.7500
v -15.8000 0.4250 56.7500
v -16.2000 0.4250 56.7500
v -16.2000 0.2750 59.2500
v -15.8000 0.2750 59.2500
v -15.8000 0.4250 59.2500
v -16.2000 0.4250 59.2500
v -16.1500 0.4150 57.0120
v -15.8500 0.4150 57.0120
v -15.8500 0.4650 57.0120
v -16.1500 0.4650 57.0120
v -16.1500 0.4150 57.3120
v -15.8500 0.4150 57.3120
v -15.8500 0.4650 57.3120
v -16.1500 0.4650 57.3120
v -16.1500 0.4150 58.6880
v -15.8500 0.4150 58.6880
v -15.8500 0.4650 58.6880
v -16.1500 0.4650 58.6880
v -16.1500 0.4150 58.9880
v -15.8500 0.4150 58.9880
v -15.8500 0.4650 58.9880
v -16.1500 0.4650 58.9880
v -14.2000 0.2750 56.7500
v -13.8000 0.2750 56.7500
v -13.8000 0.4250 56.7500
v -14.2000 0.4250 56.7500
v -14.2000 0.2750 59.2500
v -13.8000 0.2750 59.2500
v -13.8000 0.4250 59.2500
v -14.2000 0.4250 59.2500
v -14.1500 0.4150 57.0120
v -13.8500 0.4150 57.0120
v -13.8500 0.4650 57.0120
v -14.1500 0.4650 57.0120
v -14.1500 0.4150 57.3120
v -13.8500 0.4150 57.3120
v -13.8500 0.4650 57.3120
v -14.1500 0.4650 57.3120
v -14.1500 0.4150 58.6880
v -13.8500 0.4150 58.6880
v -13.8500 0.4650 58.6880
v -14.1500 0.4650 58.6880
v -14.1500 0.4150 58.9880
v -13.8500 0.4150 58.9880
v -13.8500 0.4650 58.9880
v -14.1500 0.4650 58.9880
v -12.2000 0.2750 56.7500
v -11.8000 0.2750 56.7500
v -11.8000 0.4250 56.7500
v -12.2000 0.4250 56.7500
v -12.2000 0.2750 59.2500
v -11.8000 0.2750 59.2500
v -11.8000 0.4250 59.2500
v -12.2000 0.4250 59.2500
v -12.1500 0.4150 57.0120
v -11.8500 0.4150 57.0120
v -11.8500 0.4650 57.0120
v -12.1500 0.4650 57.0120
v -12.1500 0.4150 57.3120
v -11.8500 0.4150 57.3120
v -11.8500 0.4650 57.3120
v -12.1500 0.4650 57.3120
v -12.1500 0.4150 58.6880
v -11.8500 0.4150 58.6880
v -11.8500 0.4650 58.6880
v -12.1500 0.4650 58.6880
v -12.1500 0.4150 58.9880
v -11.8500 0.4150 58.9880
v -11.8500 0.4650 58.9880
v -12.1500 0.4650 58.9880
v -10.2000 0.2750 56.7500
v -9.8000 0.2750 56.7500
v -9.8000 0.4250 56.7500
v -10.2000 0.4250 56.7500
v -10.2000 0.2750 59.2500
v -9.8000 0.2750 59.2500
v -9.8000 0.4250 59.2500
v -10.2000 0.4250 59.2500
v -10.1500 0.4150 57.0120
v -9.8500 0.4150 57.0120
v -9.8500 0.4650 57.0120
v -10.1500 0.4650 57.0120
v -10.1500 0.4150 57.3120
v -9.8500 0.4150 57.3120
v -9.8500 0.4650 57.3120
v -10.1500 0.4650 57.3120
v -10.1500 0.4150 58.6880
v -9.8500 0.4150 58.6880
v -9.8500 0.4650 58.6880
v -10.1500 0.4650 58.6880
v -10.1500 0.4150 58.9880
v -9.8500 0.4150 58.9880
v -9.8500 0.4650 58.9880
v -10.1500 0.4650 58.9880
v -8.2000 0.2750 56.7500
v -7.8000 0.2750 56.7500
v -7.8000 0.4250 56.7500
v -8.2000 0.4250 56.7500
v -8.2000 0.2750 59.2500
v -7.8000 0.2750 59.2500
v -7.8000 0.4250 59.2500
v -8.2000 0.4250 59.2500
v -8.1500 0.4150 57.0120
v -7.8500 0.4150 57.0120
v -7.8500 0.4650 57.0120
v -8.1500 0.4650 57.0120
v -8.1500 0.4150 57.3120
v -7.8500 0.4150 57.3120
v -7.8500 0.4650 57.3120
v -8.1500 0.4650 57.3120
v -8.1500 0.4150 58.6880
v -7.8500 0.4150 58.6880
v -7.8500 0.4650 58.6880
v -8.1500 0.4650 58.6880
v -8.1500 0.4150 58.9880
v -7.8500 0.4150 58.9880
v -7.8500 0.4650 58.9880
v -8.1500 0.4650 58.9880
v -6.2000 0.2750 56.7500
v -5.8000 0.2750 56.7500
v -5.8000 0.4250 56.7500
v -6.2000 0.4250 56.7500
v -6.2000 0.2750 59.2500
v -5.8000 0.2750 59.2500
v -5.8000 0.4250 59.2500
v -6.2000 0.4250 59.2500
v -6.1500 0.4150 57.0120
v -5.8500 0.4150 57.0120
v -5.8500 0.4650 57.0120
v -6.1500 0.4650 57.0120
v -6.1500 0.4150 57.3120
v -5.8500 0.4150 57.3120
v -5.8500 0.4650 57.3120
v -6.1500 0.4650 57.3120
v -6.1500 0.4150 58.6880
v -5.8500 0.4150 58.6880
v -5.8500 0.4650 58.6880
v -6.1500 0.4650 58.6880
v -6.1500 0.4150 58.9880
v -5.8500 0.4150 58.9880
v -5.8500 0.4650 58.9880
v -6.1500 0.4650 58.9880
v -4.2000 0.2750 56.7500
v -3.8000 0.2750 56.7500
v -3.8000 0.4250 56.7500
v -4.2000 0.4250 56.7500
v -4.2000 0.2750 59.2500
v -3.8000 0.2750 59.2500
v -3.8000 0.4250 59.2500
v -4.2000 0.4250 59.2500
v -4.1500 0.4150 57.0120
v -3.8500 0.4150 57.0120
v -3.8500 0.4650 57.0120
v -4.1500 0.4650 57.0120
v -4.1500 0.4150 57.3120
v -3.8500 0.4150 57.3120
v -3.8500 0.4650 57.3120
v -4.1500 0.4650 57.3120
v -4.1500 0.4150 58.6880
v -3.8500 0.4150 58.6880
v -3.8500 0.4650 58.6880
v -4.1500 0.4650 58.6880
v -4.1500 0.4150 58.9880
v -3.8500 0.4150 58.9880
v -3.8500 0.4650 58.9880
v -4.1500 0.4650 58.9880
v -2.2000 0.2750 56.7500
v -1.8000 0.2750 56.7500
v -1.8000 0.4250 56.7500
v -2.2000 0.4250 56.7500
v -2.2000 0.2750 59.2500
v -1.8000 0.2750 59.2500
v -1.8000 0.4250 59.2500
v -2.2000 0.4250 59.2500
v -2.1500 0.4150 57.0120
v -1.8500 0.4150 57.0120
v -1.8500 0.4650 57.0120
v -2.1500 0.4650 57.0120
v -2.1500 0.4150 57.3120
v -1.8500 0.4150 57.3120
v -1.8500 0.4650 57.3120
v -2.1500 0.4650 57.3120
v -2.1500 0.4150 58.6880
v -1.8500 0.4150 58.6880
v -1.8500 0.4650 58.6880
v -2.1500 0.4650 58.6880
v -2.1500 0.4150 58.9880
v -1.8500 0.4150 58.9880
v -1.8500 0.4650 58.9880
v -2.1500 0.4650 58.9880
v -0.2000 0.2750 56.7500
v 0.2000 0.2750 56.7500
v 0.2000 0.4250 56.7500
v -0.2000 0.4250 56.7500
v -0.2000 0.2750 59.2500
v 0.2000 0.2750 59.2500
v 0.2000 0.4250 59.2500
v -0.2000 0.4250 59.2500
v -0.1500 0.4150 57.0120
v 0.1500 0.4150 57.0120
v 0.1500 0.4650 57.0120
v -0.1500 0.4650 57.0120
v -0.1500 0.4150 57.3120
v 0.1500 0.4150 57.3120
v 0.1500 0.4650 57.3120
v -0.1500 0.4650 57.3120
v -0.1500 0.4150 58.6880
v 0.1500 0.4150 58.6880
v 0.1500 0.4650 58.6880
v -0.1500 0.4650 58.6880
v -0.1500 0.4150 58.9880
v 0.1500 0.4150 58.9880
v 0.1500 0.4650 58.9880
v -0.1500 0.4650 58.9880
v 1.8000 0.2750 56.7500
v 2.2000 0.2750 56.7500
v 2.2000 0.4250 56.7500
v 1.8000 0.4250 56.7500
v 1.8000 0.2750 59.2500
v 2.2000 0.2750 59.2500
v 2.2000 0.4250 59.2500
v 1.8000 0.4250 59.2500
v 1.8500 0.4150 57.0120
v 2.1500 0.4150 57.0120
v 2.1500 0.4650 57.0120
v 1.8500 0.4650 57.0120
v 1.8500 0.4150 57.3120
v 2.1500 0.4150 57.3120
v 2.1500 0.4650 57.3120
v 1.8500 0.4650 57.3120
v 1.8500 0.4150 58.6880
v 2.1500 0.4150 58.6880
v 2.1500 0.4650 58.6880
v 1.8500 0.4650 58.6880
v 1.8500 0.4150 58.9880
v 2.1500 0.4150 58.9880
v 2.1500 0.4650 58.9880
v 1.8500 0.4650 58.9880
v 3.8000 0.2750 56.7500
v 4.2000 0.2750 56.7500
v 4.2000 0.4250 56.7500
v 3.8000 0.4250 56.7500
v 3.8000 0.2750 59.2500
v 4.2000 0.2750 59.2500
v 4.2000 0.4250 59.2500
v 3.8000 0.4250 59.2500
v 3.8500 0.4150 57.0120
v 4.1500 0.4150 57.0120
v 4.1500 0.4650 57.0120
v 3.8500 0.4650 57.0120
v 3.8500 0.4150 57.3120
v 4.1500 0.4150 57.3120
v 4.1500 0.4650 57.3120
v 3.8500 0.4650 57.3120
v 3.8500 0.4150 58.6880
v 4.1500 0.4150 58.6880
v 4.1500 0.4650 58.6880
v 3.8500 0.4650 58.6880
v 3.8500 0.4150 58.9880
v 4.1500 0.4150 58.9880
v 4.1500 0.4650 58.9880
v 3.8500 0.4650 58.9880
v 5.8000 0.2750 56.7500
v 6.2000 0.2750 56.7500
v 6.2000 0.4250 56.7500
v 5.8000 0.4250 56.7500
v 5.8000 0.2750 59.2500
v 6.2000 0.2750 59.2500
v 6.2000 0.4250 59.2500
v 5.8000 0.4250 59.2500
v 5.8500 0.4150 57.0120
v 6.1500 0.4150 57.0120
v 6.1500 0.4650 57.0120
v 5.8500 0.4650 57.0120
v 5.8500 0.4150 57.3120
v 6.1500 0.4150 57.3120
v 6.1500 0.4650 57.3120
v 5.8500 0.4650 57.3120
v 5.8500 0.4150 58.6880
v 6.1500 0.4150 58.6880
v 6.1500 0.4650 58.6880
v 5.8500 0.4650 58.6880
v 5.8500 0.4150 58.9880
v 6.1500 0.4150 58.9880
v 6.1500 0.4650 58.9880
v 5.8500 0.4650 58.9880
v 7.8000 0.2750 56.7500
v 8.2000 0.2750 56.7500
v 8.2000 0.4250 56.7500
v 7.8000 0.4250 56.7500
v 7.8000 0.2750 59.2500
v 8.2000 0.2750 59.2500
v 8.2000 0.4250 59.2500
v 7.8000 0.4250 59.2500
v 7.8500 0.4150 57.0120
v 8.1500 0.4150 57.0120
v 8.1500 0.4650 57.0120
v 7.8500 0.4650 57.0120
v 7.8500 0.4150 57.3120
v 8.1500 0.4150 57.3120
v 8.1500 0.4650 57.3120
v 7.8500 0.4650 57.3120
v 7.8500 0.4150 58.6880
v 8.1500 0.4150 58.6880
v 8.1500 0.4650 58.6880
v 7.8500 0.4650 58.6880
v 7.8500 0.4150 58.9880
v 8.1500 0.4150 58.9880
v 8.1500 0.4650 58.9880
v 7.8500 0.4650 58.9880
v 9.8000 0.2750 56.7500
v 10.2000 0.2750 56.7500
v 10.2000 0.4250 56.7500
v 9.8000 0.4250 56.7500
v 9.8000 0.2750 59.2500
v 10.2000 0.2750 59.2500
v 10.2000 0.4250 59.2500
v 9.8000 0.4250 59.2500
v 9.8500 0.4150 57.0120
v 10.1500 0.4150 57.0120
v 10.1500 0.4650 57.0120
v 9.8500 0.4650 57.0120
v 9.8500 0.4150 57.3120
v 10.1500 0.4150 57.3120
v 10.1500 0.4650 57.3120
v 9.8500 0.4650 57.3120
v 9.8500 0.4150 58.6880
v 10.1500 0.4150 58.6880
v 10.1500 0.4650 58.6880
v 9.8500 0.4650 58.6880
v 9.8500 0.4150 58.9880
v 10.1500 0.4150 58.9880
v 10.1500 0.4650 58.9880
v 9.8500 0.4650 58.9880
v 11.8000 0.2750 56.7500
v 12.2000 0.2750 56.7500
v 12.2000 0.4250 56.7500
v 11.8000 0.4250 56.7500
v 11.8000 0.2750 59.2500
v 12.2000 0.2750 59.2500
v 12.2000 0.4250 59.2500
v 11.8000 0.4250 59.2500
v 11.8500 0.4150 57.0120
v 12.1500 0.4150 57.0120
v 12.1500 0.4650 57.0120
v 11.8500 0.4650 57.0120
v 11.8500 0.4150 57.3120
v 12.1500 0.4150 57.3120
v 12.1500 0.4650 57.3120
v 11.8500 0.4650 57.3120
v 11.8500 0.4150 58.6880
v 12.1500 0.4150 58.6880
v 12.1500 0.4650 58.6880
v 11.8500 0.4650 58.6880
v 11.8500 0.4150 58.9880
v 12.1500 0.4150 58.9880
v 12.1500 0.4650 58.9880
v 11.8500 0.4650 58.9880
v 13.8000 0.2750 56.7500
v 14.2000 0.2750 56.7500
v 14.2000 0.4250 56.7500
v 13.8000 0.4250 56.7500
v 13.8000 0.2750 59.2500
v 14.2000 0.2750 59.2500
v 14.2000 0.4250 59.2500
v 13.8000 0.4250 59.2500
v 13.8500 0.4150 57.0120
v 14.1500 0.4150 57.0120
v 14.1500 0.4650 57.0120
v 13.8500 0.4650 57.0120
v 13.8500 0.4150 57.3120
v 14.1500 0.4150 57.3120
v 14.1500 0.4650 57.3120
v 13.8500 0.4650 57.3120
v 13.8500 0.4150 58.6880
v 14.1500 0.4150 58.6880
v 14.1500 0.4650 58.6880
v 13.8500 0.4650 58.6880
v 13.8500 0.4150 58.9880
v 14.1500 0.4150 58.9880
v 14.1500 0.4650 58.9880
v 13.8500 0.4650 58.9880
v 15.8000 0.2750 56.7500
v 16.2000 0.2750 56.7500
v 16.2000 0.4250 56.7500
v 15.8000 0.4250 56.7500
v 15.8000 0.2750 59.2500
v 16.2000 0.2750 59.2500
v 16.2000 0.4250 59.2500
v 15.8000 0.4250 59.2500
v 15.8500 0.4150 57.0120
v 16.1500 0.4150 57.0120
v 16.1500 0.4650 57.0120
v 15.8500 0.4650 57.0120
v 15.8500 0.4150 57.3120
v 16.1500 0.4150 57.3120
v 16.1500 0.4650 57.3120
v 15.8500 0.4650 57.3120
v 15.8500 0.4150 58.6880
v 16.1500 0.4150 58.6880
v 16.1500 0.4650 58.6880
v 15.8500 0.4650 58.6880
v 15.8500 0.4150 58.9880
v 16.1500 0.4150 58.9880
v 16.1500 0.4650 58.9880
v 15.8500 0.4650 58.9880
v 17.8000 0.2750 56.7500
v 18.2000 0.2750 56.7500
v 18.2000 0.4250 56.7500
v 17.8000 0.4250 56.7500
v 17.8000 0.2750 59.2500
v 18.2000 0.2750 59.2500
v 18.2000 0.4250 59.2500
v 17.8000 0.4250 59.2500
v 17.8500 0.4150 57.0120
v 18.1500 0.4150 57.0120
v 18.1500 0.4650 57.0120
v 17.8500 0.4650 57.0120
v 17.8500 0.4150 57.3120
v 18.1500 0.4150 57.3120
v 18.1500 0.4650 57.3120
v 17.8500 0.4650 57.3120
v 17.8500 0.4150 58.6880
v 18.1500 0.4150 58.6880
v 18.1500 0.4650 58.6880
v 17.8500 0.4650 58.6880
v 17.8500 0.4150 58.9880
v 18.1500 0.4150 58.9880
v 18.1500 0.4650 58.9880
v 17.8500 0.4650 58.9880
v 19.8000 0.2750 56.7500
v 20.2000 0.2750 56.7500
v 20.2000 0.4250 56.7500
v 19.8000 0.4250 56.7500
v 19.8000 0.2750 59.2500
v 20.2000 0.2750 59.2500
v 20.2000 0.4250 59.2500
v 19.8000 0.4250 59.2500
v 19.8500 0.4150 57.0120
v 20.1500 0.4150 57.0120
v 20.1500 0.4650 57.0120
v 19.8500 0.4650 57.0120
v 19.8500 0.4150 57.3120
v 20.1500 0.4150 57.3120
v 20.1500 0.4650 57.3120
v 19.8500 0.4650 57.3120
v 19.8500 0.4150 58.6880
v 20.1500 0.4150 58.6880
v 20.1500 0.4650 58.6880
v 19.8500 0.4650 58.6880
v 19.8500 0.4150 58.9880
v 20.1500 0.4150 58.9880
v 20.1500 0.4650 58.9880
v 19.8500 0.4650 58.9880
v 21.8000 0.2750 56.7500
v 22.2000 0.2750 56.7500
v 22.2000 0.4250 56.7500
v 21.8000 0.4250 56.7500
v 21.8000 0.2750 59.2500
v 22.2000 0.2750 59.2500
v 22.2000 0.4250 59.2500
v 21.8000 0.4250 59.2500
v 21.8500 0.4150 57.0120
v 22.1500 0.4150 57.0120
v 22.1500 0.4650 57.0120
v 21.8500 0.4650 57.0120
v 21.8500 0.4150 57.3120
v 22.1500 0.4150 57.3120
v 22.1500 0.4650 57.3120
v 21.8500 0.4650 57.3120
v 21.8500 0.4150 58.6880
v 22.1500 0.4150 58.6880
v 22.1500 0.4650 58.6880
v 21.8500 0.4650 58.6880
v 21.8500 0.4150 58.9880
v 22.1500 0.4150 58.9880
v 22.1500 0.4650 58.9880
v 21.8500 0.4650 58.9880
v 23.8000 0.2750 56.7500
v 24.2000 0.2750 56.7500
v 24.2000 0.4250 56.7500
v 23.8000 0.4250 56.7500
v 23.8000 0.2750 59.2500
v 24.2000 0.2750 59.2500
v 24.2000 0.4250 59.2500
v 23.8000 0.4250 59.2500
v 23.8500 0.4150 57.0120
v 24.1500 0.4150 57.0120
v 24.1500 0.4650 57.0120
v 23.8500 0.4650 57.0120
v 23.8500 0.4150 57.3120
v 24.1500 0.4150 57.3120
v 24.1500 0.4650 57.3120
v 23.8500 0.4650 57.3120
v 23.8500 0.4150 58.6880
v 24.1500 0.4150 58.6880
v 24.1500 0.4650 58.6880
v 23.8500 0.4650 58.6880
v 23.8500 0.4150 58.9880
v 24.1500 0.4150 58.9880
v 24.1500 0.4650 58.9880
v 23.8500 0.4650 58.9880
v 25.8000 0.2750 56.7500
v 26.2000 0.2750 56.7500
v 26.2000 0.4250 56.7500
v 25.8000 0.4250 56.7500
v 25.8000 0.2750 59.2500
v 26.2000 0.2750 59.2500
v 26.2000 0.4250 59.2500
v 25.8000 0.4250 59.2500
v 25.8500 0.4150 57.0120
v 26.1500 0.4150 57.0120
v 26.1500 0.4650 57.0120
v 25.8500 0.4650 57.0120
v 25.8500 0.4150 57.3120
v 26.1500 0.4150 57.3120
v 26.1500 0.4650 57.3120
v 25.8500 0.4650 57.3120
v 25.8500 0.4150 58.6880
v 26.1500 0.4150 58.6880
v 26.1500 0.4650 58.6880
v 25.8500 0.4650 58.6880
v 25.8500 0.4150 58.9880
v 26.1500 0.4150 58.9880
v 26.1500 0.4650 58.9880
v 25.8500 0.4650 58.9880
v 27.8000 0.2750 56.7500
v 28.2000 0.2750 56.7500
v 28.2000 0.4250 56.7500
v 27.8000 0.4250 56.7500
v 27.8000 0.2750 59.2500
v 28.2000 0.2750 59.2500
v 28.2000 0.4250 59.2500
v 27.8000 0.4250 59.2500
v 27.8500 0.4150 57.0120
v 28.1500 0.4150 57.0120
v 28.1500 0.4650 57.0120
v 27.8500 0.4650 57.0120
v 27.8500 0.4150 57.3120
v 28.1500 0.4150 57.3120
v 28.1500 0.4650 57.3120
v 27.8500 0.4650 57.3120
v 27.8500 0.4150 58.6880
v 28.1500 0.4150 58.6880
v 28.1500 0.4650 58.6880
v 27.8500 0.4650 58.6880
v 27.8500 0.4150 58.9880
v 28.1500 0.4150 58.9880
v 28.1500 0.4650 58.9880
v 27.8500 0.4650 58.9880
v 29.8000 0.2750 56.7500
v 30.2000 0.2750 56.7500
v 30.2000 0.4250 56.7500
v 29.8000 0.4250 56.7500
v 29.8000 0.2750 59.2500
v 30.2000 0.2750 59.2500
v 30.2000 0.4250 59.2500
v 29.8000 0.4250 59.2500
v 29.8500 0.4150 57.0120
v 30.1500 0.4150 57.0120
v 30.1500 0.4650 57.0120
v 29.8500 0.4650 57.0120
v 29.8500 0.4150 57.3120
v 30.1500 0.4150 57.3120
v 30.1500 0.4650 57.3120
v 29.8500 0.4650 57.3120
v 29.8500 0.4150 58.6880
v 30.1500 0.4150 58.6880
v 30.1500 0.4650 58.6880
v 29.8500 0.4650 58.6880
v 29.8500 0.4150 58.9880
v 30.1500 0.4150 58.9880
v 30.1500 0.4650 58.9880
v 29.8500 0.4650 58.9880
v 31.8000 0.2750 56.7500
v 32.2000 0.2750 56.7500
v 32.2000 0.4250 56.7500
v 31.8000 0.4250 56.7500
v 31.8000 0.2750 59.2500
v 32.2000 0.2750 59.2500
v 32.2000 0.4250 59.2500
v 31.8000 0.4250 59.2500
v 31.8500 0.4150 57.0120
v 32.1500 0.4150 57.0120
v 32.1500 0.4650 57.0120
v 31.8500 0.4650 57.0120
v 31.8500 0.4150 57.3120
v 32.1500 0.4150 57.3120
v 32.1500 0.4650 57.3120
v 31.8500 0.4650 57.3120
v 31.8500 0.4150 58.6880
v 32.1500 0.4150 58.6880
v 32.1500 0.4650 58.6880
v 31.8500 0.4650 58.6880
v 31.8500 0.4150 58.9880
v 32.1500 0.4150 58.9880
v 32.1500 0.4650 58.9880
v 31.8500 0.4650 58.9880
v 33.8000 0.2750 56.7500
v 34.2000 0.2750 56.7500
v 34.2000 0.4250 56.7500
v 33.8000 0.4250 56.7500
v 33.8000 0.2750 59.2500
v 34.2000 0.2750 59.2500
v 34.2000 0.4250 59.2500
v 33.8000 0.4250 59.2500
v 33.8500 0.4150 57.0120
v 34.1500 0.4150 57.0120
v 34.1500 0.4650 57.0120
v 33.8500 0.4650 57.0120
v 33.8500 0.4150 57.3120
v 34.1500 0.4150 57.3120
v 34.1500 0.4650 57.3120
v 33.8500 0.4650 57.3120
v 33.8500 0.4150 58.6880
v 34.1500 0.4150 58.6880
v 34.1500 0.4650 58.6880
v 33.8500 0.4650 58.6880
v 33.8500 0.4150 58.9880
v 34.1500 0.4150 58.9880
v 34.1500 0.4650 58.9880
v 33.8500 0.4650 58.9880
v 35.8000 0.2750 56.7500
v 36.2000 0.2750 56.7500
v 36.2000 0.4250 56.7500
v 35.8000 0.4250 56.7500
v 35.8000 0.2750 59.2500
v 36.2000 0.2750 59.2500
v 36.2000 0.4250 59.2500
v 35.8000 0.4250 59.2500
v 35.8500 0.4150 57.0120
v 36.1500 0.4150 57.0120
v 36.1500 0.4650 57.0120
v 35.8500 0.4650 57.0120
v 35.8500 0.4150 57.3120
v 36.1500 0.4150 57.3120
v 36.1500 0.4650 57.3120
v 35.8500 0.4650 57.3120
v 35.8500 0.4150 58.6880
v 36.1500 0.4150 58.6880
v 36.1500 0.4650 58.6880
v 35.8500 0.4650 58.6880
v 35.8500 0.4150 58.9880
v 36.1500 0.4150 58.9880
v 36.1500 0.4650 58.9880
v 35.8500 0.4650 58.9880
v 37.8000 0.2750 56.7500
v 38.2000 0.2750 56.7500
v 38.2000 0.4250 56.7500
v 37.8000 0.4250 56.7500
v 37.8000 0.2750 59.2500
v 38.2000 0.2750 59.2500
v 38.2000 0.4250 59.2500
v 37.8000 0.4250 59.2500
v 37.8500 0.4150 57.0120
v 38.1500 0.4150 57.0120
v 38.1500 0.4650 57.0120
v 37.8500 0.4650 57.0120
v 37.8500 0.4150 57.3120
v 38.1500 0.4150 57.3120
v 38.1500 0.4650 57.3120
v 37.8500 0.4650 57.3120
v 37.8500 0.4150 58.6880
v 38.1500 0.4150 58.6880
v 38.1500 0.4650 58.6880
v 37.8500 0.4650 58.6880
v 37.8500 0.4150 58.9880
v 38.1500 0.4150 58.9880
v 38.1500 0.4650 58.9880
v 37.8500 0.4650 58.9880
v 39.8000 0.2750 56.7500
v 40.2000 0.2750 56.7500
v 40.2000 0.4250 56.7500
v 39.8000 0.4250 56.7500
v 39.8000 0.2750 59.2500
v 40.2000 0.2750 59.2500
v 40.2000 0.4250 59.2500
v 39.8000 0.4250 59.2500
v 39.8500 0.4150 57.0120
v 40.1500 0.4150 57.0120
v 40.1500 0.4650 57.0120
v 39.8500 0.4650 57.0120
v 39.8500 0.4150 57.3120
v 40.1500 0.4150 57.3120
v 40.1500 0.4650 57.3120
v 39.8500 0.4650 57.3120
v 39.8500 0.4150 58.6880
v 40.1500 0.4150 58.6880
v 40.1500 0.4650 58.6880
v 39.8500 0.4650 58.6880
v 39.8500 0.4150 58.9880
v 40.1500 0.4150 58.9880
v 40.1500 0.4650 58.9880
v 39.8500 0.4650 58.9880
v 41.8000 0.2750 56.7500
v 42.2000 0.2750 56.7500
v 42.2000 0.4250 56.7500
v 41.8000 0.4250 56.7500
v 41.8000 0.2750 59.2500
v 42.2000 0.2750 59.2500
v 42.2000 0.4250 59.2500
v 41.8000 0.4250 59.2500
v 41.8500 0.4150 57.0120
v 42.1500 0.4150 57.0120
v 42.1500 0.4650 57.0120
v 41.8500 0.4650 57.0120
v 41.8500 0.4150 57.3120
v 42.1500 0.4150 57.3120
v 42.1500 0.4650 57.3120
v 41.8500 0.4650 57.3120
v 41.8500 0.4150 58.6880
v 42.1500 0.4150 58.6880
v 42.1500 0.4650 58.6880
v 41.8500 0.4650 58.6880
v 41.8500 0.4150 58.9880
v 42.1500 0.4150 58.9880
v 42.1500 0.4650 58.9880
v 41.8500 0.4650 58.9880
v 43.8000 0.2750 56.7500
v 44.2000 0.2750 56.7500
v 44.2000 0.4250 56.7500
v 43.8000 0.4250 56.7500
v 43.8000 0.2750 59.2500
v 44.2000 0.2750 59.2500
v 44.2000 0.4250 59.2500
v 43.8000 0.4250 59.2500
v 43.8500 0.4150 57.0120
v 44.1500 0.4150 57.0120
v 44.1500 0.4650 57.0120
v 43.8500 0.4650 57.0120
v 43.8500 0.4150 57.3120
v 44.1500 0.4150 57.3120
v 44.1500 0.4650 57.3120
v 43.8500 0.4650 57.3120
v 43.8500 0.4150 58.6880
v 44.1500 0.4150 58.6880
v 44.1500 0.4650 58.6880
v 43.8500 0.4650 58.6880
v 43.8500 0.4150 58.9880
v 44.1500 0.4150 58.9880
v 44.1500 0.4650 58.9880
v 43.8500 0.4650 58.9880
v 45.8000 0.2750 56.7500
v 46.2000 0.2750 56.7500
v 46.2000 0.4250 56.7500
v 45.8000 0.4250 56.7500
v 45.8000 0.2750 59.2500
v 46.2000 0.2750 59.2500
v 46.2000 0.4250 59.2500
v 45.8000 0.4250 59.2500
v 45.8500 0.4150 57.0120
v 46.1500 0.4150 57.0120
v 46.1500 0.4650 57.0120
v 45.8500 0.4650 57.0120
v 45.8500 0.4150 57.3120
v 46.1500 0.4150 57.3120
v 46.1500 0.4650 57.3120
v 45.8500 0.4650 57.3120
v 45.8500 0.4150 58.6880
v 46.1500 0.4150 58.6880
v 46.1500 0.4650 58.6880
v 45.8500 0.4650 58.6880
v 45.8500 0.4150 58.9880
v 46.1500 0.4150 58.9880
v 46.1500 0.4650 58.9880
v 45.8500 0.4650 58.9880
v 47.8000 0.2750 56.7500
v 48.2000 0.2750 56.7500
v 48.2000 0.4250 56.7500
v 47.8000 0.4250 56.7500
v 47.8000 0.2750 59.2500
v 48.2000 0.2750 59.2500
v 48.2000 0.4250 59.2500
v 47.8000 0.4250 59.2500
v 47.8500 0.4150 57.0120
v 48.1500 0.4150 57.0120
v 48.1500 0.4650 57.0120
v 47.8500 0.4650 57.0120
v 47.8500 0.4150 57.3120
v 48.1500 0.4150 57.3120
v 48.1500 0.4650 57.3120
v 47.8500 0.4650 57.3120
v 47.8500 0.4150 58.6880
v 48.1500 0.4150 58.6880
v 48.1500 0.4650 58.6880
v 47.8500 0.4650 58.6880
v 47.8500 0.4150 58.9880
v 48.1500 0.4150 58.9880
v 48.1500 0.4650 58.9880
v 47.8500 0.4650 58.9880
v 49.8000 0.2750 56.7500
v 50.2000 0.2750 56.7500
v 50.2000 0.4250 56.7500
v 49.8000 0.4250 56.7500
v 49.8000 0.2750 59.2500
v 50.2000 0.2750 59.2500
v 50.2000 0.4250 59.2500
v 49.8000 0.4250 59.2500
v 49.8500 0.4150 57.0120
v 50.1500 0.4150 57.0120
v 50.1500 0.4650 57.0120
v 49.8500 0.4650 57.0120
v 49.8500 0.4150 57.3120
v 50.1500 0.4150 57.3120
v 50.1500 0.4650 57.3120
v 49.8500 0.4650 57.3120
v 49.8500 0.4150 58.6880
v 50.1500 0.4150 58.6880
v 50.1500 0.4650 58.6880
v 49.8500 0.4650 58.6880
v 49.8500 0.4150 58.9880
v 50.1500 0.4150 58.9880
v 50.1500 0.4650 58.9880
v 49.8500 0.4650 58.9880
v 51.8000 0.2750 56.7500
v 52.2000 0.2750 56.7500
v 52.2000 0.4250 56.7500
v 51.8000 0.4250 56.7500
v 51.8000 0.2750 59.2500
v 52.2000 0.2750 59.2500
v 52.2000 0.4250 59.2500
v 51.8000 0.4250 59.2500
v 51.8500 0.4150 57.0120
v 52.1500 0.4150 57.0120
v 52.1500 0.4650 57.0120
v 51.8500 0.4650 57.0120
v 51.8500 0.4150 57.3120
v 52.1500 0.4150 57.3120
v 52.1500 0.4650 57.3120
v 51.8500 0.4650 57.3120
v 51.8500 0.4150 58.6880
v 52.1500 0.4150 58.6880
v 52.1500 0.4650 58.6880
v 51.8500 0.4650 58.6880
v 51.8500 0.4150 58.9880
v 52.1500 0.4150 58.9880
v 52.1500 0.4650 58.9880
v 51.8500 0.4650 58.9880
v 53.8000 0.2750 56.7500
v 54.2000 0.2750 56.7500
v 54.2000 0.4250 56.7500
v 53.8000 0.4250 56.7500
v 53.8000 0.2750 59.2500
v 54.2000 0.2750 59.2500
v 54.2000 0.4250 59.2500
v 53.8000 0.4250 59.2500
v 53.8500 0.4150 57.0120
v 54.1500 0.4150 57.0120
v 54.1500 0.4650 57.0120
v 53.8500 0.4650 57.0120
v 53.8500 0.4150 57.3120
v 54.1500 0.4150 57.3120
v 54.1500 0.4650 57.3120
v 53.8500 0.4650 57.3120
v 53.8500 0.4150 58.6880
v 54.1500 0.4150 58.6880
v 54.1500 0.4650 58.6880
v 53.8500 0.4650 58.6880
v 53.8500 0.4150 58.9880
v 54.1500 0.4150 58.9880
v 54.1500 0.4650 58.9880
v 53.8500 0.4650 58.9880
v 55.8000 0.2750 56.7500
v 56.2000 0.2750 56.7500
v 56.2000 0.4250 56.7500
v 55.8000 0.4250 56.7500
v 55.8000 0.2750 59.2500
v 56.2000 0.2750 59.2500
v 56.2000 0.4250 59.2500
v 55.8000 0.4250 59.2500
v 55.8500 0.4150 57.0120
v 56.1500 0.4150 57.0120
v 56.1500 0.4650 57.0120
v 55.8500 0.4650 57.0120
v 55.8500 0.4150 57.3120
v 56.1500 0.4150 57.3120
v 56.1500 0.4650 57.3120
v 55.8500 0.4650 57.3120
v 55.8500 0.4150 58.6880
v 56.1500 0.4150 58.6880
v 56.1500 0.4650 58.6880
v 55.8500 0.4650 58.6880
v 55.8500 0.4150 58.9880
v 56.1500 0.4150 58.9880
v 56.1500 0.4650 58.9880
v 55.8500 0.4650 58.9880
v 57.8000 0.2750 56.7500
v 58.2000 0.2750 56.7500
v 58.2000 0.4250 56.7500
v 57.8000 0.4250 56.7500
v 57.8000 0.2750 59.2500
v 58.2000 0.2750 59.2500
v 58.2000 0.4250 59.2500
v 57.8000 0.4250 59.2500
v 57.8500 0.4150 57.0120
v 58.1500 0.4150 57.0120
v 58.1500 0.4650 57.0120
v 57.8500 0.4650 57.0120
v 57.8500 0.4150 57.3120
v 58.1500 0.4150 57.3120
v 58.1500 0.4650 57.3120
v 57.8500 0.4650 57.3120
v 57.8500 0.4150 58.6880
v 58.1500 0.4150 58.6880
v 58.1500 0.4650 58.6880
v 57.8500 0.4650 58.6880
v 57.8500 0.4150 58.9880
v 58.1500 0.4150 58.9880
v 58.1500 0.4650 58.9880
v 57.8500 0.4650 58.9880
v 59.8000 0.2750 56.7500
v 60.2000 0.2750 56.7500
v 60.2000 0.4250 56.7500
v 59.8000 0.4250 56.7500
v 59.8000 0.2750 59.2500
v 60.2000 0.2750 59.2500
v 60.2000 0.4250 59.2500
v 59.8000 0.4250 59.2500
v 59.8500 0.4150 57.0120
v 60.1500 0.4150 57.0120
v 60.1500 0.4650 57.0120
v 59.8500 0.4650 57.0120
v 59.8500 0.4150 57.3120
v 60.1500 0.4150 57.3120
v 60.1500 0.4650 57.3120
v 59.8500 0.4650 57.3120
v 59.8500 0.4150 58.6880
v 60.1500 0.4150 58.6880
v 60.1500 0.4650 58.6880
v 59.8500 0.4650 58.6880
v 59.8500 0.4150 58.9880
v 60.1500 0.4150 58.9880
v 60.1500 0.4650 58.9880
v 59.8500 0.4650 58.9880
v 61.8000 0.2750 56.7500
v 62.2000 0.2750 56.7500
v 62.2000 0.4250 56.7500
v 61.8000 0.4250 56.7500
v 61.8000 0.2750 59.2500
v 62.2000 0.2750 59.2500
v 62.2000 0.4250 59.2500
v 61.8000 0.4250 59.2500
v 61.8500 0.4150 57.0120
v 62.1500 0.4150 57.0120
v 62.1500 0.4650 57.0120
v 61.8500 0.4650 57.0120
v 61.8500 0.4150 57.3120
v 62.1500 0.4150 57.3120
v 62.1500 0.4650 57.3120
v 61.8500 0.4650 57.3120
v 61.8500 0.4150 58.6880
v 62.1500 0.4150 58.6880
v 62.1500 0.4650 58.6880
v 61.8500 0.4650 58.6880
v 61.8500 0.4150 58.9880
v 62.1500 0.4150 58.9880
v 62.1500 0.4650 58.9880
v 61.8500 0.4650 58.9880
v 63.8000 0.2750 56.7500
v 64.2000 0.2750 56.7500
v 64.2000 0.4250 56.7500
v 63.8000 0.4250 56.7500
v 63.8000 0.2750 59.2500
v 64.2000 0.2750 59.2500
v 64.2000 0.4250 59.2500
v 63.8000 0.4250 59.2500
v 63.8500 0.4150 57.0120
v 64.1500 0.4150 57.0120
v 64.1500 0.4650 57.0120
v 63.8500 0.4650 57.0120
v 63.8500 0.4150 57.3120
v 64.1500 0.4150 57.3120
v 64.1500 0.4650 57.3120
v 63.8500 0.4650 57.3120
v 63.8500 0.4150 58.6880
v 64.1500 0.4150 58.6880
v 64.1500 0.4650 58.6880
v 63.8500 0.4650 58.6880
v 63.8500 0.4150 58.9880
v 64.1500 0.4150 58.9880
v 64.1500 0.4650 58.9880
v 63.8500 0.4650 58.9880
v 65.8000 0.2750 56.7500
v 66.2000 0.2750 56.7500
v 66.2000 0.4250 56.7500
v 65.8000 0.4250 56.7500
v 65.8000 0.2750 59.2500
v 66.2000 0.2750 59.2500
v 66.2000 0.4250 59.2500
v 65.8000 0.4250 59.2500
v 65.8500 0.4150 57.0120
v 66.1500 0.4150 57.0120
v 66.1500 0.4650 57.0120
v 65.8500 0.4650 57.0120
v 65.8500 0.4150 57.3120
v 66.1500 0.4150 57.3120
v 66.1500 0.4650 57.3120
v 65.8500 0.4650 57.3120
v 65.8500 0.4150 58.6880
v 66.1500 0.4150 58.6880
v 66.1500 0.4650 58.6880
v 65.8500 0.4650 58.6880
v 65.8500 0.4150 58.9880
v 66.1500 0.4150 58.9880
v 66.1500 0.4650 58.9880
v 65.8500 0.4650 58.9880
v 67.8000 0.2750 56.7500
v 68.2000 0.2750 56.7500
v 68.2000 0.4250 56.7500
v 67.8000 0.4250 56.7500
v 67.8000 0.2750 59.2500
v 68.2000 0.2750 59.2500
v 68.2000 0.4250 59.2500
v 67.8000 0.4250 59.2500
v 67.8500 0.4150 57.0120
v 68.1500 0.4150 57.0120
v 68.1500 0.4650 57.0120
v 67.8500 0.4650 57.0120
v 67.8500 0.4150 57.3120
v 68.1500 0.4150 57.3120
v 68.1500 0.4650 57.3120
v 67.8500 0.4650 57.3120
v 67.8500 0.4150 58.6880
v 68.1500 0.4150 58.6880
v 68.1500 0.4650 58.6880
v 67.8500 0.4650 58.6880
v 67.8500 0.4150 58.9880
v 68.1500 0.4150 58.9880
v 68.1500 0.4650 58.9880
v 67.8500 0.4650 58.9880
v 69.8000 0.2750 56.7500
v 70.2000 0.2750 56.7500
v 70.2000 0.4250 56.7500
v 69.8000 0.4250 56.7500
v 69.8000 0.2750 59.2500
v 70.2000 0.2750 59.2500
v 70.2000 0.4250 59.2500
v 69.8000 0.4250 59.2500
v 69.8500 0.4150 57.0120
v 70.1500 0.4150 57.0120
v 70.1500 0.4650 57.0120
v 69.8500 0.4650 57.0120
v 69.8500 0.4150 57.3120
v 70.1500 0.4150 57.3120
v 70.1500 0.4650 57.3120
v 69.8500 0.4650 57.3120
v 69.8500 0.4150 58.6880
v 70.1500 0.4150 58.6880
v 70.1500 0.4650 58.6880
v 69.8500 0.4650 58.6880
v 69.8500 0.4150 58.9880
v 70.1500 0.4150 58.9880
v 70.1500 0.4650 58.9880
v 69.8500 0.4650 58.9880
v 71.8000 0.2750 56.7500
v 72.2000 0.2750 56.7500
v 72.2000 0.4250 56.7500
v 71.8000 0.4250 56.7500
v 71.8000 0.2750 59.2500
v 72.2000 0.2750 59.2500
v 72.2000 0.4250 59.2500
v 71.8000 0.4250 59.2500
v 71.8500 0.4150 57.0120
v 72.1500 0.4150 57.0120
v 72.1500 0.4650 57.0120
v 71.8500 0.4650 57.0120
v 71.8500 0.4150 57.3120
v 72.1500 0.4150 57.3120
v 72.1500 0.4650 57.3120
v 71.8500 0.4650 57.3120
v 71.8500 0.4150 58.6880
v 72.1500 0.4150 58.6880
v 72.1500 0.4650 58.6880
v 71.8500 0.4650 58.6880
v 71.8500 0.4150 58.9880
v 72.1500 0.4150 58.9880
v 72.1500 0.4650 58.9880
v 71.8500 0.4650 58.9880
v 73.8000 0.2750 56.7500
v 74.2000 0.2750 56.7500
v 74.2000 0.4250 56.7500
v 73.8000 0.4250 56.7500
v 73.8000 0.2750 59.2500
v 74.2000 0.2750 59.2500
v 74.2000 0.4250 59.2500
v 73.8000 0.4250 59.2500
v 73.8500 0.4150 57.0120
v 74.1500 0.4150 57.0120
v 74.1500 0.4650 57.0120
v 73.8500 0.4650 57.0120
v 73.8500 0.4150 57.3120
v 74.1500 0.4150 57.3120
v 74.1500 0.4650 57.3120
v 73.8500 0.4650 57.3120
v 73.8500 0.4150 58.6880
v 74.1500 0.4150 58.6880
v 74.1500 0.4650 58.6880
v 73.8500 0.4650 58.6880
v 73.8500 0.4150 58.9880
v 74.1500 0.4150 58.9880
v 74.1500 0.4650 58.9880
v 73.8500 0.4650 58.9880
v 75.8000 0.2750 56.7500
v 76.2000 0.2750 56.7500
v 76.2000 0.4250 56.7500
v 75.8000 0.4250 56.7500
v 75.8000 0.2750 59.2500
v 76.2000 0.2750 59.2500
v 76.2000 0.4250 59.2500
v 75.8000 0.4250 59.2500
v 75.8500 0.4150 57.0120
v 76.1500 0.4150 57.0120
v 76.1500 0.4650 57.0120
v 75.8500 0.4650 57.0120
v 75.8500 0.4150 57.3120
v 76.1500 0.4150 57.3120
v 76.1500 0.4650 57.3120
v 75.8500 0.4650 57.3120
v 75.8500 0.4150 58.6880
v 76.1500 0.4150 58.6880
v 76.1500 0.4650 58.6880
v 75.8500 0.4650 58.6880
v 75.8500 0.4150 58.9880
v 76.1500 0.4150 58.9880
v 76.1500 0.4650 58.9880
v 75.8500 0.4650 58.9880
v 77.8000 0.2750 56.7500
v 78.2000 0.2750 56.7500
v 78.2000 0.4250 56.7500
v 77.8000 0.4250 56.7500
v 77.8000 0.2750 59.2500
v 78.2000 0.2750 59.2500
v 78.2000 0.4250 59.2500
v 77.8000 0.4250 59.2500
v 77.8500 0.4150 57.0120
v 78.1500 0.4150 57.0120
v 78.1500 0.4650 57.0120
v 77.8500 0.4650 57.0120
v 77.8500 0.4150 57.3120
v 78.1500 0.4150 57.3120
v 78.1500 0.4650 57.3120
v 77.8500 0.4650 57.3120
v 77.8500 0.4150 58.6880
v 78.1500 0.4150 58.6880
v 78.1500 0.4650 58.6880
v 77.8500 0.4650 58.6880
v 77.8500 0.4150 58.9880
v 78.1500 0.4150 58.9880
v 78.1500 0.4650 58.9880
v 77.8500 0.4650 58.9880
v 79.8000 0.2750 56.7500
v 80.2000 0.2750 56.7500
v 80.2000 0.4250 56.7500
v 79.8000 0.4250 56.7500
v 79.8000 0.2750 59.2500
v 80.2000 0.2750 59.2500
v 80.2000 0.4250 59.2500
v 79.8000 0.4250 59.2500
v 79.8500 0.4150 57.0120
v 80.1500 0.4150 57.0120
v 80.1500 0.4650 57.0120
v 79.8500 0.4650 57.0120
v 79.8500 0.4150 57.3120
v 80.1500 0.4150 57.3120
v 80.1500 0.4650 57.3120
v 79.8500 0.4650 57.3120
v 79.8500 0.4150 58.6880
v 80.1500 0.4150 58.6880
v 80.1500 0.4650 58.6880
v 79.8500 0.4650 58.6880
v 79.8500 0.4150 58.9880
v 80.1500 0.4150 58.9880
v 80.1500 0.4650 58.9880
v 79.8500 0.4650 58.9880
v 81.8000 0.2750 56.7500
v 82.2000 0.2750 56.7500
v 82.2000 0.4250 56.7500
v 81.8000 0.4250 56.7500
v 81.8000 0.2750 59.2500
v 82.2000 0.2750 59.2500
v 82.2000 0.4250 59.2500
v 81.8000 0.4250 59.2500
v 81.8500 0.4150 57.0120
v 82.1500 0.4150 57.0120
v 82.1500 0.4650 57.0120
v 81.8500 0.4650 57.0120
v 81.8500 0.4150 57.3120
v 82.1500 0.4150 57.3120
v 82.1500 0.4650 57.3120
v 81.8500 0.4650 57.3120
v 81.8500 0.4150 58.6880
v 82.1500 0.4150 58.6880
v 82.1500 0.4650 58.6880
v 81.8500 0.4650 58.6880
v 81.8500 0.4150 58.9880
v 82.1500 0.4150 58.9880
v 82.1500 0.4650 58.9880
v 81.8500 0.4650 58.9880
v 83.8000 0.2750 56.7500
v 84.2000 0.2750 56.7500
v 84.2000 0.4250 56.7500
v 83.8000 0.4250 56.7500
v 83.8000 0.2750 59.2500
v 84.2000 0.2750 59.2500
v 84.2000 0.4250 59.2500
v 83.8000 0.4250 59.2500
v 83.8500 0.4150 57.0120
v 84.1500 0.4150 57.0120
v 84.1500 0.4650 57.0120
v 83.8500 0.4650 57.0120
v 83.8500 0.4150 57.3120
v 84.1500 0.4150 57.3120
v 84.1500 0.4650 57.3120
v 83.8500 0.4650 57.3120
v 83.8500 0.4150 58.6880
v 84.1500 0.4150 58.6880
v 84.1500 0.4650 58.6880
v 83.8500 0.4650 58.6880
v 83.8500 0.4150 58.9880
v 84.1500 0.4150 58.9880
v 84.1500 0.4650 58.9880
v 83.8500 0.4650 58.9880
v 85.8000 0.2750 56.7500
v 86.2000 0.2750 56.7500
v 86.2000 0.4250 56.7500
v 85.8000 0.4250 56.7500
v 85.8000 0.2750 59.2500
v 86.2000 0.2750 59.2500
v 86.2000 0.4250 59.2500
v 85.8000 0.4250 59.2500
v 85.8500 0.4150 57.0120
v 86.1500 0.4150 57.0120
v 86.1500 0.4650 57.0120
v 85.8500 0.4650 57.0120
v 85.8500 0.4150 57.3120
v 86.1500 0.4150 57.3120
v 86.1500 0.4650 57.3120
v 85.8500 0.4650 57.3120
v 85.8500 0.4150 58.6880
v 86.1500 0.4150 58.6880
v 86.1500 0.4650 58.6880
v 85.8500 0.4650 58.6880
v 85.8500 0.4150 58.9880
v 86.1500 0.4150 58.9880
v 86.1500 0.4650 58.9880
v 85.8500 0.4650 58.9880
v 87.8000 0.2750 56.7500
v 88.2000 0.2750 56.7500
v 88.2000 0.4250 56.7500
v 87.8000 0.4250 56.7500
v 87.8000 0.2750 59.2500
v 88.2000 0.2750 59.2500
v 88.2000 0.4250 59.2500
v 87.8000 0.4250 59.2500
v 87.8500 0.4150 57.0120
v 88.1500 0.4150 57.0120
v 88.1500 0.4650 57.0120
v 87.8500 0.4650 57.0120
v 87.8500 0.4150 57.3120
v 88.1500 0.4150 57.3120
v 88.1500 0.4650 57.3120
v 87.8500 0.4650 57.3120
v 87.8500 0.4150 58.6880
v 88.1500 0.4150 58.6880
v 88.1500 0.4650 58.6880
v 87.8500 0.4650 58.6880
v 87.8500 0.4150 58.9880
v 88.1500 0.4150 58.9880
v 88.1500 0.4650 58.9880
v 87.8500 0.4650 58.9880
v -90.0000 0.4500 57.1020
v 90.0000 0.4500 57.1020
v 90.0000 0.6500 57.1020
v -90.0000 0.6500 57.1020
v -90.0000 0.4500 57.2220
v 90.0000 0.4500 57.2220
v 90.0000 0.6500 57.2220
v -90.0000 0.6500 57.2220
v -90.0000 0.4500 58.7780
v 90.0000 0.4500 58.7780
v 90.0000 0.6500 58.7780
v -90.0000 0.6500 58.7780
v -90.0000 0.4500 58.8980
v 90.0000 0.4500 58.8980
v 90.0000 0.6500 58.8980
v -90.0000 0.6500 58.8980
v -90.0000 0.0000 66.4000
v 90.0000 0.0000 66.4000
v 90.0000 0.3000 66.4000
v -90.0000 0.3000 66.4000
v -90.0000 0.0000 69.6000
v 90.0000 0.0000 69.6000
v 90.0000 0.3000 69.6000
v -90.0000 0.3000 69.6000
v -88.2000 0.2750 66.7500
v -87.8000 0.2750 66.7500
v -87.8000 0.4250 66.7500
v -88.2000 0.4250 66.7500
v -88.2000 0.2750 69.2500
v -87.8000 0.2750 69.2500
v -87.8000 0.4250 69.2500
v -88.2000 0.4250 69.2500
v -88.1500 0.4150 67.0120
v -87.8500 0.4150 67.0120
v -87.8500 0.4650 67.0120
v -88.1500 0.4650 67.0120
v -88.1500 0.4150 67.3120
v -87.8500 0.4150 67.3120
v -87.8500 0.4650 67.3120
v -88.1500 0.4650 67.3120
v -88.1500 0.4150 68.6880
v -87.8500 0.4150 68.6880
v -87.8500 0.4650 68.6880
v -88.1500 0.4650 68.6880
v -88.1500 0.4150 68.9880
v -87.8500 0.4150 68.9880
v -87.8500 0.4650 68.9880
v -88.1500 0.4650 68.9880
v -86.2000 0.2750 66.7500
v -85.8000 0.2750 66.7500
v -85.8000 0.4250 66.7500
v -86.2000 0.4250 66.7500
v -86.2000 0.2750 69.2500
v -85.8000 0.2750 69.2500
v -85.8000 0.4250 69.2500
v -86.2000 0.4250 69.2500
v -86.1500 0.4150 67.0120
v -85.8500 0.4150 67.0120
v -85.8500 0.4650 67.0120
v -86.1500 0.4650 67.0120
v -86.1500 0.4150 67.3120
v -85.8500 0.4150 67.3120
v -85.8500 0.4650 67.3120
v -86.1500 0.4650 67.3120
v -86.1500 0.4150 68.6880
v -85.8500 0.4150 68.6880
v -85.8500 0.4650 68.6880
v -86.1500 0.4650 68.6880
v -86.1500 0.4150 68.9880
v -85.8500 0.4150 68.9880
v -85.8500 0.4650 68.9880
v -86.1500 0.4650 68.9880
v -84.2000 0.2750 66.7500
v -83.8000 0.2750 66.7500
v -83.8000 0.4250 66.7500
v -84.2000 0.4250 66.7500
v -84.2000 0.2750 69.2500
v -83.8000 0.2750 69.2500
v -83.8000 0.4250 69.2500
v -84.2000 0.4250 69.2500
v -84.1500 0.4150 67.0120
v -83.8500 0.4150 67.0120
v -83.8500 0.4650 67.0120
v -84.1500 0.4650 67.0120
v -84.1500 0.4150 67.3120
v -83.8500 0.4150 67.3120
v -83.8500 0.4650 67.3120
v -84.1500 0.4650 67.3120
v -84.1500 0.4150 68.6880
v -83.8500 0.4150 68.6880
v -83.8500 0.4650 68.6880
v -84.1500 0.4650 68.6880
v -84.1500 0.4150 68.9880
v -83.8500 0.4150 68.9880
v -83.8500 0.4650 68.9880
v -84.1500 0.4650 68.9880
v -82.2000 0.2750 66.7500
v -81.8000 0.2750 66.7500
v -81.8000 0.4250 66.7500
v -82.2000 0.4250 66.7500
v -82.2000 0.2750 69.2500
v -81.8000 0.2750 69.2500
v -81.8000 0.4250 69.2500
v -82.2000 0.4250 69.2500
v -82.1500 0.4150 67.0120
v -81.8500 0.4150 67.0120
v -81.8500 0.4650 67.0120
v -82.1500 0.4650 67.0120
v -82.1500 0.4150 67.3120
v -81.8500 0.4150 67.3120
v -81.8500 0.4650 67.3120
v -82.1500 0.4650 67.3120
v -82.1500 0.4150 68.6880
v -81.8500 0.4150 68.6880
v -81.8500 0.4650 68.6880
v -82.1500 0.4650 68.6880
v -82.1500 0.4150 68.9880
v -81.8500 0.4150 68.9880
v -81.8500 0.4650 68.9880
v -82.1500 0.4650 68.9880
v -80.2000 0.2750 66.7500
v -79.8000 0.2750 66.7500
v -79.8000 0.4250 66.7500
v -80.2000 0.4250 66.7500
v -80.2000 0.2750 69.2500
v -79.8000 0.2750 69.2500
v -79.8000 0.4250 69.2500
v -80.2000 0.4250 69.2500
v -80.1500 0.4150 67.0120
v -79.8500 0.4150 67.0120
v -79.8500 0.4650 67.0120
v -80.1500 0.4650 67.0120
v -80.1500 0.4150 67.3120
v -79.8500 0.4150 67.3120
v -79.8500 0.4650 67.3120
v -80.1500 0.4650 67.3120
v -80.1500 0.4150 68.6880
v -79.8500 0.4150 68.6880
v -79.8500 0.4650 68.6880
v -80.1500 0.4650 68.6880
v -80.1500 0.4150 68.9880
v -79.8500 0.4150 68.9880
v -79.8500 0.4650 68.9880
v -80.1500 0.4650 68.9880
v -78.2000 0.2750 66.7500
v -77.8000 0.2750 66.7500
v -77.8000 0.4250 66.7500
v -78.2000 0.4250 66.7500
v -78.2000 0.2750 69.2500
v -77.8000 0.2750 69.2500
v -77.8000 0.4250 69.2500
v -78.2000 0.4250 69.2500
v -78.1500 0.4150 67.0120
v -77.8500 0.4150 67.0120
v -77.8500 0.4650 67.0120
v -78.1500 0.4650 67.0120
v -78.1500 0.4150 67.3120
v -77.8500 0.4150 67.3120
v -77.8500 0.4650 67.3120
v -78.1500 0.4650 67.3120
v -78.1500 0.4150 68.6880
v -77.8500 0.4150 68.6880
v -77.8500 0.4650 68.6880
v -78.1500 0.4650 68.6880
v -78.1500 0.4150 68.9880
v -77.8500 0.4150 68.9880
v -77.8500 0.4650 68.9880
v -78.1500 0.4650 68.9880
v -76.2000 0.2750 66.7500
v -75.8000 0.2750 66.7500
v -75.8000 0.4250 66.7500
v -76.2000 0.4250 66.7500
v -76.2000 0.2750 69.2500
v -75.8000 0.2750 69.2500
v -75.8000 0.4250 69.2500
v -76.2000 0.4250 69.2500
v -76.1500 0.4150 67.0120
v -75.8500 0.4150 67.0120
v -75.8500 0.4650 67.0120
v -76.1500 0.4650 67.0120
v -76.1500 0.4150 67.3120
v -75.8500 0.4150 67.3120
v -75.8500 0.4650 67.3120
v -76.1500 0.4650 67.3120
v -76.1500 0.4150 68.6880
v -75.8500 0.4150 68.6880
v -75.8500 0.4650 68.6880
v -76.1500 0.4650 68.6880
v -76.1500 0.4150 68.9880
v -75.8500 0.4150 68.9880
v -75.8500 0.4650 68.9880
v -76.1500 0.4650 68.9880
v -74.2000 0.2750 66.7500
v -73.8000 0.2750 66.7500
v -73.8000 0.4250 66.7500
v -74.2000 0.4250 66.7500
v -74.2000 0.2750 69.2500
v -73.8000 0.2750 69.2500
v -73.8000 0.4250 69.2500
v -74.2000 0.4250 69.2500
v -74.1500 0.4150 67.0120
v -73.8500 0.4150 67.0120
v -73.8500 0.4650 67.0120
v -74.1500 0.4650 67.0120
v -74.1500 0.4150 67.3120
v -73.8500 0.4150 67.3120
v -73.8500 0.4650 67.3120
v -74.1500 0.4650 67.3120
v -74.1500 0.4150 68.6880
v -73.8500 0.4150 68.6880
v -73.8500 0.4650 68.6880
v -74.1500 0.4650 68.6880
v -74.1500 0.4150 68.9880
v -73.8500 0.4150 68.9880
v -73.8500 0.4650 68.9880
v -74.1500 0.4650 68.9880
v -72.2000 0.2750 66.7500
v -71.8000 0.2750 66.7500
v -71.8000 0.4250 66.7500
v -72.2000 0.4250 66.7500
v -72.2000 0.2750 69.2500
v -71.8000 0.2750 69.2500
v -71.8000 0.4250 69.2500
v -72.2000 0.4250 69.2500
v -72.1500 0.4150 67.0120
v -71.8500 0.4150 67.0120
v -71.8500 0.4650 67.0120
v -72.1500 0.4650 67.0120
v -72.1500 0.4150 67.3120
v -71.8500 0.4150 67.3120
v -71.8500 0.4650 67.3120
v -72.1500 0.4650 67.3120
v -72.1500 0.4150 68.6880
v -71.8500 0.4150 68.6880
v -71.8500 0.4650 68.6880
v -72.1500 0.4650 68.6880
v -72.1500 0.4150 68.9880
v -71.8500 0.4150 68.9880
v -71.8500 0.4650 68.9880
v -72.1500 0.4650 68.9880
v -70.2000 0.2750 66.7500
v -69.8000 0.2750 66.7500
v -69.8000 0.4250 66.7500
v -70.2000 0.4250 66.7500
v -70.2000 0.2750 69.2500
v -69.8000 0.2750 69.2500
v -69.8000 0.4250 69.2500
v -70.2000 0.4250 69.2500
v -70.1500 0.4150 67.0120
v -69.8500 0.4150 67.0120
v -69.8500 0.4650 67.0120
v -70.1500 0.4650 67.0120
v -70.1500 0.4150 67.3120
v -69.8500 0.4150 67.3120
v -69.8500 0.4650 67.3120
v -70.1500 0.4650 67.3120
v -70.1500 0.4150 68.6880
v -69.8500 0.4150 68.6880
v -69.8500 0.4650 68.6880
v -70.1500 0.4650 68.6880
v -70.1500 0.4150 68.9880
v -69.8500 0.4150 68.9880
v -69.8500 0.4650 68.9880
v -70.1500 0.4650 68.9880
v -68.2000 0.2750 66.7500
v -67.8000 0.2750 66.7500
v -67.8000 0.4250 66.7500
v -68.2000 0.4250 66.7500
v -68.2000 0.2750 69.2500
v -67.8000 0.2750 69.2500
v -67.8000 0.4250 69.2500
v -68.2000 0.4250 69.2500
v -68.1500 0.4150 67.0120
v -67.8500 0.4150 67.0120
v -67.8500 0.4650 67.0120
v -68.1500 0.4650 67.0120
v -68.1500 0.4150 67.3120
v -67.8500 0.4150 67.3120
v -67.8500 0.4650 67.3120
v -68.1500 0.4650 67.3120
v -68.1500 0.4150 68.6880
v -67.8500 0.4150 68.6880
v -67.8500 0.4650 68.6880
v -68.1500 0.4650 68.6880
v -68.1500 0.4150 68.9880
v -67.8500 0.4150 68.9880
v -67.8500 0.4650 68.9880
v -68.1500 0.4650 68.9880
v -66.2000 0.2750 66.7500
v -65.8000 0.2750 66.7500
v -65.8000 0.4250 66.7500
v -66.2000 0.4250 66.7500
v -66.2000 0.2750 69.2500
v -65.8000 0.2750 69.2500
v -65.8000 0.4250 69.2500
v -66.2000 0.4250 69.2500
v -66.1500 0.4150 67.0120
v -65.8500 0.4150 67.0120
v -65.8500 0.4650 67.0120
v -66.1500 0.4650 67.0120
v -66.1500 0.4150 67.3120
v -65.8500 0.4150 67.3120
v -65.8500 0.4650 67.3120
v -66.1500 0.4650 67.3120
v -66.1500 0.4150 68.6880
v -65.8500 0.4150 68.6880
v -65.8500 0.4650 68.6880
v -66.1500 0.4650 68.6880
v -66.1500 0.4150 68.9880
v -65.8500 0.4150 68.9880
v -65.8500 0.4650 68.9880
v -66.1500 0.4650 68.9880
v -64.2000 0.2750 66.7500
v -63.8000 0.2750 66.7500
v -63.8000 0.4250 66.7500
v -64.2000 0.4250 66.7500
v -64.2000 0.2750 69.2500
v -63.8000 0.2750 69.2500
v -63.8000 0.4250 69.2500
v -64.2000 0.4250 69.2500
v -64.1500 0.4150 67.0120
v -63.8500 0.4150 67.0120
v -63.8500 0.4650 67.0120
v -64.1500 0.4650 67.0120
v -64.1500 0.4150 67.3120
v -63.8500 0.4150 67.3120
v -63.8500 0.4650 67.3120
v -64.1500 0.4650 67.3120
v -64.1500 0.4150 68.6880
v -63.8500 0.4150 68.6880
v -63.8500 0.4650 68.6880
v -64.1500 0.4650 68.6880
v -64.1500 0.4150 68.9880
v -63.8500 0.4150 68.9880
v -63.8500 0.4650 68.9880
v -64.1500 0.4650 68.9880
v -62.2000 0.2750 66.7500
v -61.8000 0.2750 66.7500
v -61.8000 0.4250 66.7500
v -62.2000 0.4250 66.7500
v -62.2000 0.2750 69.2500
v -61.8000 0.2750 69.2500
v -61.8000 0.4250 69.2500
v -62.2000 0.4250 69.2500
v -62.1500 0.4150 67.0120
v -61.8500 0.4150 67.0120
v -61.8500 0.4650 67.0120
v -62.1500 0.4650 67.0120
v -62.1500 0.4150 67.3120
v -61.8500 0.4150 67.3120
v -61.8500 0.4650 67.3120
v -62.1500 0.4650 67.3120
v -62.1500 0.4150 68.6880
v -61.8500 0.4150 68.6880
v -61.8500 0.4650 68.6880
v -62.1500 0.4650 68.6880
v -62.1500 0.4150 68.9880
v -61.8500 0.4150 68.9880
v -61.8500 0.4650 68.9880
v -62.1500 0.4650 68.9880
v -60.2000 0.2750 66.7500
v -59.8000 0.2750 66.7500
v -59.8000 0.4250 66.7500
v -60.2000 0.4250 66.7500
v -60.2000 0.2750 69.2500
v -59.8000 0.2750 69.2500
v -59.8000 0.4250 69.2500
v -60.2000 0.4250 69.2500
v -60.1500 0.4150 67.0120
v -59.8500 0.4150 67.0120
v -59.8500 0.4650 67.0120
v -60.1500 0.4650 67.0120
v -60.1500 0.4150 67.3120
v -59.8500 0.4150 67.3120
v -59.8500 0.4650 67.3120
v -60.1500 0.4650 67.3120
v -60.1500 0.4150 68.6880
v -59.8500 0.4150 68.6880
v -59.8500 0.4650 68.6880
v -60.1500 0.4650 68.6880
v -60.1500 0.4150 68.9880
v -59.8500 0.4150 68.9880
v -59.8500 0.4650 68.9880
v -60.1500 0.4650 68.9880
v -58.2000 0.2750 66.7500
v -57.8000 0.2750 66.7500
v -57.8000 0.4250 66.7500
v -58.2000 0.4250 66.7500
v -58.2000 0.2750 69.2500
v -57.8000 0.2750 69.2500
v -57.8000 0.4250 69.2500
v -58.2000 0.4250 69.2500
v -58.1500 0.4150 67.0120
v -57.8500 0.4150 67.0120
v -57.8500 0.4650 67.0120
v -58.1500 0.4650 67.0120
v -58.1500 0.4150 67.3120
v -57.8500 0.4150 67.3120
v -57.8500 0.4650 67.3120
v -58.1500 0.4650 67.3120
v -58.1500 0.4150 68.6880
v -57.8500 0.4150 68.6880
v -57.8500 0.4650 68.6880
v -58.1500 0.4650 68.6880
v -58.1500 0.4150 68.9880
v -57.8500 0.4150 68.9880
v -57.8500 0.4650 68.9880
v -58.1500 0.4650 68.9880
v -56.2000 0.2750 66.7500
v -55.8000 0.2750 66.7500
v -55.8000 0.4250 66.7500
v -56.2000 0.4250 66.7500
v -56.2000 0.2750 69.2500
v -55.8000 0.2750 69.2500
v -55.8000 0.4250 69.2500
v -56.2000 0.4250 69.2500
v -56.1500 0.4150 67.0120
v -55.8500 0.4150 67.0120
v -55.8500 0.4650 67.0120
v -56.1500 0.4650 67.0120
v -56.1500 0.4150 67.3120
v -55.8500 0.4150 67.3120
v -55.8500 0.4650 67.3120
v -56.1500 0.4650 67.3120
v -56.1500 0.4150 68.6880
v -55.8500 0.4150 68.6880
v -55.8500 0.4650 68.6880
v -56.1500 0.4650 68.6880
v -56.1500 0.4150 68.9880
v -55.8500 0.4150 68.9880
v -55.8500 0.4650 68.9880
v -56.1500 0.4650 68.9880
v -54.2000 0.2750 66.7500
v -53.8000 0.2750 66.7500
v -53.8000 0.4250 66.7500
v -54.2000 0.4250 66.7500
v -54.2000 0.2750 69.2500
v -53.8000 0.2750 69.2500
v -53.8000 0.4250 69.2500
v -54.2000 0.4250 69.2500
v -54.1500 0.4150 67.0120
v -53.8500 0.4150 67.0120
v -53.8500 0.4650 67.0120
v -54.1500 0.4650 67.0120
v -54.1500 0.4150 67.3120
v -53.8500 0.4150 67.3120
v -53.8500 0.4650 67.3120
v -54.1500 0.4650 67.3120
v -54.1500 0.4150 68.6880
v -53.8500 0.4150 68.6880
v -53.8500 0.4650 68.6880
v -54.1500 0.4650 68.6880
v -54.1500 0.4150 68.9880
v -53.8500 0.4150 68.9880
v -53.8500 0.4650 68.9880
v -54.1500 0.4650 68.9880
v -52.2000 0.2750 66.7500
v -51.8000 0.2750 66.7500
v -51.8000 0.4250 66.7500
v -52.2000 0.4250 66.7500
v -52.2000 0.2750 69.2500
v -51.8000 0.2750 69.2500
v -51.8000 0.4250 69.2500
v -52.2000 0.4250 69.2500
v -52.1500 0.4150 67.0120
v -51.8500 0.4150 67.0120
v -51.8500 0.4650 67.0120
v -52.1500 0.4650 67.0120
v -52.1500 0.4150 67.3120
v -51.8500 0.4150 67.3120
v -51.8500 0.4650 67.3120
v -52.1500 0.4650 67.3120
v -52.1500 0.4150 68.6880
v -51.8500 0.4150 68.6880
v -51.8500 0.4650 68.6880
v -52.1500 0.4650 68.6880
v -52.1500 0.4150 68.9880
v -51.8500 0.4150 68.9880
v -51.8500 0.4650 68.9880
v -52.1500 0.4650 68.9880
v -50.2000 0.2750 66.7500
v -49.8000 0.2750 66.7500
v -49.8000 0.4250 66.7500
v -50.2000 0.4250 66.7500
v -50.2000 0.2750 69.2500
v -49.8000 0.2750 69.2500
v -49.8000 0.4250 69.2500
v -50.2000 0.4250 69.2500
v -50.1500 0.4150 67.0120
v -49.8500 0.4150 67.0120
v -49.8500 0.4650 67.0120
v -50.1500 0.4650 67.0120
v -50.1500 0.4150 67.3120
v -49.8500 0.4150 67.3120
v -49.8500 0.4650 67.3120
v -50.1500 0.4650 67.3120
v -50.1500 0.4150 68.6880
v -49.8500 0.4150 68.6880
v -49.8500 0.4650 68.6880
v -50.1500 0.4650 68.6880
v -50.1500 0.4150 68.9880
v -49.8500 0.4150 68.9880
v -49.8500 0.4650 68.9880
v -50.1500 0.4650 68.9880
v -48.2000 0.2750 66.7500
v -47.8000 0.2750 66.7500
v -47.8000 0.4250 66.7500
v -48.2000 0.4250 66.7500
v -48.2000 0.2750 69.2500
v -47.8000 0.2750 69.2500
v -47.8000 0.4250 69.2500
v -48.2000 0.4250 69.2500
v -48.1500 0.4150 67.0120
v -47.8500 0.4150 67.0120
v -47.8500 0.4650 67.0120
v -48.1500 0.4650 67.0120
v -48.1500 0.4150 67.3120
v -47.8500 0.4150 67.3120
v -47.8500 0.4650 67.3120
v -48.1500 0.4650 67.3120
v -48.1500 0.4150 68.6880
v -47.8500 0.4150 68.6880
v -47.8500 0.4650 68.6880
v -48.1500 0.4650 68.6880
v -48.1500 0.4150 68.9880
v -47.8500 0.4150 68.9880
v -47.8500 0.4650 68.9880
v -48.1500 0.4650 68.9880
v -46.2000 0.2750 66.7500
v -45.8000 0.2750 66.7500
v -45.8000 0.4250 66.7500
v -46.2000 0.4250 66.7500
v -46.2000 0.2750 69.2500
v -45.8000 0.2750 69.2500
v -45.8000 0.4250 69.2500
v -46.2000 0.4250 69.2500
v -46.1500 0.4150 67.0120
v -45.8500 0.4150 67.0120
v -45.8500 0.4650 67.0120
v -46.1500 0.4650 67.0120
v -46.1500 0.4150 67.3120
v -45.8500 0.4150 67.3120
v -45.8500 0.4650 67.3120
v -46.1500 0.4650 67.3120
v -46.1500 0.4150 68.6880
v -45.8500 0.4150 68.6880
v -45.8500 0.4650 68.6880
v -46.1500 0.4650 68.6880
v -46.1500 0.4150 68.9880
v -45.8500 0.4150 68.9880
v -45.8500 0.4650 68.9880
v -46.1500 0.4650 68.9880
v -44.2000 0.2750 66.7500
v -43.8000 0.2750 66.7500
v -43.8000 0.4250 66.7500
v -44.2000 0.4250 66.7500
v -44.2000 0.2750 69.2500
v -43.8000 0.2750 69.2500
v -43.8000 0.4250 69.2500
v -44.2000 0.4250 69.2500
v -44.1500 0.4150 67.0120
v -43.8500 0.4150 67.0120
v -43.8500 0.4650 67.0120
v -44.1500 0.4650 67.0120
v -44.1500 0.4150 67.3120
v -43.8500 0.4150 67.3120
v -43.8500 0.4650 67.3120
v -44.1500 0.4650 67.3120
v -44.1500 0.4150 68.6880
v -43.8500 0.4150 68.6880
v -43.8500 0.4650 68.6880
v -44.1500 0.4650 68.6880
v -44.1500 0.4150 68.9880
v -43.8500 0.4150 68.9880
v -43.8500 0.4650 68.9880
v -44.1500 0.4650 68.9880
v -42.2000 0.2750 66.7500
v -41.8000 0.2750 66.7500
v -41.8000 0.4250 66.7500
v -42.2000 0.4250 66.7500
v -42.2000 0.2750 69.2500
v -41.8000 0.2750 69.2500
v -41.8000 0.4250 69.2500
v -42.2000 0.4250 69.2500
v -42.1500 0.4150 67.0120
v -41.8500 0.4150 67.0120
v -41.8500 0.4650 67.0120
v -42.1500 0.4650 67.0120
v -42.1500 0.4150 67.3120
v -41.8500 0.4150 67.3120
v -41.8500 0.4650 67.3120
v -42.1500 0.4650 67.3120
v -42.1500 0.4150 68.6880
v -41.8500 0.4150 68.6880
v -41.8500 0.4650 68.6880
v -42.1500 0.4650 68.6880
v -42.1500 0.4150 68.9880
v -41.8500 0.4150 68.9880
v -41.8500 0.4650 68.9880
v -42.1500 0.4650 68.9880
v -40.2000 0.2750 66.7500
v -39.8000 0.2750 66.7500
v -39.8000 0.4250 66.7500
v -40.2000 0.4250 66.7500
v -40.2000 0.2750 69.2500
v -39.8000 0.2750 69.2500
v -39.8000 0.4250 69.2500
v -40.2000 0.4250 69.2500
v -40.1500 0.4150 67.0120
v -39.8500 0.4150 67.0120
v -39.8500 0.4650 67.0120
v -40.1500 0.4650 67.0120
v -40.1500 0.4150 67.3120
v -39.8500 0.4150 67.3120
v -39.8500 0.4650 67.3120
v -40.1500 0.4650 67.3120
v -40.1500 0.4150 68.6880
v -39.8500 0.4150 68.6880
v -39.8500 0.4650 68.6880
v -40.1500 0.4650 68.6880
v -40.1500 0.4150 68.9880
v -39.8500 0.4150 68.9880
v -39.8500 0.4650 68.9880
v -40.1500 0.4650 68.9880
v -38.2000 0.2750 66.7500
v -37.8000 0.2750 66.7500
v -37.8000 0.4250 66.7500
v -38.2000 0.4250 66.7500
v -38.2000 0.2750 69.2500
v -37.8000 0.2750 69.2500
v -37.8000 0.4250 69.2500
v -38.2000 0.4250 69.2500
v -38.1500 0.4150 67.0120
v -37.8500 0.4150 67.0120
v -37.8500 0.4650 67.0120
v -38.1500 0.4650 67.0120
v -38.1500 0.4150 67.3120
v -37.8500 0.4150 67.3120
v -37.8500 0.4650 67.3120
v -38.1500 0.4650 67.3120
v -38.1500 0.4150 68.6880
v -37.8500 0.4150 68.6880
v -37.8500 0.4650 68.6880
v -38.1500 0.4650 68.6880
v -38.1500 0.4150 68.9880
v -37.8500 0.4150 68.9880
v -37.8500 0.4650 68.9880
v -38.1500 0.4650 68.9880
v -36.2000 0.2750 66.7500
v -35.8000 0.2750 66.7500
v -35.8000 0.4250 66.7500
v -36.2000 0.4250 66.7500
v -36.2000 0.2750 69.2500
v -35.8000 0.2750 69.2500
v -35.8000 0.4250 69.2500
v -36.2000 0.4250 69.2500
v -36.1500 0.4150 67.0120
v -35.8500 0.4150 67.0120
v -35.8500 0.4650 67.0120
v -36.1500 0.4650 67.0120
v -36.1500 0.4150 67.3120
v -35.8500 0.4150 67.3120
v -35.8500 0.4650 67.3120
v -36.1500 0.4650 67.3120
v -36.1500 0.4150 68.6880
v -35.8500 0.4150 68.6880
v -35.8500 0.4650 68.6880
v -36.1500 0.4650 68.6880
v -36.1500 0.4150 68.9880
v -35.8500 0.4150 68.9880
v -35.8500 0.4650 68.9880
v -36.1500 0.4650 68.9880
v -34.2000 0.2750 66.7500
v -33.8000 0.2750 66.7500
v -33.8000 0.4250 66.7500
v -34.2000 0.4250 66.7500
v -34.2000 0.2750 69.2500
v -33.8000 0.2750 69.2500
v -33.8000 0.4250 69.2500
v -34.2000 0.4250 69.2500
v -34.1500 0.4150 67.0120
v -33.8500 0.4150 67.0120
v -33.8500 0.4650 67.0120
v -34.1500 0.4650 67.0120
v -34.1500 0.4150 67.3120
v -33.8500 0.4150 67.3120
v -33.8500 0.4650 67.3120
v -34.1500 0.4650 67.3120
v -34.1500 0.4150 68.6880
v -33.8500 0.4150 68.6880
v -33.8500 0.4650 68.6880
v -34.1500 0.4650 68.6880
v -34.1500 0.4150 68.9880
v -33.8500 0.4150 68.9880
v -33.8500 0.4650 68.9880
v -34.1500 0.4650 68.9880
v -32.2000 0.2750 66.7500
v -31.8000 0.2750 66.7500
v -31.8000 0.4250 66.7500
v -32.2000 0.4250 66.7500
v -32.2000 0.2750 69.2500
v -31.8000 0.2750 69.2500
v -31.8000 0.4250 69.2500
v -32.2000 0.4250 69.2500
v -32.1500 0.4150 67.0120
v -31.8500 0.4150 67.0120
v -31.8500 0.4650 67.0120
v -32.1500 0.4650 67.0120
v -32.1500 0.4150 67.3120
v -31.8500 0.4150 67.3120
v -31.8500 0.4650 67.3120
v -32.1500 0.4650 67.3120
v -32.1500 0.4150 68.6880
v -31.8500 0.4150 68.6880
v -31.8500 0.4650 68.6880
v -32.1500 0.4650 68.6880
v -32.1500 0.4150 68.9880
v -31.8500 0.4150 68.9880
v -31.8500 0.4650 68.9880
v -32.1500 0.4650 68.9880
v -30.2000 0.2750 66.7500
v -29.8000 0.2750 66.7500
v -29.8000 0.4250 66.7500
v -30.2000 0.4250 66.7500
v -30.2000 0.2750 69.2500
v -29.8000 0.2750 69.2500
v -29.8000 0.4250 69.2500
v -30.2000 0.4250 69.2500
v -30.1500 0.4150 67.0120
v -29.8500 0.4150 67.0120
v -29.8500 0.4650 67.0120
v -30.1500 0.4650 67.0120
v -30.1500 0.4150 67.3120
v -29.8500 0.4150 67.3120
v -29.8500 0.4650 67.3120
v -30.1500 0.4650 67.3120
v -30.1500 0.4150 68.6880
v -29.8500 0.4150 68.6880
v -29.8500 0.4650 68.6880
v -30.1500 0.4650 68.6880
v -30.1500 0.4150 68.9880
v -29.8500 0.4150 68.9880
v -29.8500 0.4650 68.9880
v -30.1500 0.4650 68.9880
v -28.2000 0.2750 66.7500
v -27.8000 0.2750 66.7500
v -27.8000 0.4250 66.7500
v -28.2000 0.4250 66.7500
v -28.2000 0.2750 69.2500
v -27.8000 0.2750 69.2500
v -27.8000 0.4250 69.2500
v -28.2000 0.4250 69.2500
v -28.1500 0.4150 67.0120
v -27.8500 0.4150 67.0120
v -27.8500 0.4650 67.0120
v -28.1500 0.4650 67.0120
v -28.1500 0.4150 67.3120
v -27.8500 0.4150 67.3120
v -27.8500 0.4650 67.3120
v -28.1500 0.4650 67.3120
v -28.1500 0.4150 68.6880
v -27.8500 0.4150 68.6880
v -27.8500 0.4650 68.6880
v -28.1500 0.4650 68.6880
v -28.1500 0.4150 68.9880
v -27.8500 0.4150 68.9880
v -27.8500 0.4650 68.9880
v -28.1500 0.4650 68.9880
v -26.2000 0.2750 66.7500
v -25.8000 0.2750 66.7500
v -25.8000 0.4250 66.7500
v -26.2000 0.4250 66.7500
v -26.2000 0.2750 69.2500
v -25.8000 0.2750 69.2500
v -25.8000 0.4250 69.2500
v -26.2000 0.4250 69.2500
v -26.1500 0.4150 67.0120
v -25.8500 0.4150 67.0120
v -25.8500 0.4650 67.0120
v -26.1500 0.4650 67.0120
v -26.1500 0.4150 67.3120
v -25.8500 0.4150 67.3120
v -25.8500 0.4650 67.3120
v -26.1500 0.4650 67.3120
v -26.1500 0.4150 68.6880
v -25.8500 0.4150 68.6880
v -25.8500 0.4650 68.6880
v -26.1500 0.4650 68.6880
v -26.1500 0.4150 68.9880
v -25.8500 0.4150 68.9880
v -25.8500 0.4650 68.9880
v -26.1500 0.4650 68.9880
v -24.2000 0.2750 66.7500
v -23.8000 0.2750 66.7500
v -23.8000 0.4250 66.7500
v -24.2000 0.4250 66.7500
v -24.2000 0.2750 69.2500
v -23.8000 0.2750 69.2500
v -23.8000 0.4250 69.2500
v -24.2000 0.4250 69.2500
v -24.1500 0.4150 67.0120
v -23.8500 0.4150 67.0120
v -23.8500 0.4650 67.0120
v -24.1500 0.4650 67.0120
v -24.1500 0.4150 67.3120
v -23.8500 0.4150 67.3120
v -23.8500 0.4650 67.3120
v -24.1500 0.4650 67.3120
v -24.1500 0.4150 68.6880
v -23.8500 0.4150 68.6880
v -23.8500 0.4650 68.6880
v -24.1500 0.4650 68.6880
v -24.1500 0.4150 68.9880
v -23.8500 0.4150 68.9880
v -23.8500 0.4650 68.9880
v -24.1500 0.4650 68.9880
v -22.2000 0.2750 66.7500
v -21.8000 0.2750 66.7500
v -21.8000 0.4250 66.7500
v -22.2000 0.4250 66.7500
v -22.2000 0.2750 69.2500
v -21.8000 0.2750 69.2500
v -21.8000 0.4250 69.2500
v -22.2000 0.4250 69.2500
v -22.1500 0.4150 67.0120
v -21.8500 0.4150 67.0120
v -21.8500 0.4650 67.0120
v -22.1500 0.4650 67.0120
v -22.1500 0.4150 67.3120
v -21.8500 0.4150 67.3120
v -21.8500 0.4650 67.3120
v -22.1500 0.4650 67.3120
v -22.1500 0.4150 68.6880
v -21.8500 0.4150 68.6880
v -21.8500 0.4650 68.6880
v -22.1500 0.4650 68.6880
v -22.1500 0.4150 68.9880
v -21.8500 0.4150 68.9880
v -21.8500 0.4650 68.9880
v -22.1500 0.4650 68.9880
v -20.2000 0.2750 66.7500
v -19.8000 0.2750 66.7500
v -19.8000 0.4250 66.7500
v -20.2000 0.4250 66.7500
v -20.2000 0.2750 69.2500
v -19.8000 0.2750 69.2500
v -19.8000 0.4250 69.2500
v -20.2000 0.4250 69.2500
v -20.1500 0.4150 67.0120
v -19.8500 0.4150 67.0120
v -19.8500 0.4650 67.0120
v -20.1500 0.4650 67.0120
v -20.1500 0.4150 67.3120
v -19.8500 0.4150 67.3120
v -19.8500 0.4650 67.3120
v -20.1500 0.4650 67.3120
v -20.1500 0.4150 68.6880
v -19.8500 0.4150 68.6880
v -19.8500 0.4650 68.6880
v -20.1500 0.4650 68.6880
v -20.1500 0.4150 68.9880
v -19.8500 0.4150 68.9880
v -19.8500 0.4650 68.9880
v -20.1500 0.4650 68.9880
v -18.2000 0.2750 66.7500
v -17.8000 0.2750 66.7500
v -17.8000 0.4250 66.7500
v -18.2000 0.4250 66.7500
v -18.2000 0.2750 69.2500
v -17.8000 0.2750 69.2500
v -17.8000 0.4250 69.2500
v -18.2000 0.4250 69.2500
v -18.1500 0.4150 67.0120
v -17.8500 0.4150 67.0120
v -17.8500 0.4650 67.0120
v -18.1500 0.4650 67.0120
v -18.1500 0.4150 67.3120
v -17.8500 0.4150 67.3120
v -17.8500 0.4650 67.3120
v -18.1500 0.4650 67.3120
v -18.1500 0.4150 68.6880
v -17.8500 0.4150 68.6880
v -17.8500 0.4650 68.6880
v -18.1500 0.4650 68.6880
v -18.1500 0.4150 68.9880
v -17.8500 0.4150 68.9880
v -17.8500 0.4650 68.9880
v -18.1500 0.4650 68.9880
v -16.2000 0.2750 66.7500
v -15.8000 0.2750 66.7500
v -15.8000 0.4250 66.7500
v -16.2000 0.4250 66.7500
v -16.2000 0.2750 69.2500
v -15.8000 0.2750 69.2500
v -15.8000 0.4250 69.2500
v -16.2000 0.4250 69.2500
v -16.1500 0.4150 67.0120
v -15.8500 0.4150 67.0120
v -15.8500 0.4650 67.0120
v -16.1500 0.4650 67.0120
v -16.1500 0.4150 67.3120
v -15.8500 0.4150 67.3120
v -15.8500 0.4650 67.3120
v -16.1500 0.4650 67.3120
v -16.1500 0.4150 68.6880
v -15.8500 0.4150 68.6880
v -15.8500 0.4650 68.6880
v -16.1500 0.4650 68.6880
v -16.1500 0.4150 68.9880
v -15.8500 0.4150 68.9880
v -15.8500 0.4650 68.9880
v -16.1500 0.4650 68.9880
v -14.2000 0.2750 66.7500
v -13.8000 0.2750 66.7500
v -13.8000 0.4250 66.7500
v -14.2000 0.4250 66.7500
v -14.2000 0.2750 69.2500
v -13.8000 0.2750 69.2500
v -13.8000 0.4250 69.2500
v -14.2000 0.4250 69.2500
v -14.1500 0.4150 67.0120
v -13.8500 0.4150 67.0120
v -13.8500 0.4650 67.0120
v -14.1500 0.4650 67.0120
v -14.1500 0.4150 67.3120
v -13.8500 0.4150 67.3120
v -13.8500 0.4650 67.3120
v -14.1500 0.4650 67.3120
v -14.1500 0.4150 68.6880
v -13.8500 0.4150 68.6880
v -13.8500 0.4650 68.6880
v -14.1500 0.4650 68.6880
v -14.1500 0.4150 68.9880
v -13.8500 0.4150 68.9880
v -13.8500 0.4650 68.9880
v -14.1500 0.4650 68.9880
v -12.2000 0.2750 66.7500
v -11.8000 0.2750 66.7500
v -11.8000 0.4250 66.7500
v -12.2000 0.4250 66.7500
v -12.2000 0.2750 69.2500
v -11.8000 0.2750 69.2500
v -11.8000 0.4250 69.2500
v -12.2000 0.4250 69.2500
v -12.1500 0.4150 67.0120
v -11.8500 0.4150 67.0120
v -11.8500 0.4650 67.0120
v -12.1500 0.4650 67.0120
v -12.1500 0.4150 67.3120
v -11.8500 0.4150 67.3120
v -11.8500 0.4650 67.3120
v -12.1500 0.4650 67.3120
v -12.1500 0.4150 68.6880
v -11.8500 0.4150 68.6880
v -11.8500 0.4650 68.6880
v -12.1500 0.4650 68.6880
v -12.1500 0.4150 68.9880
v -11.8500 0.4150 68.9880
v -11.8500 0.4650 68.9880
v -12.1500 0.4650 68.9880
v -10.2000 0.2750 66.7500
v -9.8000 0.2750 66.7500
v -9.8000 0.4250 66.7500
v -10.2000 0.4250 66.7500
v -10.2000 0.2750 69.2500
v -9.8000 0.2750 69.2500
v -9.8000 0.4250 69.2500
v -10.2000 0.4250 69.2500
v -10.1500 0.4150 67.0120
v -9.8500 0.4150 67.0120
v -9.8500 0.4650 67.0120
v -10.1500 0.4650 67.0120
v -10.1500 0.4150 67.3120
v -9.8500 0.4150 67.3120
v -9.8500 0.4650 67.3120
v -10.1500 0.4650 67.3120
v -10.1500 0.4150 68.6880
v -9.8500 0.4150 68.6880
v -9.8500 0.4650 68.6880
v -10.1500 0.4650 68.6880
v -10.1500 0.4150 68.9880
v -9.8500 0.4150 68.9880
v -9.8500 0.4650 68.9880
v -10.1500 0.4650 68.9880
v -8.2000 0.2750 66.7500
v -7.8000 0.2750 66.7500
v -7.8000 0.4250 66.7500
v -8.2000 0.4250 66.7500
v -8.2000 0.2750 69.2500
v -7.8000 0.2750 69.2500
v -7.8000 0.4250 69.2500
v -8.2000 0.4250 69.2500
v -8.1500 0.4150 67.0120
v -7.8500 0.4150 67.0120
v -7.8500 0.4650 67.0120
v -8.1500 0.4650 67.0120
v -8.1500 0.4150 67.3120
v -7.8500 0.4150 67.3120
v -7.8500 0.4650 67.3120
v -8.1500 0.4650 67.3120
v -8.1500 0.4150 68.6880
v -7.8500 0.4150 68.6880
v -7.8500 0.4650 68.6880
v -8.1500 0.4650 68.6880
v -8.1500 0.4150 68.9880
v -7.8500 0.4150 68.9880
v -7.8500 0.4650 68.9880
v -8.1500 0.4650 68.9880
v -6.2000 0.2750 66.7500
v -5.8000 0.2750 66.7500
v -5.8000 0.4250 66.7500
v -6.2000 0.4250 66.7500
v -6.2000 0.2750 69.2500
v -5.8000 0.2750 69.2500
v -5.8000 0.4250 69.2500
v -6.2000 0.4250 69.2500
v -6.1500 0.4150 67.0120
v -5.8500 0.4150 67.0120
v -5.8500 0.4650 67.0120
v -6.1500 0.4650 67.0120
v -6.1500 0.4150 67.3120
v -5.8500 0.4150 67.3120
v -5.8500 0.4650 67.3120
v -6.1500 0.4650 67.3120
v -6.1500 0.4150 68.6880
v -5.8500 0.4150 68.6880
v -5.8500 0.4650 68.6880
v -6.1500 0.4650 68.6880
v -6.1500 0.4150 68.9880
v -5.8500 0.4150 68.9880
v -5.8500 0.4650 68.9880
v -6.1500 0.4650 68.9880
v -4.2000 0.2750 66.7500
v -3.8000 0.2750 66.7500
v -3.8000 0.4250 66.7500
v -4.2000 0.4250 66.7500
v -4.2000 0.2750 69.2500
v -3.8000 0.2750 69.2500
v -3.8000 0.4250 69.2500
v -4.2000 0.4250 69.2500
v -4.1500 0.4150 67.0120
v -3.8500 0.4150 67.0120
v -3.8500 0.4650 67.0120
v -4.1500 0.4650 67.0120
v -4.1500 0.4150 67.3120
v -3.8500 0.4150 67.3120
v -3.8500 0.4650 67.3120
v -4.1500 0.4650 67.3120
v -4.1500 0.4150 68.6880
v -3.8500 0.4150 68.6880
v -3.8500 0.4650 68.6880
v -4.1500 0.4650 68.6880
v -4.1500 0.4150 68.9880
v -3.8500 0.4150 68.9880
v -3.8500 0.4650 68.9880
v -4.1500 0.4650 68.9880
v -2.2000 0.2750 66.7500
v -1.8000 0.2750 66.7500
v -1.8000 0.4250 66.7500
v -2.2000 0.4250 66.7500
v -2.2000 0.2750 69.2500
v -1.8000 0.2750 69.2500
v -1.8000 0.4250 69.2500
v -2.2000 0.4250 69.2500
v -2.1500 0.4150 67.0120
v -1.8500 0.4150 67.0120
v -1.8500 0.4650 67.0120
v -2.1500 0.4650 67.0120
v -2.1500 0.4150 67.3120
v -1.8500 0.4150 67.3120
v -1.8500 0.4650 67.3120
v -2.1500 0.4650 67.3120
v -2.1500 0.4150 68.6880
v -1.8500 0.4150 68.6880
v -1.8500 0.4650 68.6880
v -2.1500 0.4650 68.6880
v -2.1500 0.4150 68.9880
v -1.8500 0.4150 68.9880
v -1.8500 0.4650 68.9880
v -2.1500 0.4650 68.9880
v -0.2000 0.2750 66.7500
v 0.2000 0.2750 66.7500
v 0.2000 0.4250 66.7500
v -0.2000 0.4250 66.7500
v -0.2000 0.2750 69.2500
v 0.2000 0.2750 69.2500
v 0.2000 0.4250 69.2500
v -0.2000 0.4250 69.2500
v -0.1500 0.4150 67.0120
v 0.1500 0.4150 67.0120
v 0.1500 0.4650 67.0120
v -0.1500 0.4650 67.0120
v -0.1500 0.4150 67.3120
v 0.1500 0.4150 67.3120
v 0.1500 0.4650 67.3120
v -0.1500 0.4650 67.3120
v -0.1500 0.4150 68.6880
v 0.1500 0.4150 68.6880
v 0.1500 0.4650 68.6880
v -0.1500 0.4650 68.6880
v -0.1500 0.4150 68.9880
v 0.1500 0.4150 68.9880
v 0.1500 0.4650 68.9880
v -0.1500 0.4650 68.9880
v 1.8000 0.2750 66.7500
v 2.2000 0.2750 66.7500
v 2.2000 0.4250 66.7500
v 1.8000 0.4250 66.7500
v 1.8000 0.2750 69.2500
v 2.2000 0.2750 69.2500
v 2.2000 0.4250 69.2500
v 1.8000 0.4250 69.2500
v 1.8500 0.4150 67.0120
v 2.1500 0.4150 67.0120
v 2.1500 0.4650 67.0120
v 1.8500 0.4650 67.0120
v 1.8500 0.4150 67.3120
v 2.1500 0.4150 67.3120
v 2.1500 0.4650 67.3120
v 1.8500 0.4650 67.3120
v 1.8500 0.4150 68.6880
v 2.1500 0.4150 68.6880
v 2.1500 0.4650 68.6880
v 1.8500 0.4650 68.6880
v 1.8500 0.4150 68.9880
v 2.1500 0.4150 68.9880
v 2.1500 0.4650 68.9880
v 1.8500 0.4650 68.9880
v 3.8000 0.2750 66.7500
v 4.2000 0.2750 66.7500
v 4.2000 0.4250 66.7500
v 3.8000 0.4250 66.7500
v 3.8000 0.2750 69.2500
v 4.2000 0.2750 69.2500
v 4.2000 0.4250 69.2500
v 3.8000 0.4250 69.2500
v 3.8500 0.4150 67.0120
v 4.1500 0.4150 67.0120
v 4.1500 0.4650 67.0120
v 3.8500 0.4650 67.0120
v 3.8500 0.4150 67.3120
v 4.1500 0.4150 67.3120
v 4.1500 0.4650 67.3120
v 3.8500 0.4650 67.3120
v 3.8500 0.4150 68.6880
v 4.1500 0.4150 68.6880
v 4.1500 0.4650 68.6880
v 3.8500 0.4650 68.6880
v 3.8500 0.4150 68.9880
v 4.1500 0.4150 68.9880
v 4.1500 0.4650 68.9880
v 3.8500 0.4650 68.9880
v 5.8000 0.2750 66.7500
v 6.2000 0.2750 66.7500
v 6.2000 0.4250 66.7500
v 5.8000 0.4250 66.7500
v 5.8000 0.2750 69.2500
v 6.2000 0.2750 69.2500
v 6.2000 0.4250 69.2500
v 5.8000 0.4250 69.2500
v 5.8500 0.4150 67.0120
v 6.1500 0.4150 67.0120
v 6.1500 0.4650 67.0120
v 5.8500 0.4650 67.0120
v 5.8500 0.4150 67.3120
v 6.1500 0.4150 67.3120
v 6.1500 0.4650 67.3120
v 5.8500 0.4650 67.3120
v 5.8500 0.4150 68.6880
v 6.1500 0.4150 68.6880
v 6.1500 0.4650 68.6880
v 5.8500 0.4650 68.6880
v 5.8500 0.4150 68.9880
v 6.1500 0.4150 68.9880
v 6.1500 0.4650 68.9880
v 5.8500 0.4650 68.9880
v 7.8000 0.2750 66.7500
v 8.2000 0.2750 66.7500
v 8.2000 0.4250 66.7500
v 7.8000 0.4250 66.7500
v 7.8000 0.2750 69.2500
v 8.2000 0.2750 69.2500
v 8.2000 0.4250 69.2500
v 7.8000 0.4250 69.2500
v 7.8500 0.4150 67.0120
v 8.1500 0.4150 67.0120
v 8.1500 0.4650 67.0120
v 7.8500 0.4650 67.0120
v 7.8500 0.4150 67.3120
v 8.1500 0.4150 67.3120
v 8.1500 0.4650 67.3120
v 7.8500 0.4650 67.3120
v 7.8500 0.4150 68.6880
v 8.1500 0.4150 68.6880
v 8.1500 0.4650 68.6880
v 7.8500 0.4650 68.6880
v 7.8500 0.4150 68.9880
v 8.1500 0.4150 68.9880
v 8.1500 0.4650 68.9880
v 7.8500 0.4650 68.9880
v 9.8000 0.2750 66.7500
v 10.2000 0.2750 66.7500
v 10.2000 0.4250 66.7500
v 9.8000 0.4250 66.7500
v 9.8000 0.2750 69.2500
v 10.2000 0.2750 69.2500
v 10.2000 0.4250 69.2500
v 9.8000 0.4250 69.2500
v 9.8500 0.4150 67.0120
v 10.1500 0.4150 67.0120
v 10.1500 0.4650 67.0120
v 9.8500 0.4650 67.0120
v 9.8500 0.4150 67.3120
v 10.1500 0.4150 67.3120
v 10.1500 0.4650 67.3120
v 9.8500 0.4650 67.3120
v 9.8500 0.4150 68.6880
v 10.1500 0.4150 68.6880
v 10.1500 0.4650 68.6880
v 9.8500 0.4650 68.6880
v 9.8500 0.4150 68.9880
v 10.1500 0.4150 68.9880
v 10.1500 0.4650 68.9880
v 9.8500 0.4650 68.9880
v 11.8000 0.2750 66.7500
v 12.2000 0.2750 66.7500
v 12.2000 0.4250 66.7500
v 11.8000 0.4250 66.7500
v 11.8000 0.2750 69.2500
v 12.2000 0.2750 69.2500
v 12.2000 0.4250 69.2500
v 11.8000 0.4250 69.2500
v 11.8500 0.4150 67.0120
v 12.1500 0.4150 67.0120
v 12.1500 0.4650 67.0120
v 11.8500 0.4650 67.0120
v 11.8500 0.4150 67.3120
v 12.1500 0.4150 67.3120
v 12.1500 0.4650 67.3120
v 11.8500 0.4650 67.3120
v 11.8500 0.4150 68.6880
v 12.1500 0.4150 68.6880
v 12.1500 0.4650 68.6880
v 11.8500 0.4650 68.6880
v 11.8500 0.4150 68.9880
v 12.1500 0.4150 68.9880
v 12.1500 0.4650 68.9880
v 11.8500 0.4650 68.9880
v 13.8000 0.2750 66.7500
v 14.2000 0.2750 66.7500
v 14.2000 0.4250 66.7500
v 13.8000 0.4250 66.7500
v 13.8000 0.2750 69.2500
v 14.2000 0.2750 69.2500
v 14.2000 0.4250 69.2500
v 13.8000 0.4250 69.2500
v 13.8500 0.4150 67.0120
v 14.1500 0.4150 67.0120
v 14.1500 0.4650 67.0120
v 13.8500 0.4650 67.0120
v 13.8500 0.4150 67.3120
v 14.1500 0.4150 67.3120
v 14.1500 0.4650 67.3120
v 13.8500 0.4650 67.3120
v 13.8500 0.4150 68.6880
v 14.1500 0.4150 68.6880
v 14.1500 0.4650 68.6880
v 13.8500 0.4650 68.6880
v 13.8500 0.4150 68.9880
v 14.1500 0.4150 68.9880
v 14.1500 0.4650 68.9880
v 13.8500 0.4650 68.9880
v 15.8000 0.2750 66.7500
v 16.2000 0.2750 66.7500
v 16.2000 0.4250 66.7500
v 15.8000 0.4250 66.7500
v 15.8000 0.2750 69.2500
v 16.2000 0.2750 69.2500
v 16.2000 0.4250 69.2500
v 15.8000 0.4250 69.2500
v 15.8500 0.4150 67.0120
v 16.1500 0.4150 67.0120
v 16.1500 0.4650 67.0120
v 15.8500 0.4650 67.0120
v 15.8500 0.4150 67.3120
v 16.1500 0.4150 67.3120
v 16.1500 0.4650 67.3120
v 15.8500 0.4650 67.3120
v 15.8500 0.4150 68.6880
v 16.1500 0.4150 68.6880
v 16.1500 0.4650 68.6880
v 15.8500 0.4650 68.6880
v 15.8500 0.4150 68.9880
v 16.1500 0.4150 68.9880
v 16.1500 0.4650 68.9880
v 15.8500 0.4650 68.9880
v 17.8000 0.2750 66.7500
v 18.2000 0.2750 66.7500
v 18.2000 0.4250 66.7500
v 17.8000 0.4250 66.7500
v 17.8000 0.2750 69.2500
v 18.2000 0.2750 69.2500
v 18.2000 0.4250 69.2500
v 17.8000 0.4250 69.2500
v 17.8500 0.4150 67.0120
v 18.1500 0.4150 67.0120
v 18.1500 0.4650 67.0120
v 17.8500 0.4650 67.0120
v 17.8500 0.4150 67.3120
v 18.1500 0.4150 67.3120
v 18.1500 0.4650 67.3120
v 17.8500 0.4650 67.3120
v 17.8500 0.4150 68.6880
v 18.1500 0.4150 68.6880
v 18.1500 0.4650 68.6880
v 17.8500 0.4650 68.6880
v 17.8500 0.4150 68.9880
v 18.1500 0.4150 68.9880
v 18.1500 0.4650 68.9880
v 17.8500 0.4650 68.9880
v 19.8000 0.2750 66.7500
v 20.2000 0.2750 66.7500
v 20.2000 0.4250 66.7500
v 19.8000 0.4250 66.7500
v 19.8000 0.2750 69.2500
v 20.2000 0.2750 69.2500
v 20.2000 0.4250 69.2500
v 19.8000 0.4250 69.2500
v 19.8500 0.4150 67.0120
v 20.1500 0.4150 67.0120
v 20.1500 0.4650 67.0120
v 19.8500 0.4650 67.0120
v 19.8500 0.4150 67.3120
v 20.1500 0.4150 67.3120
v 20.1500 0.4650 67.3120
v 19.8500 0.4650 67.3120
v 19.8500 0.4150 68.6880
v 20.1500 0.4150 68.6880
v 20.1500 0.4650 68.6880
v 19.8500 0.4650 68.6880
v 19.8500 0.4150 68.9880
v 20.1500 0.4150 68.9880
v 20.1500 0.4650 68.9880
v 19.8500 0.4650 68.9880
v 21.8000 0.2750 66.7500
v 22.2000 0.2750 66.7500
v 22.2000 0.4250 66.7500
v 21.8000 0.4250 66.7500
v 21.8000 0.2750 69.2500
v 22.2000 0.2750 69.2500
v 22.2000 0.4250 69.2500
v 21.8000 0.4250 69.2500
v 21.8500 0.4150 67.0120
v 22.1500 0.4150 67.0120
v 22.1500 0.4650 67.0120
v 21.8500 0.4650 67.0120
v 21.8500 0.4150 67.3120
v 22.1500 0.4150 67.3120
v 22.1500 0.4650 67.3120
v 21.8500 0.4650 67.3120
v 21.8500 0.4150 68.6880
v 22.1500 0.4150 68.6880
v 22.1500 0.4650 68.6880
v 21.8500 0.4650 68.6880
v 21.8500 0.4150 68.9880
v 22.1500 0.4150 68.9880
v 22.1500 0.4650 68.9880
v 21.8500 0.4650 68.9880
v 23.8000 0.2750 66.7500
v 24.2000 0.2750 66.7500
v 24.2000 0.4250 66.7500
v 23.8000 0.4250 66.7500
v 23.8000 0.2750 69.2500
v 24.2000 0.2750 69.2500
v 24.2000 0.4250 69.2500
v 23.8000 0.4250 69.2500
v 23.8500 0.4150 67.0120
v 24.1500 0.4150 67.0120
v 24.1500 0.4650 67.0120
v 23.8500 0.4650 67.0120
v 23.8500 0.4150 67.3120
v 24.1500 0.4150 67.3120
v 24.1500 0.4650 67.3120
v 23.8500 0.4650 67.3120
v 23.8500 0.4150 68.6880
v 24.1500 0.4150 68.6880
v 24.1500 0.4650 68.6880
v 23.8500 0.4650 68.6880
v 23.8500 0.4150 68.9880
v 24.1500 0.4150 68.9880
v 24.1500 0.4650 68.9880
v 23.8500 0.4650 68.9880
v 25.8000 0.2750 66.7500
v 26.2000 0.2750 66.7500
v 26.2000 0.4250 66.7500
v 25.8000 0.4250 66.7500
v 25.8000 0.2750 69.2500
v 26.2000 0.2750 69.2500
v 26.2000 0.4250 69.2500
v 25.8000 0.4250 69.2500
v 25.8500 0.4150 67.0120
v 26.1500 0.4150 67.0120
v 26.1500 0.4650 67.0120
v 25.8500 0.4650 67.0120
v 25.8500 0.4150 67.3120
v 26.1500 0.4150 67.3120
v 26.1500 0.4650 67.3120
v 25.8500 0.4650 67.3120
v 25.8500 0.4150 68.6880
v 26.1500 0.4150 68.6880
v 26.1500 0.4650 68.6880
v 25.8500 0.4650 68.6880
v 25.8500 0.4150 68.9880
v 26.1500 0.4150 68.9880
v 26.1500 0.4650 68.9880
v 25.8500 0.4650 68.9880
v 27.8000 0.2750 66.7500
v 28.2000 0.2750 66.7500
v 28.2000 0.4250 66.7500
v 27.8000 0.4250 66.7500
v 27.8000 0.2750 69.2500
v 28.2000 0.2750 69.2500
v 28.2000 0.4250 69.2500
v 27.8000 0.4250 69.2500
v 27.8500 0.4150 67.0120
v 28.1500 0.4150 67.0120
v 28.1500 0.4650 67.0120
v 27.8500 0.4650 67.0120
v 27.8500 0.4150 67.3120
v 28.1500 0.4150 67.3120
v 28.1500 0.4650 67.3120
v 27.8500 0.4650 67.3120
v 27.8500 0.4150 68.6880
v 28.1500 0.4150 68.6880
v 28.1500 0.4650 68.6880
v 27.8500 0.4650 68.6880
v 27.8500 0.4150 68.9880
v 28.1500 0.4150 68.9880
v 28.1500 0.4650 68.9880
v 27.8500 0.4650 68.9880
v 29.8000 0.2750 66.7500
v 30.2000 0.2750 66.7500
v 30.2000 0.4250 66.7500
v 29.8000 0.4250 66.7500
v 29.8000 0.2750 69.2500
v 30.2000 0.2750 69.2500
v 30.2000 0.4250 69.2500
v 29.8000 0.4250 69.2500
v 29.8500 0.4150 67.0120
v 30.1500 0.4150 67.0120
v 30.1500 0.4650 67.0120
v 29.8500 0.4650 67.0120
v 29.8500 0.4150 67.3120
v 30.1500 0.4150 67.3120
v 30.1500 0.4650 67.3120
v 29.8500 0.4650 67.3120
v 29.8500 0.4150 68.6880
v 30.1500 0.4150 68.6880
v 30.1500 0.4650 68.6880
v 29.8500 0.4650 68.6880
v 29.8500 0.4150 68.9880
v 30.1500 0.4150 68.9880
v 30.1500 0.4650 68.9880
v 29.8500 0.4650 68.9880
v 31.8000 0.2750 66.7500
v 32.2000 0.2750 66.7500
v 32.2000 0.4250 66.7500
v 31.8000 0.4250 66.7500
v 31.8000 0.2750 69.2500
v 32.2000 0.2750 69.2500
v 32.2000 0.4250 69.2500
v 31.8000 0.4250 69.2500
v 31.8500 0.4150 67.0120
v 32.1500 0.4150 67.0120
v 32.1500 0.4650 67.0120
v 31.8500 0.4650 67.0120
v 31.8500 0.4150 67.3120
v 32.1500 0.4150 67.3120
v 32.1500 0.4650 67.3120
v 31.8500 0.4650 67.3120
v 31.8500 0.4150 68.6880
v 32.1500 0.4150 68.6880
v 32.1500 0.4650 68.6880
v 31.8500 0.4650 68.6880
v 31.8500 0.4150 68.9880
v 32.1500 0.4150 68.9880
v 32.1500 0.4650 68.9880
v 31.8500 0.4650 68.9880
v 33.8000 0.2750 66.7500
v 34.2000 0.2750 66.7500
v 34.2000 0.4250 66.7500
v 33.8000 0.4250 66.7500
v 33.8000 0.2750 69.2500
v 34.2000 0.2750 69.2500
v 34.2000 0.4250 69.2500
v 33.8000 0.4250 69.2500
v 33.8500 0.4150 67.0120
v 34.1500 0.4150 67.0120
v 34.1500 0.4650 67.0120
v 33.8500 0.4650 67.0120
v 33.8500 0.4150 67.3120
v 34.1500 0.4150 67.3120
v 34.1500 0.4650 67.3120
v 33.8500 0.4650 67.3120
v 33.8500 0.4150 68.6880
v 34.1500 0.4150 68.6880
v 34.1500 0.4650 68.6880
v 33.8500 0.4650 68.6880
v 33.8500 0.4150 68.9880
v 34.1500 0.4150 68.9880
v 34.1500 0.4650 68.9880
v 33.8500 0.4650 68.9880
v 35.8000 0.2750 66.7500
v 36.2000 0.2750 66.7500
v 36.2000 0.4250 66.7500
v 35.8000 0.4250 66.7500
v 35.8000 0.2750 69.2500
v 36.2000 0.2750 69.2500
v 36.2000 0.4250 69.2500
v 35.8000 0.4250 69.2500
v 35.8500 0.4150 67.0120
v 36.1500 0.4150 67.0120
v 36.1500 0.4650 67.0120
v 35.8500 0.4650 67.0120
v 35.8500 0.4150 67.3120
v 36.1500 0.4150 67.3120
v 36.1500 0.4650 67.3120
v 35.8500 0.4650 67.3120
v 35.8500 0.4150 68.6880
v 36.1500 0.4150 68.6880
v 36.1500 0.4650 68.6880
v 35.8500 0.4650 68.6880
v 35.8500 0.4150 68.9880
v 36.1500 0.4150 68.9880
v 36.1500 0.4650 68.9880
v 35.8500 0.4650 68.9880
v 37.8000 0.2750 66.7500
v 38.2000 0.2750 66.7500
v 38.2000 0.4250 66.7500
v 37.8000 0.4250 66.7500
v 37.8000 0.2750 69.2500
v 38.2000 0.2750 69.2500
v 38.2000 0.4250 69.2500
v 37.8000 0.4250 69.2500
v 37.8500 0.4150 67.0120
v 38.1500 0.4150 67.0120
v 38.1500 0.4650 67.0120
v 37.8500 0.4650 67.0120
v 37.8500 0.4150 67.3120
v 38.1500 0.4150 67.3120
v 38.1500 0.4650 67.3120
v 37.8500 0.4650 67.3120
v 37.8500 0.4150 68.6880
v 38.1500 0.4150 68.6880
v 38.1500 0.4650 68.6880
v 37.8500 0.4650 68.6880
v 37.8500 0.4150 68.9880
v 38.1500 0.4150 68.9880
v 38.1500 0.4650 68.9880
v 37.8500 0.4650 68.9880
v 39.8000 0.2750 66.7500
v 40.2000 0.2750 66.7500
v 40.2000 0.4250 66.7500
v 39.8000 0.4250 66.7500
v 39.8000 0.2750 69.2500
v 40.2000 0.2750 69.2500
v 40.2000 0.4250 69.2500
v 39.8000 0.4250 69.2500
v 39.8500 0.4150 67.0120
v 40.1500 0.4150 67.0120
v 40.1500 0.4650 67.0120
v 39.8500 0.4650 67.0120
v 39.8500 0.4150 67.3120
v 40.1500 0.4150 67.3120
v 40.1500 0.4650 67.3120
v 39.8500 0.4650 67.3120
v 39.8500 0.4150 68.6880
v 40.1500 0.4150 68.6880
v 40.1500 0.4650 68.6880
v 39.8500 0.4650 68.6880
v 39.8500 0.4150 68.9880
v 40.1500 0.4150 68.9880
v 40.1500 0.4650 68.9880
v 39.8500 0.4650 68.9880
v 41.8000 0.2750 66.7500
v 42.2000 0.2750 66.7500
v 42.2000 0.4250 66.7500
v 41.8000 0.4250 66.7500
v 41.8000 0.2750 69.2500
v 42.2000 0.2750 69.2500
v 42.2000 0.4250 69.2500
v 41.8000 0.4250 69.2500
v 41.8500 0.4150 67.0120
v 42.1500 0.4150 67.0120
v 42.1500 0.4650 67.0120
v 41.8500 0.4650 67.0120
v 41.8500 0.4150 67.3120
v 42.1500 0.4150 67.3120
v 42.1500 0.4650 67.3120
v 41.8500 0.4650 67.3120
v 41.8500 0.4150 68.6880
v 42.1500 0.4150 68.6880
v 42.1500 0.4650 68.6880
v 41.8500 0.4650 68.6880
v 41.8500 0.4150 68.9880
v 42.1500 0.4150 68.9880
v 42.1500 0.4650 68.9880
v 41.8500 0.4650 68.9880
v 43.8000 0.2750 66.7500
v 44.2000 0.2750 66.7500
v 44.2000 0.4250 66.7500
v 43.8000 0.4250 66.7500
v 43.8000 0.2750 69.2500
v 44.2000 0.2750 69.2500
v 44.2000 0.4250 69.2500
v 43.8000 0.4250 69.2500
v 43.8500 0.4150 67.0120
v 44.1500 0.4150 67.0120
v 44.1500 0.4650 67.0120
v 43.8500 0.4650 67.0120
v 43.8500 0.4150 67.3120
v 44.1500 0.4150 67.3120
v 44.1500 0.4650 67.3120
v 43.8500 0.4650 67.3120
v 43.8500 0.4150 68.6880
v 44.1500 0.4150 68.6880
v 44.1500 0.4650 68.6880
v 43.8500 0.4650 68.6880
v 43.8500 0.4150 68.9880
v 44.1500 0.4150 68.9880
v 44.1500 0.4650 68.9880
v 43.8500 0.4650 68.9880
v 45.8000 0.2750 66.7500
v 46.2000 0.2750 66.7500
v 46.2000 0.4250 66.7500
v 45.8000 0.4250 66.7500
v 45.8000 0.2750 69.2500
v 46.2000 0.2750 69.2500
v 46.2000 0.4250 69.2500
v 45.8000 0.4250 69.2500
v 45.8500 0.4150 67.0120
v 46.1500 0.4150 67.0120
v 46.1500 0.4650 67.0120
v 45.8500 0.4650 67.0120
v 45.8500 0.4150 67.3120
v 46.1500 0.4150 67.3120
v 46.1500 0.4650 67.3120
v 45.8500 0.4650 67.3120
v 45.8500 0.4150 68.6880
v 46.1500 0.4150 68.6880
v 46.1500 0.4650 68.6880
v 45.8500 0.4650 68.6880
v 45.8500 0.4150 68.9880
v 46.1500 0.4150 68.9880
v 46.1500 0.4650 68.9880
v 45.8500 0.4650 68.9880
v 47.8000 0.2750 66.7500
v 48.2000 0.2750 66.7500
v 48.2000 0.4250 66.7500
v 47.8000 0.4250 66.7500
v 47.8000 0.2750 69.2500
v 48.2000 0.2750 69.2500
v 48.2000 0.4250 69.2500
v 47.8000 0.4250 69.2500
v 47.8500 0.4150 67.0120
v 48.1500 0.4150 67.0120
v 48.1500 0.4650 67.0120
v 47.8500 0.4650 67.0120
v 47.8500 0.4150 67.3120
v 48.1500 0.4150 67.3120
v 48.1500 0.4650 67.3120
v 47.8500 0.4650 67.3120
v 47.8500 0.4150 68.6880
v 48.1500 0.4150 68.6880
v 48.1500 0.4650 68.6880
v 47.8500 0.4650 68.6880
v 47.8500 0.4150 68.9880
v 48.1500 0.4150 68.9880
v 48.1500 0.4650 68.9880
v 47.8500 0.4650 68.9880
v 49.8000 0.2750 66.7500
v 50.2000 0.2750 66.7500
v 50.2000 0.4250 66.7500
v 49.8000 0.4250 66.7500
v 49.8000 0.2750 69.2500
v 50.2000 0.2750 69.2500
v 50.2000 0.4250 69.2500
v 49.8000 0.4250 69.2500
v 49.8500 0.4150 67.0120
v 50.1500 0.4150 67.0120
v 50.1500 0.4650 67.0120
v 49.8500 0.4650 67.0120
v 49.8500 0.4150 67.3120
v 50.1500 0.4150 67.3120
v 50.1500 0.4650 67.3120
v 49.8500 0.4650 67.3120
v 49.8500 0.4150 68.6880
v 50.1500 0.4150 68.6880
v 50.1500 0.4650 68.6880
v 49.8500 0.4650 68.6880
v 49.8500 0.4150 68.9880
v 50.1500 0.4150 68.9880
v 50.1500 0.4650 68.9880
v 49.8500 0.4650 68.9880
v 51.8000 0.2750 66.7500
v 52.2000 0.2750 66.7500
v 52.2000 0.4250 66.7500
v 51.8000 0.4250 66.7500
v 51.8000 0.2750 69.2500
v 52.2000 0.2750 69.2500
v 52.2000 0.4250 69.2500
v 51.8000 0.4250 69.2500
v 51.8500 0.4150 67.0120
v 52.1500 0.4150 67.0120
v 52.1500 0.4650 67.0120
v 51.8500 0.4650 67.0120
v 51.8500 0.4150 67.3120
v 52.1500 0.4150 67.3120
v 52.1500 0.4650 67.3120
v 51.8500 0.4650 67.3120
v 51.8500 0.4150 68.6880
v 52.1500 0.4150 68.6880
v 52.1500 0.4650 68.6880
v 51.8500 0.4650 68.6880
v 51.8500 0.4150 68.9880
v 52.1500 0.4150 68.9880
v 52.1500 0.4650 68.9880
v 51.8500 0.4650 68.9880
v 53.8000 0.2750 66.7500
v 54.2000 0.2750 66.7500
v 54.2000 0.4250 66.7500
v 53.8000 0.4250 66.7500
v 53.8000 0.2750 69.2500
v 54.2000 0.2750 69.2500
v 54.2000 0.4250 69.2500
v 53.8000 0.4250 69.2500
v 53.8500 0.4150 67.0120
v 54.1500 0.4150 67.0120
v 54.1500 0.4650 67.0120
v 53.8500 0.4650 67.0120
v 53.8500 0.4150 67.3120
v 54.1500 0.4150 67.3120
v 54.1500 0.4650 67.3120
v 53.8500 0.4650 67.3120
v 53.8500 0.4150 68.6880
v 54.1500 0.4150 68.6880
v 54.1500 0.4650 68.6880
v 53.8500 0.4650 68.6880
v 53.8500 0.4150 68.9880
v 54.1500 0.4150 68.9880
v 54.1500 0.4650 68.9880
v 53.8500 0.4650 68.9880
v 55.8000 0.2750 66.7500
v 56.2000 0.2750 66.7500
v 56.2000 0.4250 66.7500
v 55.8000 0.4250 66.7500
v 55.8000 0.2750 69.2500
v 56.2000 0.2750 69.2500
v 56.2000 0.4250 69.2500
v 55.8000 0.4250 69.2500
v 55.8500 0.4150 67.0120
v 56.1500 0.4150 67.0120
v 56.1500 0.4650 67.0120
v 55.8500 0.4650 67.0120
v 55.8500 0.4150 67.3120
v 56.1500 0.4150 67.3120
v 56.1500 0.4650 67.3120
v 55.8500 0.4650 67.3120
v 55.8500 0.4150 68.6880
v 56.1500 0.4150 68.6880
v 56.1500 0.4650 68.6880
v 55.8500 0.4650 68.6880
v 55.8500 0.4150 68.9880
v 56.1500 0.4150 68.9880
v 56.1500 0.4650 68.9880
v 55.8500 0.4650 68.9880
v 57.8000 0.2750 66.7500
v 58.2000 0.2750 66.7500
v 58.2000 0.4250 66.7500
v 57.8000 0.4250 66.7500
v 57.8000 0.2750 69.2500
v 58.2000 0.2750 69.2500
v 58.2000 0.4250 69.2500
v 57.8000 0.4250 69.2500
v 57.8500 0.4150 67.0120
v 58.1500 0.4150 67.0120
v 58.1500 0.4650 67.0120
v 57.8500 0.4650 67.0120
v 57.8500 0.4150 67.3120
v 58.1500 0.4150 67.3120
v 58.1500 0.4650 67.3120
v 57.8500 0.4650 67.3120
v 57.8500 0.4150 68.6880
v 58.1500 0.4150 68.6880
v 58.1500 0.4650 68.6880
v 57.8500 0.4650 68.6880
v 57.8500 0.4150 68.9880
v 58.1500 0.4150 68.9880
v 58.1500 0.4650 68.9880
v 57.8500 0.4650 68.9880
v 59.8000 0.2750 66.7500
v 60.2000 0.2750 66.7500
v 60.2000 0.4250 66.7500
v 59.8000 0.4250 66.7500
v 59.8000 0.2750 69.2500
v 60.2000 0.2750 69.2500
v 60.2000 0.4250 69.2500
v 59.8000 0.4250 69.2500
v 59.8500 0.4150 67.0120
v 60.1500 0.4150 67.0120
v 60.1500 0.4650 67.0120
v 59.8500 0.4650 67.0120
v 59.8500 0.4150 67.3120
v 60.1500 0.4150 67.3120
v 60.1500 0.4650 67.3120
v 59.8500 0.4650 67.3120
v 59.8500 0.4150 68.6880
v 60.1500 0.4150 68.6880
v 60.1500 0.4650 68.6880
v 59.8500 0.4650 68.6880
v 59.8500 0.4150 68.9880
v 60.1500 0.4150 68.9880
v 60.1500 0.4650 68.9880
v 59.8500 0.4650 68.9880
v 61.8000 0.2750 66.7500
v 62.2000 0.2750 66.7500
v 62.2000 0.4250 66.7500
v 61.8000 0.4250 66.7500
v 61.8000 0.2750 69.2500
v 62.2000 0.2750 69.2500
v 62.2000 0.4250 69.2500
v 61.8000 0.4250 69.2500
v 61.8500 0.4150 67.0120
v 62.1500 0.4150 67.0120
v 62.1500 0.4650 67.0120
v 61.8500 0.4650 67.0120
v 61.8500 0.4150 67.3120
v 62.1500 0.4150 67.3120
v 62.1500 0.4650 67.3120
v 61.8500 0.4650 67.3120
v 61.8500 0.4150 68.6880
v 62.1500 0.4150 68.6880
v 62.1500 0.4650 68.6880
v 61.8500 0.4650 68.6880
v 61.8500 0.4150 68.9880
v 62.1500 0.4150 68.9880
v 62.1500 0.4650 68.9880
v 61.8500 0.4650 68.9880
v 63.8000 0.2750 66.7500
v 64.2000 0.2750 66.7500
v 64.2000 0.4250 66.7500
v 63.8000 0.4250 66.7500
v 63.8000 0.2750 69.2500
v 64.2000 0.2750 69.2500
v 64.2000 0.4250 69.2500
v 63.8000 0.4250 69.2500
v 63.8500 0.4150 67.0120
v 64.1500 0.4150 67.0120
v 64.1500 0.4650 67.0120
v 63.8500 0.4650 67.0120
v 63.8500 0.4150 67.3120
v 64.1500 0.4150 67.3120
v 64.1500 0.4650 67.3120
v 63.8500 0.4650 67.3120
v 63.8500 0.4150 68.6880
v 64.1500 0.4150 68.6880
v 64.1500 0.4650 68.6880
v 63.8500 0.4650 68.6880
v 63.8500 0.4150 68.9880
v 64.1500 0.4150 68.9880
v 64.1500 0.4650 68.9880
v 63.8500 0.4650 68.9880
v 65.8000 0.2750 66.7500
v 66.2000 0.2750 66.7500
v 66.2000 0.4250 66.7500
v 65.8000 0.4250 66.7500
v 65.8000 0.2750 69.2500
v 66.2000 0.2750 69.2500
v 66.2000 0.4250 69.2500
v 65.8000 0.4250 69.2500
v 65.8500 0.4150 67.0120
v 66.1500 0.4150 67.0120
v 66.1500 0.4650 67.0120
v 65.8500 0.4650 67.0120
v 65.8500 0.4150 67.3120
v 66.1500 0.4150 67.3120
v 66.1500 0.4650 67.3120
v 65.8500 0.4650 67.3120
v 65.8500 0.4150 68.6880
v 66.1500 0.4150 68.6880
v 66.1500 0.4650 68.6880
v 65.8500 0.4650 68.6880
v 65.8500 0.4150 68.9880
v 66.1500 0.4150 68.9880
v 66.1500 0.4650 68.9880
v 65.8500 0.4650 68.9880
v 67.8000 0.2750 66.7500
v 68.2000 0.2750 66.7500
v 68.2000 0.4250 66.7500
v 67.8000 0.4250 66.7500
v 67.8000 0.2750 69.2500
v 68.2000 0.2750 69.2500
v 68.2000 0.4250 69.2500
v 67.8000 0.4250 69.2500
v 67.8500 0.4150 67.0120
v 68.1500 0.4150 67.0120
v 68.1500 0.4650 67.0120
v 67.8500 0.4650 67.0120
v 67.8500 0.4150 67.3120
v 68.1500 0.4150 67.3120
v 68.1500 0.4650 67.3120
v 67.8500 0.4650 67.3120
v 67.8500 0.4150 68.6880
v 68.1500 0.4150 68.6880
v 68.1500 0.4650 68.6880
v 67.8500 0.4650 68.6880
v 67.8500 0.4150 68.9880
v 68.1500 0.4150 68.9880
v 68.1500 0.4650 68.9880
v 67.8500 0.4650 68.9880
v 69.8000 0.2750 66.7500
v 70.2000 0.2750 66.7500
v 70.2000 0.4250 66.7500
v 69.8000 0.4250 66.7500
v 69.8000 0.2750 69.2500
v 70.2000 0.2750 69.2500
v 70.2000 0.4250 69.2500
v 69.8000 0.4250 69.2500
v 69.8500 0.4150 67.0120
v 70.1500 0.4150 67.0120
v 70.1500 0.4650 67.0120
v 69.8500 0.4650 67.0120
v 69.8500 0.4150 67.3120
v 70.1500 0.4150 67.3120
v 70.1500 0.4650 67.3120
v 69.8500 0.4650 67.3120
v 69.8500 0.4150 68.6880
v 70.1500 0.4150 68.6880
v 70.1500 0.4650 68.6880
v 69.8500 0.4650 68.6880
v 69.8500 0.4150 68.9880
v 70.1500 0.4150 68.9880
v 70.1500 0.4650 68.9880
v 69.8500 0.4650 68.9880
v 71.8000 0.2750 66.7500
v 72.2000 0.2750 66.7500
v 72.2000 0.4250 66.7500
v 71.8000 0.4250 66.7500
v 71.8000 0.2750 69.2500
v 72.2000 0.2750 69.2500
v 72.2000 0.4250 69.2500
v 71.8000 0.4250 69.2500
v 71.8500 0.4150 67.0120
v 72.1500 0.4150 67.0120
v 72.1500 0.4650 67.0120
v 71.8500 0.4650 67.0120
v 71.8500 0.4150 67.3120
v 72.1500 0.4150 67.3120
v 72.1500 0.4650 67.3120
v 71.8500 0.4650 67.3120
v 71.8500 0.4150 68.6880
v 72.1500 0.4150 68.6880
v 72.1500 0.4650 68.6880
v 71.8500 0.4650 68.6880
v 71.8500 0.4150 68.9880
v 72.1500 0.4150 68.9880
v 72.1500 0.4650 68.9880
v 71.8500 0.4650 68.9880
v 73.8000 0.2750 66.7500
v 74.2000 0.2750 66.7500
v 74.2000 0.4250 66.7500
v 73.8000 0.4250 66.7500
v 73.8000 0.2750 69.2500
v 74.2000 0.2750 69.2500
v 74.2000 0.4250 69.2500
v 73.8000 0.4250 69.2500
v 73.8500 0.4150 67.0120
v 74.1500 0.4150 67.0120
v 74.1500 0.4650 67.0120
v 73.8500 0.4650 67.0120
v 73.8500 0.4150 67.3120
v 74.1500 0.4150 67.3120
v 74.1500 0.4650 67.3120
v 73.8500 0.4650 67.3120
v 73.8500 0.4150 68.6880
v 74.1500 0.4150 68.6880
v 74.1500 0.4650 68.6880
v 73.8500 0.4650 68.6880
v 73.8500 0.4150 68.9880
v 74.1500 0.4150 68.9880
v 74.1500 0.4650 68.9880
v 73.8500 0.4650 68.9880
v 75.8000 0.2750 66.7500
v 76.2000 0.2750 66.7500
v 76.2000 0.4250 66.7500
v 75.8000 0.4250 66.7500
v 75.8000 0.2750 69.2500
v 76.2000 0.2750 69.2500
v 76.2000 0.4250 69.2500
v 75.8000 0.4250 69.2500
v 75.8500 0.4150 67.0120
v 76.1500 0.4150 67.0120
v 76.1500 0.4650 67.0120
v 75.8500 0.4650 67.0120
v 75.8500 0.4150 67.3120
v 76.1500 0.4150 67.3120
v 76.1500 0.4650 67.3120
v 75.8500 0.4650 67.3120
v 75.8500 0.4150 68.6880
v 76.1500 0.4150 68.6880
v 76.1500 0.4650 68.6880
v 75.8500 0.4650 68.6880
v 75.8500 0.4150 68.9880
v 76.1500 0.4150 68.9880
v 76.1500 0.4650 68.9880
v 75.8500 0.4650 68.9880
v 77.8000 0.2750 66.7500
v 78.2000 0.2750 66.7500
v 78.2000 0.4250 66.7500
v 77.8000 0.4250 66.7500
v 77.8000 0.2750 69.2500
v 78.2000 0.2750 69.2500
v 78.2000 0.4250 69.2500
v 77.8000 0.4250 69.2500
v 77.8500 0.4150 67.0120
v 78.1500 0.4150 67.0120
v 78.1500 0.4650 67.0120
v 77.8500 0.4650 67.0120
v 77.8500 0.4150 67.3120
v 78.1500 0.4150 67.3120
v 78.1500 0.4650 67.3120
v 77.8500 0.4650 67.3120
v 77.8500 0.4150 68.6880
v 78.1500 0.4150 68.6880
v 78.1500 0.4650 68.6880
v 77.8500 0.4650 68.6880
v 77.8500 0.4150 68.9880
v 78.1500 0.4150 68.9880
v 78.1500 0.4650 68.9880
v 77.8500 0.4650 68.9880
v 79.8000 0.2750 66.7500
v 80.2000 0.2750 66.7500
v 80.2000 0.4250 66.7500
v 79.8000 0.4250 66.7500
v 79.8000 0.2750 69.2500
v 80.2000 0.2750 69.2500
v 80.2000 0.4250 69.2500
v 79.8000 0.4250 69.2500
v 79.8500 0.4150 67.0120
v 80.1500 0.4150 67.0120
v 80.1500 0.4650 67.0120
v 79.8500 0.4650 67.0120
v 79.8500 0.4150 67.3120
v 80.1500 0.4150 67.3120
v 80.1500 0.4650 67.3120
v 79.8500 0.4650 67.3120
v 79.8500 0.4150 68.6880
v 80.1500 0.4150 68.6880
v 80.1500 0.4650 68.6880
v 79.8500 0.4650 68.6880
v 79.8500 0.4150 68.9880
v 80.1500 0.4150 68.9880
v 80.1500 0.4650 68.9880
v 79.8500 0.4650 68.9880
v 81.8000 0.2750 66.7500
v 82.2000 0.2750 66.7500
v 82.2000 0.4250 66.7500
v 81.8000 0.4250 66.7500
v 81.8000 0.2750 69.2500
v 82.2000 0.2750 69.2500
v 82.2000 0.4250 69.2500
v 81.8000 0.4250 69.2500
v 81.8500 0.4150 67.0120
v 82.1500 0.4150 67.0120
v 82.1500 0.4650 67.0120
v 81.8500 0.4650 67.0120
v 81.8500 0.4150 67.3120
v 82.1500 0.4150 67.3120
v 82.1500 0.4650 67.3120
v 81.8500 0.4650 67.3120
v 81.8500 0.4150 68.6880
v 82.1500 0.4150 68.6880
v 82.1500 0.4650 68.6880
v 81.8500 0.4650 68.6880
v 81.8500 0.4150 68.9880
v 82.1500 0.4150 68.9880
v 82.1500 0.4650 68.9880
v 81.8500 0.4650 68.9880
v 83.8000 0.2750 66.7500
v 84.2000 0.2750 66.7500
v 84.2000 0.4250 66.7500
v 83.8000 0.4250 66.7500
v 83.8000 0.2750 69.2500
v 84.2000 0.2750 69.2500
v 84.2000 0.4250 69.2500
v 83.8000 0.4250 69.2500
v 83.8500 0.4150 67.0120
v 84.1500 0.4150 67.0120
v 84.1500 0.4650 67.0120
v 83.8500 0.4650 67.0120
v 83.8500 0.4150 67.3120
v 84.1500 0.4150 67.3120
v 84.1500 0.4650 67.3120
v 83.8500 0.4650 67.3120
v 83.8500 0.4150 68.6880
v 84.1500 0.4150 68.6880
v 84.1500 0.4650 68.6880
v 83.8500 0.4650 68.6880
v 83.8500 0.4150 68.9880
v 84.1500 0.4150 68.9880
v 84.1500 0.4650 68.9880
v 83.8500 0.4650 68.9880
v 85.8000 0.2750 66.7500
v 86.2000 0.2750 66.7500
v 86.2000 0.4250 66.7500
v 85.8000 0.4250 66.7500
v 85.8000 0.2750 69.2500
v 86.2000 0.2750 69.2500
v 86.2000 0.4250 69.2500
v 85.8000 0.4250 69.2500
v 85.8500 0.4150 67.0120
v 86.1500 0.4150 67.0120
v 86.1500 0.4650 67.0120
v 85.8500 0.4650 67.0120
v 85.8500 0.4150 67.3120
v 86.1500 0.4150 67.3120
v 86.1500 0.4650 67.3120
v 85.8500 0.4650 67.3120
v 85.8500 0.4150 68.6880
v 86.1500 0.4150 68.6880
v 86.1500 0.4650 68.6880
v 85.8500 0.4650 68.6880
v 85.8500 0.4150 68.9880
v 86.1500 0.4150 68.9880
v 86.1500 0.4650 68.9880
v 85.8500 0.4650 68.9880
v 87.8000 0.2750 66.7500
v 88.2000 0.2750 66.7500
v 88.2000 0.4250 66.7500
v 87.8000 0.4250 66.7500
v 87.8000 0.2750 69.2500
v 88.2000 0.2750 69.2500
v 88.2000 0.4250 69.2500
v 87.8000 0.4250 69.2500
v 87.8500 0.4150 67.0120
v 88.1500 0.4150 67.0120
v 88.1500 0.4650 67.0120
v 87.8500 0.4650 67.0120
v 87.8500 0.4150 67.3120
v 88.1500 0.4150 67.3120
v 88.1500 0.4650 67.3120
v 87.8500 0.4650 67.3120
v 87.8500 0.4150 68.6880
v 88.1500 0.4150 68.6880
v 88.1500 0.4650 68.6880
v 87.8500 0.4650 68.6880
v 87.8500 0.4150 68.9880
v 88.1500 0.4150 68.9880
v 88.1500 0.4650 68.9880
v 87.8500 0.4650 68.9880
v -90.0000 0.4500 67.1020
v 90.0000 0.4500 67.1020
v 90.0000 0.6500 67.1020
v -90.0000 0.6500 67.1020
v -90.0000 0.4500 67.2220
v 90.0000 0.4500 67.2220
v 90.0000 0.6500 67.2220
v -90.0000 0.6500 67.2220
v -90.0000 0.4500 68.7780
v 90.0000 0.4500 68.7780
v 90.0000 0.6500 68.7780
v -90.0000 0.6500 68.7780
v -90.0000 0.4500 68.8980
v 90.0000 0.4500 68.8980
v 90.0000 0.6500 68.8980
v -90.0000 0.6500 68.8980
v 57.5000 0.3750 50.9400
v 82.5000 0.3750 50.9400
v 82.5000 0.5250 50.9400
v 57.5000 0.5250 50.9400
v 57.5000 0.3750 51.0600
v 82.5000 0.3750 51.0600
v 82.5000 0.5250 51.0600
v 57.5000 0.5250 51.0600
v -82.5000 0.3750 50.9400
v -57.5000 0.3750 50.9400
v -57.5000 0.5250 50.9400
v -82.5000 0.5250 50.9400
v -82.5000 0.3750 51.0600
v -57.5000 0.3750 51.0600
v -57.5000 0.5250 51.0600
v -82.5000 0.5250 51.0600
v -4.0000 5.3000 25.0000
v 4.0000 5.3000 25.0000
v 4.0000 5.7000 25.0000
v -4.0000 5.7000 25.0000
v -4.0000 5.3000 77.0000
v 4.0000 5.3000 77.0000
v 4.0000 5.7000 77.0000
v -4.0000 5.7000 77.0000
v -4.2000 8.8500 24.8000
v 4.2000 8.8500 24.8000
v 4.2000 9.1500 24.8000
v -4.2000 9.1500 24.8000
v -4.2000 8.8500 77.2000
v 4.2000 8.8500 77.2000
v 4.2000 9.1500 77.2000
v -4.2000 9.1500 77.2000
v -4.1000 5.5000 25.0000
v -3.9000 5.5000 25.0000
v -3.9000 9.0000 25.0000
v -4.1000 9.0000 25.0000
v -4.1000 5.5000 77.0000
v -3.9000 5.5000 77.0000
v -3.9000 9.0000 77.0000
v -4.1000 9.0000 77.0000
v 3.9000 5.5000 25.0000
v 4.1000 5.5000 25.0000
v 4.1000 9.0000 25.0000
v 3.9000 9.0000 25.0000
v 3.9000 5.5000 77.0000
v 4.1000 5.5000 77.0000
v 4.1000 9.0000 77.0000
v 3.9000 9.0000 77.0000
v -3.1000 0.0000 30.0000
v -3.1000 5.5000 30.0000
v -3.2172 0.0000 30.2828
v -3.2172 5.5000 30.2828
v -3.5000 0.0000 30.4000
v -3.5000 5.5000 30.4000
v -3.7828 0.0000 30.2828
v -3.7828 5.5000 30.2828
v -3.9000 0.0000 30.0000
v -3.9000 5.5000 30.0000
v -3.7828 0.0000 29.7172
v -3.7828 5.5000 29.7172
v -3.5000 0.0000 29.6000
v -3.5000 5.5000 29.6000
v -3.2172 0.0000 29.7172
v -3.2172 5.5000 29.7172
v 3.9000 0.0000 30.0000
v 3.9000 5.5000 30.0000
v 3.7828 0.0000 30.2828
v 3.7828 5.5000 30.2828
v 3.5000 0.0000 30.4000
v 3.5000 5.5000 30.4000
v 3.2172 0.0000 30.2828
v 3.2172 5.5000 30.2828
v 3.1000 0.0000 30.0000
v 3.1000 5.5000 30.0000
v 3.2172 0.0000 29.7172
v 3.2172 5.5000 29.7172
v 3.5000 0.0000 29.6000
v 3.5000 5.5000 29.6000
v 3.7828 0.0000 29.7172
v 3.7828 5.5000 29.7172
v -3.1000 0.0000 50.0000
v -3.1000 5.5000 50.0000
v -3.2172 0.0000 50.2828
v -3.2172 5.5000 50.2828
v -3.5000 0.0000 50.4000
v -3.5000 5.5000 50.4000
v -3.7828 0.0000 50.2828
v -3.7828 5.5000 50.2828
v -3.9000 0.0000 50.0000
v -3.9000 5.5000 50.0000
v -3.7828 0.0000 49.7172
v -3.7828 5.5000 49.7172
v -3.5000 0.0000 49.6000
v -3.5000 5.5000 49.6000
v -3.2172 0.0000 49.7172
v -3.2172 5.5000 49.7172
v 3.9000 0.0000 50.0000
v 3.9000 5.5000 50.0000
v 3.7828 0.0000 50.2828
v 3.7828 5.5000 50.2828
v 3.5000 0.0000 50.4000
v 3.5000 5.5000 50.4000
v 3.2172 0.0000 50.2828
v 3.2172 5.5000 50.2828
v 3.1000 0.0000 50.0000
v 3.1000 5.5000 50.0000
v 3.2172 0.0000 49.7172
v 3.2172 5.5000 49.7172
v 3.5000 0.0000 49.6000
v 3.5000 5.5000 49.6000
v 3.7828 0.0000 49.7172
v 3.7828 5.5000 49.7172
v -3.1000 0.0000 72.0000
v -3.1000 5.5000 72.0000
v -3.2172 0.0000 72.2828
v -3.2172 5.5000 72.2828
v -3.5000 0.0000 72.4000
v -3.5000 5.5000 72.4000
v -3.7828 0.0000 72.2828
v -3.7828 5.5000 72.2828
v -3.9000 0.0000 72.0000
v -3.9000 5.5000 72.0000
v -3.7828 0.0000 71.7172
v -3.7828 5.5000 71.7172
v -3.5000 0.0000 71.6000
v -3.5000 5.5000 71.6000
v -3.2172 0.0000 71.7172
v -3.2172 5.5000 71.7172
v 3.9000 0.0000 72.0000
v 3.9000 5.5000 72.0000
v 3.7828 0.0000 72.2828
v 3.7828 5.5000 72.2828
v 3.5000 0.0000 72.4000
v 3.5000 5.5000 72.4000
v 3.2172 0.0000 72.2828
v 3.2172 5.5000 72.2828
v 3.1000 0.0000 72.0000
v 3.1000 5.5000 72.0000
v 3.2172 0.0000 71.7172
v 3.2172 5.5000 71.7172
v 3.5000 0.0000 71.6000
v 3.5000 5.5000 71.6000
v 3.7828 0.0000 71.7172
v 3.7828 5.5000 71.7172
v -4.5250 4.7950 27.2500
v -3.8750 4.7950 27.2500
v -3.8750 5.2450 27.2500
v -4.5250 5.2450 27.2500
v -4.5250 4.7950 29.7500
v -3.8750 4.7950 29.7500
v -3.8750 5.2450 29.7500
v -4.5250 5.2450 29.7500
v -4.5250 5.9700 29.7000
v -3.8750 5.9700 29.7000
v -3.8750 6.0700 29.7000
v -4.5250 6.0700 29.7000
v -4.5250 5.9700 29.8000
v -3.8750 5.9700 29.8000
v -3.8750 6.0700 29.8000
v -4.5250 6.0700 29.8000
v -5.1250 4.3150 27.2500
v -4.4750 4.3150 27.2500
v -4.4750 4.7650 27.2500
v -5.1250 4.7650 27.2500
v -5.1250 4.3150 29.7500
v -4.4750 4.3150 29.7500
v -4.4750 4.7650 29.7500
v -5.1250 4.7650 29.7500
v -5.1250 5.4900 29.7000
v -4.4750 5.4900 29.7000
v -4.4750 5.5900 29.7000
v -5.1250 5.5900 29.7000
v -5.1250 5.4900 29.8000
v -4.4750 5.4900 29.8000
v -4.4750 5.5900 29.8000
v -5.1250 5.5900 29.8000
v -5.7250 3.8350 27.2500
v -5.0750 3.8350 27.2500
v -5.0750 4.2850 27.2500
v -5.7250 4.2850 27.2500
v -5.7250 3.8350 29.7500
v -5.0750 3.8350 29.7500
v -5.0750 4.2850 29.7500
v -5.7250 4.2850 29.7500
v -5.7250 5.0100 29.7000
v -5.0750 5.0100 29.7000
v -5.0750 5.1100 29.7000
v -5.7250 5.1100 29.7000
v -5.7250 5.0100 29.8000
v -5.0750 5.0100 29.8000
v -5.0750 5.1100 29.8000
v -5.7250 5.1100 29.8000
v -6.3250 3.3550 27.2500
v -5.6750 3.3550 27.2500
v -5.6750 3.8050 27.2500
v -6.3250 3.8050 27.2500
v -6.3250 3.3550 29.7500
v -5.6750 3.3550 29.7500
v -5.6750 3.8050 29.7500
v -6.3250 3.8050 29.7500
v -6.3250 4.5300 29.7000
v -5.6750 4.5300 29.7000
v -5.6750 4.6300 29.7000
v -6.3250 4.6300 29.7000
v -6.3250 4.5300 29.8000
v -5.6750 4.5300 29.8000
v -5.6750 4.6300 29.8000
v -6.3250 4.6300 29.8000
v -6.9250 2.8750 27.2500
v -6.2750 2.8750 27.2500
v -6.2750 3.3250 27.2500
v -6.9250 3.3250 27.2500
v -6.9250 2.8750 29.7500
v -6.2750 2.8750 29.7500
v -6.2750 3.3250 29.7500
v -6.9250 3.3250 29.7500
v -6.9250 4.0500 29.7000
v -6.2750 4.0500 29.7000
v -6.2750 4.1500 29.7000
v -6.9250 4.1500 29.7000
v -6.9250 4.0500 29.8000
v -6.2750 4.0500 29.8000
v -6.2750 4.1500 29.8000
v -6.9250 4.1500 29.8000
v -7.5250 2.3950 27.2500
v -6.8750 2.3950 27.2500
v -6.8750 2.8450 27.2500
v -7.5250 2.8450 27.2500
v -7.5250 2.3950 29.7500
v -6.8750 2.3950 29.7500
v -6.8750 2.8450 29.7500
v -7.5250 2.8450 29.7500
v -7.5250 3.5700 29.7000
v -6.8750 3.5700 29.7000
v -6.8750 3.6700 29.7000
v -7.5250 3.6700 29.7000
v -7.5250 3.5700 29.8000
v -6.8750 3.5700 29.8000
v -6.8750 3.6700 29.8000
v -7.5250 3.6700 29.8000
v -8.1250 1.9150 27.2500
v -7.4750 1.9150 27.2500
v -7.4750 2.3650 27.2500
v -8.1250 2.3650 27.2500
v -8.1250 1.9150 29.7500
v -7.4750 1.9150 29.7500
v -7.4750 2.3650 29.7500
v -8.1250 2.3650 29.7500
v -8.1250 3.0900 29.7000
v -7.4750 3.0900 29.7000
v -7.4750 3.1900 29.7000
v -8.1250 3.1900 29.7000
v -8.1250 3.0900 29.8000
v -7.4750 3.0900 29.8000
v -7.4750 3.1900 29.8000
v -8.1250 3.1900 29.8000
v -8.7250 1.4350 27.2500
v -8.0750 1.4350 27.2500
v -8.0750 1.8850 27.2500
v -8.7250 1.8850 27.2500
v -8.7250 1.4350 29.7500
v -8.0750 1.4350 29.7500
v -8.0750 1.8850 29.7500
v -8.7250 1.8850 29.7500
v -8.7250 2.6100 29.7000
v -8.0750 2.6100 29.7000
v -8.0750 2.7100 29.7000
v -8.7250 2.7100 29.7000
v -8.7250 2.6100 29.8000
v -8.0750 2.6100 29.8000
v -8.0750 2.7100 29.8000
v -8.7250 2.7100 29.8000
v -9.3250 0.9550 27.2500
v -8.6750 0.9550 27.2500
v -8.6750 1.4050 27.2500
v -9.3250 1.4050 27.2500
v -9.3250 0.9550 29.7500
v -8.6750 0.9550 29.7500
v -8.6750 1.4050 29.7500
v -9.3250 1.4050 29.7500
v -9.3250 2.1300 29.7000
v -8.6750 2.1300 29.7000
v -8.6750 2.2300 29.7000
v -9.3250 2.2300 29.7000
v -9.3250 2.1300 29.8000
v -8.6750 2.1300 29.8000
v -8.6750 2.2300 29.8000
v -9.3250 2.2300 29.8000
v -9.9250 0.4750 27.2500
v -9.2750 0.4750 27.2500
v -9.2750 0.9250 27.2500
v -9.9250 0.9250 27.2500
v -9.9250 0.4750 29.7500
v -9.2750 0.4750 29.7500
v -9.2750 0.9250 29.7500
v -9.9250 0.9250 29.7500
v -9.9250 1.6500 29.7000
v -9.2750 1.6500 29.7000
v -9.2750 1.7500 29.7000
v -9.9250 1.7500 29.7000
v -9.9250 1.6500 29.8000
v -9.2750 1.6500 29.8000
v -9.2750 1.7500 29.8000
v -9.9250 1.7500 29.8000
v 3.8750 4.7950 30.2500
v 4.5250 4.7950 30.2500
v 4.5250 5.2450 30.2500
v 3.8750 5.2450 30.2500
v 3.8750 4.7950 32.7500
v 4.5250 4.7950 32.7500
v 4.5250 5.2450 32.7500
v 3.8750 5.2450 32.7500
v 3.8750 5.9700 32.7000
v 4.5250 5.9700 32.7000
v 4.5250 6.0700 32.7000
v 3.8750 6.0700 32.7000
v 3.8750 5.9700 32.8000
v 4.5250 5.9700 32.8000
v 4.5250 6.0700 32.8000
v 3.8750 6.0700 32.8000
v 4.4750 4.3150 30.2500
v 5.1250 4.3150 30.2500
v 5.1250 4.7650 30.2500
v 4.4750 4.7650 30.2500
v 4.4750 4.3150 32.7500
v 5.1250 4.3150 32.7500
v 5.1250 4.7650 32.7500
v 4.4750 4.7650 32.7500
v 4.4750 5.4900 32.7000
v 5.1250 5.4900 32.7000
v 5.1250 5.5900 32.7000
v 4.4750 5.5900 32.7000
v 4.4750 5.4900 32.8000
v 5.1250 5.4900 32.8000
v 5.1250 5.5900 32.8000
v 4.4750 5.5900 32.8000
v 5.0750 3.8350 30.2500
v 5.7250 3.8350 30.2500
v 5.7250 4.2850 30.2500
v 5.0750 4.2850 30.2500
v 5.0750 3.8350 32.7500
v 5.7250 3.8350 32.7500
v 5.7250 4.2850 32.7500
v 5.0750 4.2850 32.7500
v 5.0750 5.0100 32.7000
v 5.7250 5.0100 32.7000
v 5.7250 5.1100 32.7000
v 5.0750 5.1100 32.7000
v 5.0750 5.0100 32.8000
v 5.7250 5.0100 32.8000
v 5.7250 5.1100 32.8000
v 5.0750 5.1100 32.8000
v 5.6750 3.3550 30.2500
v 6.3250 3.3550 30.2500
v 6.3250 3.8050 30.2500
v 5.6750 3.8050 30.2500
v 5.6750 3.3550 32.7500
v 6.3250 3.3550 32.7500
v 6.3250 3.8050 32.7500
v 5.6750 3.8050 32.7500
v 5.6750 4.5300 32.7000
v 6.3250 4.5300 32.7000
v 6.3250 4.6300 32.7000
v 5.6750 4.6300 32.7000
v 5.6750 4.5300 32.8000
v 6.3250 4.5300 32.8000
v 6.3250 4.6300 32.8000
v 5.6750 4.6300 32.8000
v 6.2750 2.8750 30.2500
v 6.9250 2.8750 30.2500
v 6.9250 3.3250 30.2500
v 6.2750 3.3250 30.2500
v 6.2750 2.8750 32.7500
v 6.9250 2.8750 32.7500
v 6.9250 3.3250 32.7500
v 6.2750 3.3250 32.7500
v 6.2750 4.0500 32.7000
v 6.9250 4.0500 32.7000
v 6.9250 4.1500 32.7000
v 6.2750 4.1500 32.7000
v 6.2750 4.0500 32.8000
v 6.9250 4.0500 32.8000
v 6.9250 4.1500 32.8000
v 6.2750 4.1500 32.8000
v 6.8750 2.3950 30.2500
v 7.5250 2.3950 30.2500
v 7.5250 2.8450 30.2500
v 6.8750 2.8450 30.2500
v 6.8750 2.3950 32.7500
v 7.5250 2.3950 32.7500
v 7.5250 2.8450 32.7500
v 6.8750 2.8450 32.7500
v 6.8750 3.5700 32.7000
v 7.5250 3.5700 32.7000
v 7.5250 3.6700 32.7000
v 6.8750 3.6700 32.7000
v 6.8750 3.5700 32.8000
v 7.5250 3.5700 32.8000
v 7.5250 3.6700 32.8000
v 6.8750 3.6700 32.8000
v 7.4750 1.9150 30.2500
v 8.1250 1.9150 30.2500
v 8.1250 2.3650 30.2500
v 7.4750 2.3650 30.2500
v 7.4750 1.9150 32.7500
v 8.1250 1.9150 32.7500
v 8.1250 2.3650 32.7500
v 7.4750 2.3650 32.7500
v 7.4750 3.0900 32.7000
v 8.1250 3.0900 32.7000
v 8.1250 3.1900 32.7000
v 7.4750 3.1900 32.7000
v 7.4750 3.0900 32.8000
v 8.1250 3.0900 32.8000
v 8.1250 3.1900 32.8000
v 7.4750 3.1900 32.8000
v 8.0750 1.4350 30.2500
v 8.7250 1.4350 30.2500
v 8.7250 1.8850 30.2500
v 8.0750 1.8850 30.2500
v 8.0750 1.4350 32.7500
v 8.7250 1.4350 32.7500
v 8.7250 1.8850 32.7500
v 8.0750 1.8850 32.7500
v 8.0750 2.6100 32.7000
v 8.7250 2.6100 32.7000
v 8.7250 2.7100 32.7000
v 8.0750 2.7100 32.7000
v 8.0750 2.6100 32.8000
v 8.7250 2.6100 32.8000
v 8.7250 2.7100 32.8000
v 8.0750 2.7100 32.8000
v 8.6750 0.9550 30.2500
v 9.3250 0.9550 30.2500
v 9.3250 1.4050 30.2500
v 8.6750 1.4050 30.2500
v 8.6750 0.9550 32.7500
v 9.3250 0.9550 32.7500
v 9.3250 1.4050 32.7500
v 8.6750 1.4050 32.7500
v 8.6750 2.1300 32.7000
v 9.3250 2.1300 32.7000
v 9.3250 2.2300 32.7000
v 8.6750 2.2300 32.7000
v 8.6750 2.1300 32.8000
v 9.3250 2.1300 32.8000
v 9.3250 2.2300 32.8000
v 8.6750 2.2300 32.8000
v 9.2750 0.4750 30.2500
v 9.9250 0.4750 30.2500
v 9.9250 0.9250 30.2500
v 9.2750 0.9250 30.2500
v 9.2750 0.4750 32.7500
v 9.9250 0.4750 32.7500
v 9.9250 0.9250 32.7500
v 9.2750 0.9250 32.7500
v 9.2750 1.6500 32.7000
v 9.9250 1.6500 32.7000
v 9.9250 1.7500 32.7000
v 9.2750 1.7500 32.7000
v 9.2750 1.6500 32.8000
v 9.9250 1.6500 32.8000
v 9.9250 1.7500 32.8000
v 9.2750 1.7500 32.8000
v -4.5250 4.7950 47.2500
v -3.8750 4.7950 47.2500
v -3.8750 5.2450 47.2500
v -4.5250 5.2450 47.2500
v -4.5250 4.7950 49.7500
v -3.8750 4.7950 49.7500
v -3.8750 5.2450 49.7500
v -4.5250 5.2450 49.7500
v -4.5250 5.9700 49.7000
v -3.8750 5.9700 49.7000
v -3.8750 6.0700 49.7000
v -4.5250 6.0700 49.7000
v -4.5250 5.9700 49.8000
v -3.8750 5.9700 49.8000
v -3.8750 6.0700 49.8000
v -4.5250 6.0700 49.8000
v -5.1250 4.3150 47.2500
v -4.4750 4.3150 47.2500
v -4.4750 4.7650 47.2500
v -5.1250 4.7650 47.2500
v -5.1250 4.3150 49.7500
v -4.4750 4.3150 49.7500
v -4.4750 4.7650 49.7500
v -5.1250 4.7650 49.7500
v -5.1250 5.4900 49.7000
v -4.4750 5.4900 49.7000
v -4.4750 5.5900 49.7000
v -5.1250 5.5900 49.7000
v -5.1250 5.4900 49.8000
v -4.4750 5.4900 49.8000
v -4.4750 5.5900 49.8000
v -5.1250 5.5900 49.8000
v -5.7250 3.8350 47.2500
v -5.0750 3.8350 47.2500
v -5.0750 4.2850 47.2500
v -5.7250 4.2850 47.2500
v -5.7250 3.8350 49.7500
v -5.0750 3.8350 49.7500
v -5.0750 4.2850 49.7500
v -5.7250 4.2850 49.7500
v -5.7250 5.0100 49.7000
v -5.0750 5.0100 49.7000
v -5.0750 5.1100 49.7000
v -5.7250 5.1100 49.7000
v -5.7250 5.0100 49.8000
v -5.0750 5.0100 49.8000
v -5.0750 5.1100 49.8000
v -5.7250 5.1100 49.8000
v -6.3250 3.3550 47.2500
v -5.6750 3.3550 47.2500
v -5.6750 3.8050 47.2500
v -6.3250 3.8050 47.2500
v -6.3250 3.3550 49.7500
v -5.6750 3.3550 49.7500
v -5.6750 3.8050 49.7500
v -6.3250 3.8050 49.7500
v -6.3250 4.5300 49.7000
v -5.6750 4.5300 49.7000
v -5.6750 4.6300 49.7000
v -6.3250 4.6300 49.7000
v -6.3250 4.5300 49.8000
v -5.6750 4.5300 49.8000
v -5.6750 4.6300 49.8000
v -6.3250 4.6300 49.8000
v -6.9250 2.8750 47.2500
v -6.2750 2.8750 47.2500
v -6.2750 3.3250 47.2500
v -6.9250 3.3250 47.2500
v -6.9250 2.8750 49.7500
v -6.2750 2.8750 49.7500
v -6.2750 3.3250 49.7500
v -6.9250 3.3250 49.7500
v -6.9250 4.0500 49.7000
v -6.2750 4.0500 49.7000
v -6.2750 4.1500 49.7000
v -6.9250 4.1500 49.7000
v -6.9250 4.0500 49.8000
v -6.2750 4.0500 49.8000
v -6.2750 4.1500 49.8000
v -6.9250 4.1500 49.8000
v -7.5250 2.3950 47.2500
v -6.8750 2.3950 47.2500
v -6.8750 2.8450 47.2500
v -7.5250 2.8450 47.2500
v -7.5250 2.3950 49.7500
v -6.8750 2.3950 49.7500
v -6.8750 2.8450 49.7500
v -7.5250 2.8450 49.7500
v -7.5250 3.5700 49.7000
v -6.8750 3.5700 49.7000
v -6.8750 3.6700 49.7000
v -7.5250 3.6700 49.7000
v -7.5250 3.5700 49.8000
v -6.8750 3.5700 49.8000
v -6.8750 3.6700 49.8000
v -7.5250 3.6700 49.8000
v -8.1250 1.9150 47.2500
v -7.4750 1.9150 47.2500
v -7.4750 2.3650 47.2500
v -8.1250 2.3650 47.2500
v -8.1250 1.9150 49.7500
v -7.4750 1.9150 49.7500
v -7.4750 2.3650 49.7500
v -8.1250 2.3650 49.7500
v -8.1250 3.0900 49.7000
v -7.4750 3.0900 49.7000
v -7.4750 3.1900 49.7000
v -8.1250 3.1900 49.7000
v -8.1250 3.0900 49.8000
v -7.4750 3.0900 49.8000
v -7.4750 3.1900 49.8000
v -8.1250 3.1900 49.8000
v -8.7250 1.4350 47.2500
v -8.0750 1.4350 47.2500
v -8.0750 1.8850 47.2500
v -8.7250 1.8850 47.2500
v -8.7250 1.4350 49.7500
v -8.0750 1.4350 49.7500
v -8.0750 1.8850 49.7500
v -8.7250 1.8850 49.7500
v -8.7250 2.6100 49.7000
v -8.0750 2.6100 49.7000
v -8.0750 2.7100 49.7000
v -8.7250 2.7100 49.7000
v -8.7250 2.6100 49.8000
v -8.0750 2.6100 49.8000
v -8.0750 2.7100 49.8000
v -8.7250 2.7100 49.8000
v -9.3250 0.9550 47.2500
v -8.6750 0.9550 47.2500
v -8.6750 1.4050 47.2500
v -9.3250 1.4050 47.2500
v -9.3250 0.9550 49.7500
v -8.6750 0.9550 49.7500
v -8.6750 1.4050 49.7500
v -9.3250 1.4050 49.7500
v -9.3250 2.1300 49.7000
v -8.6750 2.1300 49.7000
v -8.6750 2.2300 49.7000
v -9.3250 2.2300 49.7000
v -9.3250 2.1300 49.8000
v -8.6750 2.1300 49.8000
v -8.6750 2.2300 49.8000
v -9.3250 2.2300 49.8000
v -9.9250 0.4750 47.2500
v -9.2750 0.4750 47.2500
v -9.2750 0.9250 47.2500
v -9.9250 0.9250 47.2500
v -9.9250 0.4750 49.7500
v -9.2750 0.4750 49.7500
v -9.2750 0.9250 49.7500
v -9.9250 0.9250 49.7500
v -9.9250 1.6500 49.7000
v -9.2750 1.6500 49.7000
v -9.2750 1.7500 49.7000
v -9.9250 1.7500 49.7000
v -9.9250 1.6500 49.8000
v -9.2750 1.6500 49.8000
v -9.2750 1.7500 49.8000
v -9.9250 1.7500 49.8000
v 3.8750 4.7950 50.2500
v 4.5250 4.7950 50.2500
v 4.5250 5.2450 50.2500
v 3.8750 5.2450 50.2500
v 3.8750 4.7950 52.7500
v 4.5250 4.7950 52.7500
v 4.5250 5.2450 52.7500
v 3.8750 5.2450 52.7500
v 3.8750 5.9700 52.7000
v 4.5250 5.9700 52.7000
v 4.5250 6.0700 52.7000
v 3.8750 6.0700 52.7000
v 3.8750 5.9700 52.8000
v 4.5250 5.9700 52.8000
v 4.5250 6.0700 52.8000
v 3.8750 6.0700 52.8000
v 4.4750 4.3150 50.2500
v 5.1250 4.3150 50.2500
v 5.1250 4.7650 50.2500
v 4.4750 4.7650 50.2500
v 4.4750 4.3150 52.7500
v 5.1250 4.3150 52.7500
v 5.1250 4.7650 52.7500
v 4.4750 4.7650 52.7500
v 4.4750 5.4900 52.7000
v 5.1250 5.4900 52.7000
v 5.1250 5.5900 52.7000
v 4.4750 5.5900 52.7000
v 4.4750 5.4900 52.8000
v 5.1250 5.4900 52.8000
v 5.1250 5.5900 52.8000
v 4.4750 5.5900 52.8000
v 5.0750 3.8350 50.2500
v 5.7250 3.8350 50.2500
v 5.7250 4.2850 50.2500
v 5.0750 4.2850 50.2500
v 5.0750 3.8350 52.7500
v 5.7250 3.8350 52.7500
v 5.7250 4.2850 52.7500
v 5.0750 4.2850 52.7500
v 5.0750 5.0100 52.7000
v 5.7250 5.0100 52.7000
v 5.7250 5.1100 52.7000
v 5.0750 5.1100 52.7000
v 5.0750 5.0100 52.8000
v 5.7250 5.0100 52.8000
v 5.7250 5.1100 52.8000
v 5.0750 5.1100 52.8000
v 5.6750 3.3550 50.2500
v 6.3250 3.3550 50.2500
v 6.3250 3.8050 50.2500
v 5.6750 3.8050 50.2500
v 5.6750 3.3550 52.7500
v 6.3250 3.3550 52.7500
v 6.3250 3.8050 52.7500
v 5.6750 3.8050 52.7500
v 5.6750 4.5300 52.7000
v 6.3250 4.5300 52.7000
v 6.3250 4.6300 52.7000
v 5.6750 4.6300 52.7000
v 5.6750 4.5300 52.8000
v 6.3250 4.5300 52.8000
v 6.3250 4.6300 52.8000
v 5.6750 4.6300 52.8000
v 6.2750 2.8750 50.2500
v 6.9250 2.8750 50.2500
v 6.9250 3.3250 50.2500
v 6.2750 3.3250 50.2500
v 6.2750 2.8750 52.7500
v 6.9250 2.8750 52.7500
v 6.9250 3.3250 52.7500
v 6.2750 3.3250 52.7500
v 6.2750 4.0500 52.7000
v 6.9250 4.0500 52.7000
v 6.9250 4.1500 52.7000
v 6.2750 4.1500 52.7000
v 6.2750 4.0500 52.8000
v 6.9250 4.0500 52.8000
v 6.9250 4.1500 52.8000
v 6.2750 4.1500 52.8000
v 6.8750 2.3950 50.2500
v 7.5250 2.3950 50.2500
v 7.5250 2.8450 50.2500
v 6.8750 2.8450 50.2500
v 6.8750 2.3950 52.7500
v 7.5250 2.3950 52.7500
v 7.5250 2.8450 52.7500
v 6.8750 2.8450 52.7500
v 6.8750 3.5700 52.7000
v 7.5250 3.5700 52.7000
v 7.5250 3.6700 52.7000
v 6.8750 3.6700 52.7000
v 6.8750 3.5700 52.8000
v 7.5250 3.5700 52.8000
v 7.5250 3.6700 52.8000
v 6.8750 3.6700 52.8000
v 7.4750 1.9150 50.2500
v 8.1250 1.9150 50.2500
v 8.1250 2.3650 50.2500
v 7.4750 2.3650 50.2500
v 7.4750 1.9150 52.7500
v 8.1250 1.9150 52.7500
v 8.1250 2.3650 52.7500
v 7.4750 2.3650 52.7500
v 7.4750 3.0900 52.7000
v 8.1250 3.0900 52.7000
v 8.1250 3.1900 52.7000
v 7.4750 3.1900 52.7000
v 7.4750 3.0900 52.8000
v 8.1250 3.0900 52.8000
v 8.1250 3.1900 52.8000
v 7.4750 3.1900 52.8000
v 8.0750 1.4350 50.2500
v 8.7250 1.4350 50.2500
v 8.7250 1.8850 50.2500
v 8.0750 1.8850 50.2500
v 8.0750 1.4350 52.7500
v 8.7250 1.4350 52.7500
v 8.7250 1.8850 52.7500
v 8.0750 1.8850 52.7500
v 8.0750 2.6100 52.7000
v 8.7250 2.6100 52.7000
v 8.7250 2.7100 52.7000
v 8.0750 2.7100 52.7000
v 8.0750 2.6100 52.8000
v 8.7250 2.6100 52.8000
v 8.7250 2.7100 52.8000
v 8.0750 2.7100 52.8000
v 8.6750 0.9550 50.2500
v 9.3250 0.9550 50.2500
v 9.3250 1.4050 50.2500
v 8.6750 1.4050 50.2500
v 8.6750 0.9550 52.7500
v 9.3250 0.9550 52.7500
v 9.3250 1.4050 52.7500
v 8.6750 1.4050 52.7500
v 8.6750 2.1300 52.7000
v 9.3250 2.1300 52.7000
v 9.3250 2.2300 52.7000
v 8.6750 2.2300 52.7000
v 8.6750 2.1300 52.8000
v 9.3250 2.1300 52.8000
v 9.3250 2.2300 52.8000
v 8.6750 2.2300 52.8000
v 9.2750 0.4750 50.2500
v 9.9250 0.4750 50.2500
v 9.9250 0.9250 50.2500
v 9.2750 0.9250 50.2500
v 9.2750 0.4750 52.7500
v 9.9250 0.4750 52.7500
v 9.9250 0.9250 52.7500
v 9.2750 0.9250 52.7500
v 9.2750 1.6500 52.7000
v 9.9250 1.6500 52.7000
v 9.9250 1.7500 52.7000
v 9.2750 1.7500 52.7000
v 9.2750 1.6500 52.8000
v 9.9250 1.6500 52.8000
v 9.9250 1.7500 52.8000
v 9.2750 1.7500 52.8000
v -4.5250 4.7950 69.2500
v -3.8750 4.7950 69.2500
v -3.8750 5.2450 69.2500
v -4.5250 5.2450 69.2500
v -4.5250 4.7950 71.7500
v -3.8750 4.7950 71.7500
v -3.8750 5.2450 71.7500
v -4.5250 5.2450 71.7500
v -4.5250 5.9700 71.7000
v -3.8750 5.9700 71.7000
v -3.8750 6.0700 71.7000
v -4.5250 6.0700 71.7000
v -4.5250 5.9700 71.8000
v -3.8750 5.9700 71.8000
v -3.8750 6.0700 71.8000
v -4.5250 6.0700 71.8000
v -5.1250 4.3150 69.2500
v -4.4750 4.3150 69.2500
v -4.4750 4.7650 69.2500
v -5.1250 4.7650 69.2500
v -5.1250 4.3150 71.7500
v -4.4750 4.3150 71.7500
v -4.4750 4.7650 71.7500
v -5.1250 4.7650 71.7500
v -5.1250 5.4900 71.7000
v -4.4750 5.4900 71.7000
v -4.4750 5.5900 71.7000
v -5.1250 5.5900 71.7000
v -5.1250 5.4900 71.8000
v -4.4750 5.4900 71.8000
v -4.4750 5.5900 71.8000
v -5.1250 5.5900 71.8000
v -5.7250 3.8350 69.2500
v -5.0750 3.8350 69.2500
v -5.0750 4.2850 69.2500
v -5.7250 4.2850 69.2500
v -5.7250 3.8350 71.7500
v -5.0750 3.8350 71.7500
v -5.0750 4.2850 71.7500
v -5.7250 4.2850 71.7500
v -5.7250 5.0100 71.7000
v -5.0750 5.0100 71.7000
v -5.0750 5.1100 71.7000
v -5.7250 5.1100 71.7000
v -5.7250 5.0100 71.8000
v -5.0750 5.0100 71.8000
v -5.0750 5.1100 71.8000
v -5.7250 5.1100 71.8000
v -6.3250 3.3550 69.2500
v -5.6750 3.3550 69.2500
v -5.6750 3.8050 69.2500
v -6.3250 3.8050 69.2500
v -6.3250 3.3550 71.7500
v -5.6750 3.3550 71.7500
v -5.6750 3.8050 71.7500
v -6.3250 3.8050 71.7500
v -6.3250 4.5300 71.7000
v -5.6750 4.5300 71.7000
v -5.6750 4.6300 71.7000
v -6.3250 4.6300 71.7000
v -6.3250 4.5300 71.8000
v -5.6750 4.5300 71.8000
v -5.6750 4.6300 71.8000
v -6.3250 4.6300 71.8000
v -6.9250 2.8750 69.2500
v -6.2750 2.8750 69.2500
v -6.2750 3.3250 69.2500
v -6.9250 3.3250 69.2500
v -6.9250 2.8750 71.7500
v -6.2750 2.8750 71.7500
v -6.2750 3.3250 71.7500
v -6.9250 3.3250 71.7500
v -6.9250 4.0500 71.7000
v -6.2750 4.0500 71.7000
v -6.2750 4.1500 71.7000
v -6.9250 4.1500 71.7000
v -6.9250 4.0500 71.8000
v -6.2750 4.0500 71.8000
v -6.2750 4.1500 71.8000
v -6.9250 4.1500 71.8000
v -7.5250 2.3950 69.2500
v -6.8750 2.3950 69.2500
v -6.8750 2.8450 69.2500
v -7.5250 2.8450 69.2500
v -7.5250 2.3950 71.7500
v -6.8750 2.3950 71.7500
v -6.8750 2.8450 71.7500
v -7.5250 2.8450 71.7500
v -7.5250 3.5700 71.7000
v -6.8750 3.5700 71.7000
v -6.8750 3.6700 71.7000
v -7.5250 3.6700 71.7000
v -7.5250 3.5700 71.8000
v -6.8750 3.5700 71.8000
v -6.8750 3.6700 71.8000
v -7.5250 3.6700 71.8000
v -8.1250 1.9150 69.2500
v -7.4750 1.9150 69.2500
v -7.4750 2.3650 69.2500
v -8.1250 2.3650 69.2500
v -8.1250 1.9150 71.7500
v -7.4750 1.9150 71.7500
v -7.4750 2.3650 71.7500
v -8.1250 2.3650 71.7500
v -8.1250 3.0900 71.7000
v -7.4750 3.0900 71.7000
v -7.4750 3.1900 71.7000
v -8.1250 3.1900 71.7000
v -8.1250 3.0900 71.8000
v -7.4750 3.0900 71.8000
v -7.4750 3.1900 71.8000
v -8.1250 3.1900 71.8000
v -8.7250 1.4350 69.2500
v -8.0750 1.4350 69.2500
v -8.0750 1.8850 69.2500
v -8.7250 1.8850 69.2500
v -8.7250 1.4350 71.7500
v -8.0750 1.4350 71.7500
v -8.0750 1.8850 71.7500
v -8.7250 1.8850 71.7500
v -8.7250 2.6100 71.7000
v -8.0750 2.6100 71.7000
v -8.0750 2.7100 71.7000
v -8.7250 2.7100 71.7000
v -8.7250 2.6100 71.8000
v -8.0750 2.6100 71.8000
v -8.0750 2.7100 71.8000
v -8.7250 2.7100 71.8000
v -9.3250 0.9550 69.2500
v -8.6750 0.9550 69.2500
v -8.6750 1.4050 69.2500
v -9.3250 1.4050 69.2500
v -9.3250 0.9550 71.7500
v -8.6750 0.9550 71.7500
v -8.6750 1.4050 71.7500
v -9.3250 1.4050 71.7500
v -9.3250 2.1300 71.7000
v -8.6750 2.1300 71.7000
v -8.6750 2.2300 71.7000
v -9.3250 2.2300 71.7000
v -9.3250 2.1300 71.8000
v -8.6750 2.1300 71.8000
v -8.6750 2.2300 71.8000
v -9.3250 2.2300 71.8000
v -9.9250 0.4750 69.2500
v -9.2750 0.4750 69.2500
v -9.2750 0.9250 69.2500
v -9.9250 0.9250 69.2500
v -9.9250 0.4750 71.7500
v -9.2750 0.4750 71.7500
v -9.2750 0.9250 71.7500
v -9.9250 0.9250 71.7500
v -9.9250 1.6500 71.7000
v -9.2750 1.6500 71.7000
v -9.2750 1.7500 71.7000
v -9.9250 1.7500 71.7000
v -9.9250 1.6500 71.8000
v -9.2750 1.6500 71.8000
v -9.2750 1.7500 71.8000
v -9.9250 1.7500 71.8000
v 3.8750 4.7950 72.2500
v 4.5250 4.7950 72.2500
v 4.5250 5.2450 72.2500
v 3.8750 5.2450 72.2500
v 3.8750 4.7950 74.7500
v 4.5250 4.7950 74.7500
v 4.5250 5.2450 74.7500
v 3.8750 5.2450 74.7500
v 3.8750 5.9700 74.7000
v 4.5250 5.9700 74.7000
v 4.5250 6.0700 74.7000
v 3.8750 6.0700 74.7000
v 3.8750 5.9700 74.8000
v 4.5250 5.9700 74.8000
v 4.5250 6.0700 74.8000
v 3.8750 6.0700 74.8000
v 4.4750 4.3150 72.2500
v 5.1250 4.3150 72.2500
v 5.1250 4.7650 72.2500
v 4.4750 4.7650 72.2500
v 4.4750 4.3150 74.7500
v 5.1250 4.3150 74.7500
v 5.1250 4.7650 74.7500
v 4.4750 4.7650 74.7500
v 4.4750 5.4900 74.7000
v 5.1250 5.4900 74.7000
v 5.1250 5.5900 74.7000
v 4.4750 5.5900 74.7000
v 4.4750 5.4900 74.8000
v 5.1250 5.4900 74.8000
v 5.1250 5.5900 74.8000
v 4.4750 5.5900 74.8000
v 5.0750 3.8350 72.2500
v 5.7250 3.8350 72.2500
v 5.7250 4.2850 72.2500
v 5.0750 4.2850 72.2500
v 5.0750 3.8350 74.7500
v 5.7250 3.8350 74.7500
v 5.7250 4.2850 74.7500
v 5.0750 4.2850 74.7500
v 5.0750 5.0100 74.7000
v 5.7250 5.0100 74.7000
v 5.7250 5.1100 74.7000
v 5.0750 5.1100 74.7000
v 5.0750 5.0100 74.8000
v 5.7250 5.0100 74.8000
v 5.7250 5.1100 74.8000
v 5.0750 5.1100 74.8000
v 5.6750 3.3550 72.2500
v 6.3250 3.3550 72.2500
v 6.3250 3.8050 72.2500
v 5.6750 3.8050 72.2500
v 5.6750 3.3550 74.7500
v 6.3250 3.3550 74.7500
v 6.3250 3.8050 74.7500
v 5.6750 3.8050 74.7500
v 5.6750 4.5300 74.7000
v 6.3250 4.5300 74.7000
v 6.3250 4.6300 74.7000
v 5.6750 4.6300 74.7000
v 5.6750 4.5300 74.8000
v 6.3250 4.5300 74.8000
v 6.3250 4.6300 74.8000
v 5.6750 4.6300 74.8000
v 6.2750 2.8750 72.2500
v 6.9250 2.8750 72.2500
v 6.9250 3.3250 72.2500
v 6.2750 3.3250 72.2500
v 6.2750 2.8750 74.7500
v 6.9250 2.8750 74.7500
v 6.9250 3.3250 74.7500
v 6.2750 3.3250 74.7500
v 6.2750 4.0500 74.7000
v 6.9250 4.0500 74.7000
v 6.9250 4.1500 74.7000
v 6.2750 4.1500 74.7000
v 6.2750 4.0500 74.8000
v 6.9250 4.0500 74.8000
v 6.9250 4.1500 74.8000
v 6.2750 4.1500 74.8000
v 6.8750 2.3950 72.2500
v 7.5250 2.3950 72.2500
v 7.5250 2.8450 72.2500
v 6.8750 2.8450 72.2500
v 6.8750 2.3950 74.7500
v 7.5250 2.3950 74.7500
v 7.5250 2.8450 74.7500
v 6.8750 2.8450 74.7500
v 6.8750 3.5700 74.7000
v 7.5250 3.5700 74.7000
v 7.5250 3.6700 74.7000
v 6.8750 3.6700 74.7000
v 6.8750 3.5700 74.8000
v 7.5250 3.5700 74.8000
v 7.5250 3.6700 74.8000
v 6.8750 3.6700 74.8000
v 7.4750 1.9150 72.2500
v 8.1250 1.9150 72.2500
v 8.1250 2.3650 72.2500
v 7.4750 2.3650 72.2500
v 7.4750 1.9150 74.7500
v 8.1250 1.9150 74.7500
v 8.1250 2.3650 74.7500
v 7.4750 2.3650 74.7500
v 7.4750 3.0900 74.7000
v 8.1250 3.0900 74.7000
v 8.1250 3.1900 74.7000
v 7.4750 3.1900 74.7000
v 7.4750 3.0900 74.8000
v 8.1250 3.0900 74.8000
v 8.1250 3.1900 74.8000
v 7.4750 3.1900 74.8000
v 8.0750 1.4350 72.2500
v 8.7250 1.4350 72.2500
v 8.7250 1.8850 72.2500
v 8.0750 1.8850 72.2500
v 8.0750 1.4350 74.7500
v 8.7250 1.4350 74.7500
v 8.7250 1.8850 74.7500
v 8.0750 1.8850 74.7500
v 8.0750 2.6100 74.7000
v 8.7250 2.6100 74.7000
v 8.7250 2.7100 74.7000
v 8.0750 2.7100 74.7000
v 8.0750 2.6100 74.8000
v 8.7250 2.6100 74.8000
v 8.7250 2.7100 74.8000
v 8.0750 2.7100 74.8000
v 8.6750 0.9550 72.2500
v 9.3250 0.9550 72.2500
v 9.3250 1.4050 72.2500
v 8.6750 1.4050 72.2500
v 8.6750 0.9550 74.7500
v 9.3250 0.9550 74.7500
v 9.3250 1.4050 74.7500
v 8.6750 1.4050 74.7500
v 8.6750 2.1300 74.7000
v 9.3250 2.1300 74.7000
v 9.3250 2.2300 74.7000
v 8.6750 2.2300 74.7000
v 8.6750 2.1300 74.8000
v 9.3250 2.1300 74.8000
v 9.3250 2.2300 74.8000
v 8.6750 2.2300 74.8000
v 9.2750 0.4750 72.2500
v 9.9250 0.4750 72.2500
v 9.9250 0.9250 72.2500
v 9.2750 0.9250 72.2500
v 9.2750 0.4750 74.7500
v 9.9250 0.4750 74.7500
v 9.9250 0.9250 74.7500
v 9.2750 0.9250 74.7500
v 9.2750 1.6500 74.7000
v 9.9250 1.6500 74.7000
v 9.9250 1.7500 74.7000
v 9.2750 1.7500 74.7000
v 9.2750 1.6500 74.8000
v 9.9250 1.6500 74.8000
v 9.9250 1.7500 74.8000
v 9.2750 1.7500 74.8000
v -80.0000 0.0000 -2.5000
v -50.0000 0.0000 -2.5000
v -50.0000 0.2000 -2.5000
v -80.0000 0.2000 -2.5000
v -80.0000 0.0000 12.5000
v -50.0000 0.0000 12.5000
v -50.0000 0.2000 12.5000
v -80.0000 0.2000 12.5000
v -80.2000 0.0000 -2.5000
v -79.8000 0.0000 -2.5000
v -79.8000 6.0000 -2.5000
v -80.2000 6.0000 -2.5000
v -80.2000 0.0000 12.5000
v -79.8000 0.0000 12.5000
v -79.8000 6.0000 12.5000
v -80.2000 6.0000 12.5000
v -80.0000 5.8000 -2.5000
v -50.0000 5.8000 -2.5000
v -50.0000 6.2000 -2.5000
v -80.0000 6.2000 -2.5000
v -80.0000 5.8000 12.5000
v -50.0000 5.8000 12.5000
v -50.0000 6.2000 12.5000
v -80.0000 6.2000 12.5000
v -79.0000 0.0000 -1.7500
v -75.0000 0.0000 -1.7500
v -75.0000 2.0000 -1.7500
v -79.0000 2.0000 -1.7500
v -79.0000 0.0000 -0.2500
v -75.0000 0.0000 -0.2500
v -75.0000 2.0000 -0.2500
v -79.0000 2.0000 -0.2500
v -78.9000 2.0000 -1.0500
v -75.1000 2.0000 -1.0500
v -75.1000 3.6000 -1.0500
v -78.9000 3.6000 -1.0500
v -78.9000 2.0000 -0.9500
v -75.1000 2.0000 -0.9500
v -75.1000 3.6000 -0.9500
v -78.9000 3.6000 -0.9500
v -77.5000 2.0000 -1.0500
v -76.5000 2.0000 -1.0500
v -76.5000 2.2000 -1.0500
v -77.5000 2.2000 -1.0500
v -77.5000 2.0000 -0.9500
v -76.5000 2.0000 -0.9500
v -76.5000 2.2000 -0.9500
v -77.5000 2.2000 -0.9500
v -78.9000 3.7000 -1.1000
v -75.1000 3.7000 -1.1000
v -75.1000 4.7000 -1.1000
v -78.9000 4.7000 -1.1000
v -78.9000 3.7000 -0.9000
v -75.1000 3.7000 -0.9000
v -75.1000 4.7000 -0.9000
v -78.9000 4.7000 -0.9000
v -74.0000 0.0000 -1.7500
v -70.0000 0.0000 -1.7500
v -70.0000 2.0000 -1.7500
v -74.0000 2.0000 -1.7500
v -74.0000 0.0000 -0.2500
v -70.0000 0.0000 -0.2500
v -70.0000 2.0000 -0.2500
v -74.0000 2.0000 -0.2500
v -73.9000 2.0000 -1.0500
v -70.1000 2.0000 -1.0500
v -70.1000 3.6000 -1.0500
v -73.9000 3.6000 -1.0500
v -73.9000 2.0000 -0.9500
v -70.1000 2.0000 -0.9500
v -70.1000 3.6000 -0.9500
v -73.9000 3.6000 -0.9500
v -72.5000 2.0000 -1.0500
v -71.5000 2.0000 -1.0500
v -71.5000 2.2000 -1.0500
v -72.5000 2.2000 -1.0500
v -72.5000 2.0000 -0.9500
v -71.5000 2.0000 -0.9500
v -71.5000 2.2000 -0.9500
v -72.5000 2.2000 -0.9500
v -73.9000 3.7000 -1.1000
v -70.1000 3.7000 -1.1000
v -70.1000 4.7000 -1.1000
v -73.9000 4.7000 -1.1000
v -73.9000 3.7000 -0.9000
v -70.1000 3.7000 -0.9000
v -70.1000 4.7000 -0.9000
v -73.9000 4.7000 -0.9000
v -69.0000 0.0000 -1.7500
v -65.0000 0.0000 -1.7500
v -65.0000 2.0000 -1.7500
v -69.0000 2.0000 -1.7500
v -69.0000 0.0000 -0.2500
v -65.0000 0.0000 -0.2500
v -65.0000 2.0000 -0.2500
v -69.0000 2.0000 -0.2500
v -68.9000 2.0000 -1.0500
v -65.1000 2.0000 -1.0500
v -65.1000 3.6000 -1.0500
v -68.9000 3.6000 -1.0500
v -68.9000 2.0000 -0.9500
v -65.1000 2.0000 -0.9500
v -65.1000 3.6000 -0.9500
v -68.9000 3.6000 -0.9500
v -67.5000 2.0000 -1.0500
v -66.5000 2.0000 -1.0500
v -66.5000 2.2000 -1.0500
v -67.5000 2.2000 -1.0500
v -67.5000 2.0000 -0.9500
v -66.5000 2.0000 -0.9500
v -66.5000 2.2000 -0.9500
v -67.5000 2.2000 -0.9500
v -68.9000 3.7000 -1.1000
v -65.1000 3.7000 -1.1000
v -65.1000 4.7000 -1.1000
v -68.9000 4.7000 -1.1000
v -68.9000 3.7000 -0.9000
v -65.1000 3.7000 -0.9000
v -65.1000 4.7000 -0.9000
v -68.9000 4.7000 -0.9000
v -64.0000 0.0000 -1.7500
v -60.0000 0.0000 -1.7500
v -60.0000 2.0000 -1.7500
v -64.0000 2.0000 -1.7500
v -64.0000 0.0000 -0.2500
v -60.0000 0.0000 -0.2500
v -60.0000 2.0000 -0.2500
v -64.0000 2.0000 -0.2500
v -63.9000 2.0000 -1.0500
v -60.1000 2.0000 -1.0500
v -60.1000 3.6000 -1.0500
v -63.9000 3.6000 -1.0500
v -63.9000 2.0000 -0.9500
v -60.1000 2.0000 -0.9500
v -60.1000 3.6000 -0.9500
v -63.9000 3.6000 -0.9500
v -62.5000 2.0000 -1.0500
v -61.5000 2.0000 -1.0500
v -61.5000 2.2000 -1.0500
v -62.5000 2.2000 -1.0500
v -62.5000 2.0000 -0.9500
v -61.5000 2.0000 -0.9500
v -61.5000 2.2000 -0.9500
v -62.5000 2.2000 -0.9500
v -63.9000 3.7000 -1.1000
v -60.1000 3.7000 -1.1000
v -60.1000 4.7000 -1.1000
v -63.9000 4.7000 -1.1000
v -63.9000 3.7000 -0.9000
v -60.1000 3.7000 -0.9000
v -60.1000 4.7000 -0.9000
v -63.9000 4.7000 -0.9000
v -59.0000 0.0000 -1.7500
v -55.0000 0.0000 -1.7500
v -55.0000 2.0000 -1.7500
v -59.0000 2.0000 -1.7500
v -59.0000 0.0000 -0.2500
v -55.0000 0.0000 -0.2500
v -55.0000 2.0000 -0.2500
v -59.0000 2.0000 -0.2500
v -58.9000 2.0000 -1.0500
v -55.1000 2.0000 -1.0500
v -55.1000 3.6000 -1.0500
v -58.9000 3.6000 -1.0500
v -58.9000 2.0000 -0.9500
v -55.1000 2.0000 -0.9500
v -55.1000 3.6000 -0.9500
v -58.9000 3.6000 -0.9500
v -57.5000 2.0000 -1.0500
v -56.5000 2.0000 -1.0500
v -56.5000 2.2000 -1.0500
v -57.5000 2.2000 -1.0500
v -57.5000 2.0000 -0.9500
v -56.5000 2.0000 -0.9500
v -56.5000 2.2000 -0.9500
v -57.5000 2.2000 -0.9500
v -58.9000 3.7000 -1.1000
v -55.1000 3.7000 -1.1000
v -55.1000 4.7000 -1.1000
v -58.9000 4.7000 -1.1000
v -58.9000 3.7000 -0.9000
v -55.1000 3.7000 -0.9000
v -55.1000 4.7000 -0.9000
v -58.9000 4.7000 -0.9000
v -54.0000 0.0000 -1.7500
v -50.0000 0.0000 -1.7500
v -50.0000 2.0000 -1.7500
v -54.0000 2.0000 -1.7500
v -54.0000 0.0000 -0.2500
v -50.0000 0.0000 -0.2500
v -50.0000 2.0000 -0.2500
v -54.0000 2.0000 -0.2500
v -53.9000 2.0000 -1.0500
v -50.1000 2.0000 -1.0500
v -50.1000 3.6000 -1.0500
v -53.9000 3.6000 -1.0500
v -53.9000 2.0000 -0.9500
v -50.1000 2.0000 -0.9500
v -50.1000 3.6000 -0.9500
v -53.9000 3.6000 -0.9500
v -52.5000 2.0000 -1.0500
v -51.5000 2.0000 -1.0500
v -51.5000 2.2000 -1.0500
v -52.5000 2.2000 -1.0500
v -52.5000 2.0000 -0.9500
v -51.5000 2.0000 -0.9500
v -51.5000 2.2000 -0.9500
v -52.5000 2.2000 -0.9500
v -53.9000 3.7000 -1.1000
v -50.1000 3.7000 -1.1000
v -50.1000 4.7000 -1.1000
v -53.9000 4.7000 -1.1000
v -53.9000 3.7000 -0.9000
v -50.1000 3.7000 -0.9000
v -50.1000 4.7000 -0.9000
v -53.9000 4.7000 -0.9000
v -78.1200 0.1000 0.5000
v -78.1200 1.1000 0.5000
v -78.1600 0.1000 0.5693
v -78.1600 1.1000 0.5693
v -78.2400 0.1000 0.5693
v -78.2400 1.1000 0.5693
v -78.2800 0.1000 0.5000
v -78.2800 1.1000 0.5000
v -78.2400 0.1000 0.4307
v -78.2400 1.1000 0.4307
v -78.1600 0.1000 0.4307
v -78.1600 1.1000 0.4307
v -75.7200 0.1000 0.5000
v -75.7200 1.1000 0.5000
v -75.7600 0.1000 0.5693
v -75.7600 1.1000 0.5693
v -75.8400 0.1000 0.5693
v -75.8400 1.1000 0.5693
v -75.8800 0.1000 0.5000
v -75.8800 1.1000 0.5000
v -75.8400 0.1000 0.4307
v -75.8400 1.1000 0.4307
v -75.7600 0.1000 0.4307
v -75.7600 1.1000 0.4307
v -78.2000 0.8600 0.4750
v -75.8000 0.8600 0.4750
v -75.8000 0.9400 0.4750
v -78.2000 0.9400 0.4750
v -78.2000 0.8600 0.5250
v -75.8000 0.8600 0.5250
v -75.8000 0.9400 0.5250
v -78.2000 0.9400 0.5250
v -78.1200 0.1000 2.5000
v -78.1200 1.1000 2.5000
v -78.1600 0.1000 2.5693
v -78.1600 1.1000 2.5693
v -78.2400 0.1000 2.5693
v -78.2400 1.1000 2.5693
v -78.2800 0.1000 2.5000
v -78.2800 1.1000 2.5000
v -78.2400 0.1000 2.4307
v -78.2400 1.1000 2.4307
v -78.1600 0.1000 2.4307
v -78.1600 1.1000 2.4307
v -75.7200 0.1000 2.5000
v -75.7200 1.1000 2.5000
v -75.7600 0.1000 2.5693
v -75.7600 1.1000 2.5693
v -75.8400 0.1000 2.5693
v -75.8400 1.1000 2.5693
v -75.8800 0.1000 2.5000
v -75.8800 1.1000 2.5000
v -75.8400 0.1000 2.4307
v -75.8400 1.1000 2.4307
v -75.7600 0.1000 2.4307
v -75.7600 1.1000 2.4307
v -78.2000 0.8600 2.4750
v -75.8000 0.8600 2.4750
v -75.8000 0.9400 2.4750
v -78.2000 0.9400 2.4750
v -78.2000 0.8600 2.5250
v -75.8000 0.8600 2.5250
v -75.8000 0.9400 2.5250
v -78.2000 0.9400 2.5250
v -78.1200 0.1000 4.5000
v -78.1200 1.1000 4.5000
v -78.1600 0.1000 4.5693
v -78.1600 1.1000 4.5693
v -78.2400 0.1000 4.5693
v -78.2400 1.1000 4.5693
v -78.2800 0.1000 4.5000
v -78.2800 1.1000 4.5000
v -78.2400 0.1000 4.4307
v -78.2400 1.1000 4.4307
v -78.1600 0.1000 4.4307
v -78.1600 1.1000 4.4307
v -75.7200 0.1000 4.5000
v -75.7200 1.1000 4.5000
v -75.7600 0.1000 4.5693
v -75.7600 1.1000 4.5693
v -75.8400 0.1000 4.5693
v -75.8400 1.1000 4.5693
v -75.8800 0.1000 4.5000
v -75.8800 1.1000 4.5000
v -75.8400 0.1000 4.4307
v -75.8400 1.1000 4.4307
v -75.7600 0.1000 4.4307
v -75.7600 1.1000 4.4307
v -78.2000 0.8600 4.4750
v -75.8000 0.8600 4.4750
v -75.8000 0.9400 4.4750
v -78.2000 0.9400 4.4750
v -78.2000 0.8600 4.5250
v -75.8000 0.8600 4.5250
v -75.8000 0.9400 4.5250
v -78.2000 0.9400 4.5250
v -73.1200 0.1000 0.5000
v -73.1200 1.1000 0.5000
v -73.1600 0.1000 0.5693
v -73.1600 1.1000 0.5693
v -73.2400 0.1000 0.5693
v -73.2400 1.1000 0.5693
v -73.2800 0.1000 0.5000
v -73.2800 1.1000 0.5000
v -73.2400 0.1000 0.4307
v -73.2400 1.1000 0.4307
v -73.1600 0.1000 0.4307
v -73.1600 1.1000 0.4307
v -70.7200 0.1000 0.5000
v -70.7200 1.1000 0.5000
v -70.7600 0.1000 0.5693
v -70.7600 1.1000 0.5693
v -70.8400 0.1000 0.5693
v -70.8400 1.1000 0.5693
v -70.8800 0.1000 0.5000
v -70.8800 1.1000 0.5000
v -70.8400 0.1000 0.4307
v -70.8400 1.1000 0.4307
v -70.7600 0.1000 0.4307
v -70.7600 1.1000 0.4307
v -73.2000 0.8600 0.4750
v -70.8000 0.8600 0.4750
v -70.8000 0.9400 0.4750
v -73.2000 0.9400 0.4750
v -73.2000 0.8600 0.5250
v -70.8000 0.8600 0.5250
v -70.8000 0.9400 0.5250
v -73.2000 0.9400 0.5250
v -73.1200 0.1000 2.5000
v -73.1200 1.1000 2.5000
v -73.1600 0.1000 2.5693
v -73.1600 1.1000 2.5693
v -73.2400 0.1000 2.5693
v -73.2400 1.1000 2.5693
v -73.2800 0.1000 2.5000
v -73.2800 1.1000 2.5000
v -73.2400 0.1000 2.4307
v -73.2400 1.1000 2.4307
v -73.1600 0.1000 2.4307
v -73.1600 1.1000 2.4307
v -70.7200 0.1000 2.5000
v -70.7200 1.1000 2.5000
v -70.7600 0.1000 2.5693
v -70.7600 1.1000 2.5693
v -70.8400 0.1000 2.5693
v -70.8400 1.1000 2.5693
v -70.8800 0.1000 2.5000
v -70.8800 1.1000 2.5000
v -70.8400 0.1000 2.4307
v -70.8400 1.1000 2.4307
v -70.7600 0.1000 2.4307
v -70.7600 1.1000 2.4307
v -73.2000 0.8600 2.4750
v -70.8000 0.8600 2.4750
v -70.8000 0.9400 2.4750
v -73.2000 0.9400 2.4750
v -73.2000 0.8600 2.5250
v -70.8000 0.8600 2.5250
v -70.8000 0.9400 2.5250
v -73.2000 0.9400 2.5250
v -73.1200 0.1000 4.5000
v -73.1200 1.1000 4.5000
v -73.1600 0.1000 4.5693
v -73.1600 1.1000 4.5693
v -73.2400 0.1000 4.5693
v -73.2400 1.1000 4.5693
v -73.2800 0.1000 4.5000
v -73.2800 1.1000 4.5000
v -73.2400 0.1000 4.4307
v -73.2400 1.1000 4.4307
v -73.1600 0.1000 4.4307
v -73.1600 1.1000 4.4307
v -70.7200 0.1000 4.5000
v -70.7200 1.1000 4.5000
v -70.7600 0.1000 4.5693
v -70.7600 1.1000 4.5693
v -70.8400 0.1000 4.5693
v -70.8400 1.1000 4.5693
v -70.8800 0.1000 4.5000
v -70.8800 1.1000 4.5000
v -70.8400 0.1000 4.4307
v -70.8400 1.1000 4.4307
v -70.7600 0.1000 4.4307
v -70.7600 1.1000 4.4307
v -73.2000 0.8600 4.4750
v -70.8000 0.8600 4.4750
v -70.8000 0.9400 4.4750
v -73.2000 0.9400 4.4750
v -73.2000 0.8600 4.5250
v -70.8000 0.8600 4.5250
v -70.8000 0.9400 4.5250
v -73.2000 0.9400 4.5250
v -68.1200 0.1000 0.5000
v -68.1200 1.1000 0.5000
v -68.1600 0.1000 0.5693
v -68.1600 1.1000 0.5693
v -68.2400 0.1000 0.5693
v -68.2400 1.1000 0.5693
v -68.2800 0.1000 0.5000
v -68.2800 1.1000 0.5000
v -68.2400 0.1000 0.4307
v -68.2400 1.1000 0.4307
v -68.1600 0.1000 0.4307
v -68.1600 1.1000 0.4307
v -65.7200 0.1000 0.5000
v -65.7200 1.1000 0.5000
v -65.7600 0.1000 0.5693
v -65.7600 1.1000 0.5693
v -65.8400 0.1000 0.5693
v -65.8400 1.1000 0.5693
v -65.8800 0.1000 0.5000
v -65.8800 1.1000 0.5000
v -65.8400 0.1000 0.4307
v -65.8400 1.1000 0.4307
v -65.7600 0.1000 0.4307
v -65.7600 1.1000 0.4307
v -68.2000 0.8600 0.4750
v -65.8000 0.8600 0.4750
v -65.8000 0.9400 0.4750
v -68.2000 0.9400 0.4750
v -68.2000 0.8600 0.5250
v -65.8000 0.8600 0.5250
v -65.8000 0.9400 0.5250
v -68.2000 0.9400 0.5250
v -68.1200 0.1000 2.5000
v -68.1200 1.1000 2.5000
v -68.1600 0.1000 2.5693
v -68.1600 1.1000 2.5693
v -68.2400 0.1000 2.5693
v -68.2400 1.1000 2.5693
v -68.2800 0.1000 2.5000
v -68.2800 1.1000 2.5000
v -68.2400 0.1000 2.4307
v -68.2400 1.1000 2.4307
v -68.1600 0.1000 2.4307
v -68.1600 1.1000 2.4307
v -65.7200 0.1000 2.5000
v -65.7200 1.1000 2.5000
v -65.7600 0.1000 2.5693
v -65.7600 1.1000 2.5693
v -65.8400 0.1000 2.5693
v -65.8400 1.1000 2.5693
v -65.8800 0.1000 2.5000
v -65.8800 1.1000 2.5000
v -65.8400 0.1000 2.4307
v -65.8400 1.1000 2.4307
v -65.7600 0.1000 2.4307
v -65.7600 1.1000 2.4307
v -68.2000 0.8600 2.4750
v -65.8000 0.8600 2.4750
v -65.8000 0.9400 2.4750
v -68.2000 0.9400 2.4750
v -68.2000 0.8600 2.5250
v -65.8000 0.8600 2.5250
v -65.8000 0.9400 2.5250
v -68.2000 0.9400 2.5250
v -68.1200 0.1000 4.5000
v -68.1200 1.1000 4.5000
v -68.1600 0.1000 4.5693
v -68.1600 1.1000 4.5693
v -68.2400 0.1000 4.5693
v -68.2400 1.1000 4.5693
v -68.2800 0.1000 4.5000
v -68.2800 1.1000 4.5000
v -68.2400 0.1000 4.4307
v -68.2400 1.1000 4.4307
v -68.1600 0.1000 4.4307
v -68.1600 1.1000 4.4307
v -65.7200 0.1000 4.5000
v -65.7200 1.1000 4.5000
v -65.7600 0.1000 4.5693
v -65.7600 1.1000 4.5693
v -65.8400 0.1000 4.5693
v -65.8400 1.1000 4.5693
v -65.8800 0.1000 4.5000
v -65.8800 1.1000 4.5000
v -65.8400 0.1000 4.4307
v -65.8400 1.1000 4.4307
v -65.7600 0.1000 4.4307
v -65.7600 1.1000 4.4307
v -68.2000 0.8600 4.4750
v -65.8000 0.8600 4.4750
v -65.8000 0.9400 4.4750
v -68.2000 0.9400 4.4750
v -68.2000 0.8600 4.5250
v -65.8000 0.8600 4.5250
v -65.8000 0.9400 4.5250
v -68.2000 0.9400 4.5250
v -63.1200 0.1000 0.5000
v -63.1200 1.1000 0.5000
v -63.1600 0.1000 0.5693
v -63.1600 1.1000 0.5693
v -63.2400 0.1000 0.5693
v -63.2400 1.1000 0.5693
v -63.2800 0.1000 0.5000
v -63.2800 1.1000 0.5000
v -63.2400 0.1000 0.4307
v -63.2400 1.1000 0.4307
v -63.1600 0.1000 0.4307
v -63.1600 1.1000 0.4307
v -60.7200 0.1000 0.5000
v -60.7200 1.1000 0.5000
v -60.7600 0.1000 0.5693
v -60.7600 1.1000 0.5693
v -60.8400 0.1000 0.5693
v -60.8400 1.1000 0.5693
v -60.8800 0.1000 0.5000
v -60.8800 1.1000 0.5000
v -60.8400 0.1000 0.4307
v -60.8400 1.1000 0.4307
v -60.7600 0.1000 0.4307
v -60.7600 1.1000 0.4307
v -63.2000 0.8600 0.4750
v -60.8000 0.8600 0.4750
v -60.8000 0.9400 0.4750
v -63.2000 0.9400 0.4750
v -63.2000 0.8600 0.5250
v -60.8000 0.8600 0.5250
v -60.8000 0.9400 0.5250
v -63.2000 0.9400 0.5250
v -63.1200 0.1000 2.5000
v -63.1200 1.1000 2.5000
v -63.1600 0.1000 2.5693
v -63.1600 1.1000 2.5693
v -63.2400 0.1000 2.5693
v -63.2400 1.1000 2.5693
v -63.2800 0.1000 2.5000
v -63.2800 1.1000 2.5000
v -63.2400 0.1000 2.4307
v -63.2400 1.1000 2.4307
v -63.1600 0.1000 2.4307
v -63.1600 1.1000 2.4307
v -60.7200 0.1000 2.5000
v -60.7200 1.1000 2.5000
v -60.7600 0.1000 2.5693
v -60.7600 1.1000 2.5693
v -60.8400 0.1000 2.5693
v -60.8400 1.1000 2.5693
v -60.8800 0.1000 2.5000
v -60.8800 1.1000 2.5000
v -60.8400 0.1000 2.4307
v -60.8400 1.1000 2.4307
v -60.7600 0.1000 2.4307
v -60.7600 1.1000 2.4307
v -63.2000 0.8600 2.4750
v -60.8000 0.8600 2.4750
v -60.8000 0.9400 2.4750
v -63.2000 0.9400 2.4750
v -63.2000 0.8600 2.5250
v -60.8000 0.8600 2.5250
v -60.8000 0.9400 2.5250
v -63.2000 0.9400 2.5250
v -63.1200 0.1000 4.5000
v -63.1200 1.1000 4.5000
v -63.1600 0.1000 4.5693
v -63.1600 1.1000 4.5693
v -63.2400 0.1000 4.5693
v -63.2400 1.1000 4.5693
v -63.2800 0.1000 4.5000
v -63.2800 1.1000 4.5000
v -63.2400 0.1000 4.4307
v -63.2400 1.1000 4.4307
v -63.1600 0.1000 4.4307
v -63.1600 1.1000 4.4307
v -60.7200 0.1000 4.5000
v -60.7200 1.1000 4.5000
v -60.7600 0.1000 4.5693
v -60.7600 1.1000 4.5693
v -60.8400 0.1000 4.5693
v -60.8400 1.1000 4.5693
v -60.8800 0.1000 4.5000
v -60.8800 1.1000 4.5000
v -60.8400 0.1000 4.4307
v -60.8400 1.1000 4.4307
v -60.7600 0.1000 4.4307
v -60.7600 1.1000 4.4307
v -63.2000 0.8600 4.4750
v -60.8000 0.8600 4.4750
v -60.8000 0.9400 4.4750
v -63.2000 0.9400 4.4750
v -63.2000 0.8600 4.5250
v -60.8000 0.8600 4.5250
v -60.8000 0.9400 4.5250
v -63.2000 0.9400 4.5250
v -58.1200 0.1000 0.5000
v -58.1200 1.1000 0.5000
v -58.1600 0.1000 0.5693
v -58.1600 1.1000 0.5693
v -58.2400 0.1000 0.5693
v -58.2400 1.1000 0.5693
v -58.2800 0.1000 0.5000
v -58.2800 1.1000 0.5000
v -58.2400 0.1000 0.4307
v -58.2400 1.1000 0.4307
v -58.1600 0.1000 0.4307
v -58.1600 1.1000 0.4307
v -55.7200 0.1000 0.5000
v -55.7200 1.1000 0.5000
v -55.7600 0.1000 0.5693
v -55.7600 1.1000 0.5693
v -55.8400 0.1000 0.5693
v -55.8400 1.1000 0.5693
v -55.8800 0.1000 0.5000
v -55.8800 1.1000 0.5000
v -55.8400 0.1000 0.4307
v -55.8400 1.1000 0.4307
v -55.7600 0.1000 0.4307
v -55.7600 1.1000 0.4307
v -58.2000 0.8600 0.4750
v -55.8000 0.8600 0.4750
v -55.8000 0.9400 0.4750
v -58.2000 0.9400 0.4750
v -58.2000 0.8600 0.5250
v -55.8000 0.8600 0.5250
v -55.8000 0.9400 0.5250
v -58.2000 0.9400 0.5250
v -58.1200 0.1000 2.5000
v -58.1200 1.1000 2.5000
v -58.1600 0.1000 2.5693
v -58.1600 1.1000 2.5693
v -58.2400 0.1000 2.5693
v -58.2400 1.1000 2.5693
v -58.2800 0.1000 2.5000
v -58.2800 1.1000 2.5000
v -58.2400 0.1000 2.4307
v -58.2400 1.1000 2.4307
v -58.1600 0.1000 2.4307
v -58.1600 1.1000 2.4307
v -55.7200 0.1000 2.5000
v -55.7200 1.1000 2.5000
v -55.7600 0.1000 2.5693
v -55.7600 1.1000 2.5693
v -55.8400 0.1000 2.5693
v -55.8400 1.1000 2.5693
v -55.8800 0.1000 2.5000
v -55.8800 1.1000 2.5000
v -55.8400 0.1000 2.4307
v -55.8400 1.1000 2.4307
v -55.7600 0.1000 2.4307
v -55.7600 1.1000 2.4307
v -58.2000 0.8600 2.4750
v -55.8000 0.8600 2.4750
v -55.8000 0.9400 2.4750
v -58.2000 0.9400 2.4750
v -58.2000 0.8600 2.5250
v -55.8000 0.8600 2.5250
v -55.8000 0.9400 2.5250
v -58.2000 0.9400 2.5250
v -58.1200 0.1000 4.5000
v -58.1200 1.1000 4.5000
v -58.1600 0.1000 4.5693
v -58.1600 1.1000 4.5693
v -58.2400 0.1000 4.5693
v -58.2400 1.1000 4.5693
v -58.2800 0.1000 4.5000
v -58.2800 1.1000 4.5000
v -58.2400 0.1000 4.4307
v -58.2400 1.1000 4.4307
v -58.1600 0.1000 4.4307
v -58.1600 1.1000 4.4307
v -55.7200 0.1000 4.5000
v -55.7200 1.1000 4.5000
v -55.7600 0.1000 4.5693
v -55.7600 1.1000 4.5693
v -55.8400 0.1000 4.5693
v -55.8400 1.1000 4.5693
v -55.8800 0.1000 4.5000
v -55.8800 1.1000 4.5000
v -55.8400 0.1000 4.4307
v -55.8400 1.1000 4.4307
v -55.7600 0.1000 4.4307
v -55.7600 1.1000 4.4307
v -58.2000 0.8600 4.4750
v -55.8000 0.8600 4.4750
v -55.8000 0.9400 4.4750
v -58.2000 0.9400 4.4750
v -58.2000 0.8600 4.5250
v -55.8000 0.8600 4.5250
v -55.8000 0.9400 4.5250
v -58.2000 0.9400 4.5250
v -53.1200 0.1000 0.5000
v -53.1200 1.1000 0.5000
v -53.1600 0.1000 0.5693
v -53.1600 1.1000 0.5693
v -53.2400 0.1000 0.5693
v -53.2400 1.1000 0.5693
v -53.2800 0.1000 0.5000
v -53.2800 1.1000 0.5000
v -53.2400 0.1000 0.4307
v -53.2400 1.1000 0.4307
v -53.1600 0.1000 0.4307
v -53.1600 1.1000 0.4307
v -50.7200 0.1000 0.5000
v -50.7200 1.1000 0.5000
v -50.7600 0.1000 0.5693
v -50.7600 1.1000 0.5693
v -50.8400 0.1000 0.5693
v -50.8400 1.1000 0.5693
v -50.8800 0.1000 0.5000
v -50.8800 1.1000 0.5000
v -50.8400 0.1000 0.4307
v -50.8400 1.1000 0.4307
v -50.7600 0.1000 0.4307
v -50.7600 1.1000 0.4307
v -53.2000 0.8600 0.4750
v -50.8000 0.8600 0.4750
v -50.8000 0.9400 0.4750
v -53.2000 0.9400 0.4750
v -53.2000 0.8600 0.5250
v -50.8000 0.8600 0.5250
v -50.8000 0.9400 0.5250
v -53.2000 0.9400 0.5250
v -53.1200 0.1000 2.5000
v -53.1200 1.1000 2.5000
v -53.1600 0.1000 2.5693
v -53.1600 1.1000 2.5693
v -53.2400 0.1000 2.5693
v -53.2400 1.1000 2.5693
v -53.2800 0.1000 2.5000
v -53.2800 1.1000 2.5000
v -53.2400 0.1000 2.4307
v -53.2400 1.1000 2.4307
v -53.1600 0.1000 2.4307
v -53.1600 1.1000 2.4307
v -50.7200 0.1000 2.5000
v -50.7200 1.1000 2.5000
v -50.7600 0.1000 2.5693
v -50.7600 1.1000 2.5693
v -50.8400 0.1000 2.5693
v -50.8400 1.1000 2.5693
v -50.8800 0.1000 2.5000
v -50.8800 1.1000 2.5000
v -50.8400 0.1000 2.4307
v -50.8400 1.1000 2.4307
v -50.7600 0.1000 2.4307
v -50.7600 1.1000 2.4307
v -53.2000 0.8600 2.4750
v -50.8000 0.8600 2.4750
v -50.8000 0.9400 2.4750
v -53.2000 0.9400 2.4750
v -53.2000 0.8600 2.5250
v -50.8000 0.8600 2.5250
v -50.8000 0.9400 2.5250
v -53.2000 0.9400 2.5250
v -53.1200 0.1000 4.5000
v -53.1200 1.1000 4.5000
v -53.1600 0.1000 4.5693
v -53.1600 1.1000 4.5693
v -53.2400 0.1000 4.5693
v -53.2400 1.1000 4.5693
v -53.2800 0.1000 4.5000
v -53.2800 1.1000 4.5000
v -53.2400 0.1000 4.4307
v -53.2400 1.1000 4.4307
v -53.1600 0.1000 4.4307
v -53.1600 1.1000 4.4307
v -50.7200 0.1000 4.5000
v -50.7200 1.1000 4.5000
v -50.7600 0.1000 4.5693
v -50.7600 1.1000 4.5693
v -50.8400 0.1000 4.5693
v -50.8400 1.1000 4.5693
v -50.8800 0.1000 4.5000
v -50.8800 1.1000 4.5000
v -50.8400 0.1000 4.4307
v -50.8400 1.1000 4.4307
v -50.7600 0.1000 4.4307
v -50.7600 1.1000 4.4307
v -53.2000 0.8600 4.4750
v -50.8000 0.8600 4.4750
v -50.8000 0.9400 4.4750
v -53.2000 0.9400 4.4750
v -53.2000 0.8600 4.5250
v -50.8000 0.8600 4.5250
v -50.8000 0.9400 4.5250
v -53.2000 0.9400 4.5250
v 50.0000 0.0000 -2.5000
v 80.0000 0.0000 -2.5000
v 80.0000 0.2000 -2.5000
v 50.0000 0.2000 -2.5000
v 50.0000 0.0000 12.5000
v 80.0000 0.0000 12.5000
v 80.0000 0.2000 12.5000
v 50.0000 0.2000 12.5000
v 79.8000 0.0000 -2.5000
v 80.2000 0.0000 -2.5000
v 80.2000 6.0000 -2.5000
v 79.8000 6.0000 -2.5000
v 79.8000 0.0000 12.5000
v 80.2000 0.0000 12.5000
v 80.2000 6.0000 12.5000
v 79.8000 6.0000 12.5000
v 50.0000 5.8000 -2.5000
v 80.0000 5.8000 -2.5000
v 80.0000 6.2000 -2.5000
v 50.0000 6.2000 -2.5000
v 50.0000 5.8000 12.5000
v 80.0000 5.8000 12.5000
v 80.0000 6.2000 12.5000
v 50.0000 6.2000 12.5000
v 52.0000 0.3500 -1.2000
v 58.0000 0.3500 -1.2000
v 58.0000 0.4500 -1.2000
v 52.0000 0.4500 -1.2000
v 52.0000 0.3500 -0.8000
v 58.0000 0.3500 -0.8000
v 58.0000 0.4500 -0.8000
v 52.0000 0.4500 -0.8000
v 52.1500 0.5000 -1.4000
v 53.3500 0.5000 -1.4000
v 53.3500 1.0000 -1.4000
v 52.1500 1.0000 -1.4000
v 52.1500 0.5000 -0.6000
v 53.3500 0.5000 -0.6000
v 53.3500 1.0000 -0.6000
v 52.1500 1.0000 -0.6000
v 52.1500 0.9500 -1.4000
v 53.3500 0.9500 -1.4000
v 53.3500 1.5500 -1.4000
v 52.1500 1.5500 -1.4000
v 52.1500 0.9500 -1.3000
v 53.3500 0.9500 -1.3000
v 53.3500 1.5500 -1.3000
v 52.1500 1.5500 -1.3000
v 53.6500 0.5000 -1.4000
v 54.8500 0.5000 -1.4000
v 54.8500 1.0000 -1.4000
v 53.6500 1.0000 -1.4000
v 53.6500 0.5000 -0.6000
v 54.8500 0.5000 -0.6000
v 54.8500 1.0000 -0.6000
v 53.6500 1.0000 -0.6000
v 53.6500 0.9500 -1.4000
v 54.8500 0.9500 -1.4000
v 54.8500 1.5500 -1.4000
v 53.6500 1.5500 -1.4000
v 53.6500 0.9500 -1.3000
v 54.8500 0.9500 -1.3000
v 54.8500 1.5500 -1.3000
v 53.6500 1.5500 -1.3000
v 55.1500 0.5000 -1.4000
v 56.3500 0.5000 -1.4000
v 56.3500 1.0000 -1.4000
v 55.1500 1.0000 -1.4000
v 55.1500 0.5000 -0.6000
v 56.3500 0.5000 -0.6000
v 56.3500 1.0000 -0.6000
v 55.1500 1.0000 -0.6000
v 55.1500 0.9500 -1.4000
v 56.3500 0.9500 -1.4000
v 56.3500 1.5500 -1.4000
v 55.1500 1.5500 -1.4000
v 55.1500 0.9500 -1.3000
v 56.3500 0.9500 -1.3000
v 56.3500 1.5500 -1.3000
v 55.1500 1.5500 -1.3000
v 56.6500 0.5000 -1.4000
v 57.8500 0.5000 -1.4000
v 57.8500 1.0000 -1.4000
v 56.6500 1.0000 -1.4000
v 56.6500 0.5000 -0.6000
v 57.8500 0.5000 -0.6000
v 57.8500 1.0000 -0.6000
v 56.6500 1.0000 -0.6000
v 56.6500 0.9500 -1.4000
v 57.8500 0.9500 -1.4000
v 57.8500 1.5500 -1.4000
v 56.6500 1.5500 -1.4000
v 56.6500 0.9500 -1.3000
v 57.8500 0.9500 -1.3000
v 57.8500 1.5500 -1.3000
v 56.6500 1.5500 -1.3000
v 52.0000 0.3500 3.8000
v 58.0000 0.3500 3.8000
v 58.0000 0.4500 3.8000
v 52.0000 0.4500 3.8000
v 52.0000 0.3500 4.2000
v 58.0000 0.3500 4.2000
v 58.0000 0.4500 4.2000
v 52.0000 0.4500 4.2000
v 52.1500 0.5000 3.6000
v 53.3500 0.5000 3.6000
v 53.3500 1.0000 3.6000
v 52.1500 1.0000 3.6000
v 52.1500 0.5000 4.4000
v 53.3500 0.5000 4.4000
v 53.3500 1.0000 4.4000
v 52.1500 1.0000 4.4000
v 52.1500 0.9500 3.6000
v 53.3500 0.9500 3.6000
v 53.3500 1.5500 3.6000
v 52.1500 1.5500 3.6000
v 52.1500 0.9500 3.7000
v 53.3500 0.9500 3.7000
v 53.3500 1.5500 3.7000
v 52.1500 1.5500 3.7000
v 53.6500 0.5000 3.6000
v 54.8500 0.5000 3.6000
v 54.8500 1.0000 3.6000
v 53.6500 1.0000 3.6000
v 53.6500 0.5000 4.4000
v 54.8500 0.5000 4.4000
v 54.8500 1.0000 4.4000
v 53.6500 1.0000 4.4000
v 53.6500 0.9500 3.6000
v 54.8500 0.9500 3.6000
v 54.8500 1.5500 3.6000
v 53.6500 1.5500 3.6000
v 53.6500 0.9500 3.7000
v 54.8500 0.9500 3.7000
v 54.8500 1.5500 3.7000
v 53.6500 1.5500 3.7000
v 55.1500 0.5000 3.6000
v 56.3500 0.5000 3.6000
v 56.3500 1.0000 3.6000
v 55.1500 1.0000 3.6000
v 55.1500 0.5000 4.4000
v 56.3500 0.5000 4.4000
v 56.3500 1.0000 4.4000
v 55.1500 1.0000 4.4000
v 55.1500 0.9500 3.6000
v 56.3500 0.9500 3.6000
v 56.3500 1.5500 3.6000
v 55.1500 1.5500 3.6000
v 55.1500 0.9500 3.7000
v 56.3500 0.9500 3.7000
v 56.3500 1.5500 3.7000
v 55.1500 1.5500 3.7000
v 56.6500 0.5000 3.6000
v 57.8500 0.5000 3.6000
v 57.8500 1.0000 3.6000
v 56.6500 1.0000 3.6000
v 56.6500 0.5000 4.4000
v 57.8500 0.5000 4.4000
v 57.8500 1.0000 4.4000
v 56.6500 1.0000 4.4000
v 56.6500 0.9500 3.6000
v 57.8500 0.9500 3.6000
v 57.8500 1.5500 3.6000
v 56.6500 1.5500 3.6000
v 56.6500 0.9500 3.7000
v 57.8500 0.9500 3.7000
v 57.8500 1.5500 3.7000
v 56.6500 1.5500 3.7000
v 52.0000 0.3500 8.8000
v 58.0000 0.3500 8.8000
v 58.0000 0.4500 8.8000
v 52.0000 0.4500 8.8000
v 52.0000 0.3500 9.2000
v 58.0000 0.3500 9.2000
v 58.0000 0.4500 9.2000
v 52.0000 0.4500 9.2000
v 52.1500 0.5000 8.6000
v 53.3500 0.5000 8.6000
v 53.3500 1.0000 8.6000
v 52.1500 1.0000 8.6000
v 52.1500 0.5000 9.4000
v 53.3500 0.5000 9.4000
v 53.3500 1.0000 9.4000
v 52.1500 1.0000 9.4000
v 52.1500 0.9500 8.6000
v 53.3500 0.9500 8.6000
v 53.3500 1.5500 8.6000
v 52.1500 1.5500 8.6000
v 52.1500 0.9500 8.7000
v 53.3500 0.9500 8.7000
v 53.3500 1.5500 8.7000
v 52.1500 1.5500 8.7000
v 53.6500 0.5000 8.6000
v 54.8500 0.5000 8.6000
v 54.8500 1.0000 8.6000
v 53.6500 1.0000 8.6000
v 53.6500 0.5000 9.4000
v 54.8500 0.5000 9.4000
v 54.8500 1.0000 9.4000
v 53.6500 1.0000 9.4000
v 53.6500 0.9500 8.6000
v 54.8500 0.9500 8.6000
v 54.8500 1.5500 8.6000
v 53.6500 1.5500 8.6000
v 53.6500 0.9500 8.7000
v 54.8500 0.9500 8.7000
v 54.8500 1.5500 8.7000
v 53.6500 1.5500 8.7000
v 55.1500 0.5000 8.6000
v 56.3500 0.5000 8.6000
v 56.3500 1.0000 8.6000
v 55.1500 1.0000 8.6000
v 55.1500 0.5000 9.4000
v 56.3500 0.5000 9.4000
v 56.3500 1.0000 9.4000
v 55.1500 1.0000 9.4000
v 55.1500 0.9500 8.6000
v 56.3500 0.9500 8.6000
v 56.3500 1.5500 8.6000
v 55.1500 1.5500 8.6000
v 55.1500 0.9500 8.7000
v 56.3500 0.9500 8.7000
v 56.3500 1.5500 8.7000
v 55.1500 1.5500 8.7000
v 56.6500 0.5000 8.6000
v 57.8500 0.5000 8.6000
v 57.8500 1.0000 8.6000
v 56.6500 1.0000 8.6000
v 56.6500 0.5000 9.4000
v 57.8500 0.5000 9.4000
v 57.8500 1.0000 9.4000
v 56.6500 1.0000 9.4000
v 56.6500 0.9500 8.6000
v 57.8500 0.9500 8.6000
v 57.8500 1.5500 8.6000
v 56.6500 1.5500 8.6000
v 56.6500 0.9500 8.7000
v 57.8500 0.9500 8.7000
v 57.8500 1.5500 8.7000
v 56.6500 1.5500 8.7000
v 60.0000 0.3500 -1.2000
v 66.0000 0.3500 -1.2000
v 66.0000 0.4500 -1.2000
v 60.0000 0.4500 -1.2000
v 60.0000 0.3500 -0.8000
v 66.0000 0.3500 -0.8000
v 66.0000 0.4500 -0.8000
v 60.0000 0.4500 -0.8000
v 60.1500 0.5000 -1.4000
v 61.3500 0.5000 -1.4000
v 61.3500 1.0000 -1.4000
v 60.1500 1.0000 -1.4000
v 60.1500 0.5000 -0.6000
v 61.3500 0.5000 -0.6000
v 61.3500 1.0000 -0.6000
v 60.1500 1.0000 -0.6000
v 60.1500 0.9500 -1.4000
v 61.3500 0.9500 -1.4000
v 61.3500 1.5500 -1.4000
v 60.1500 1.5500 -1.4000
v 60.1500 0.9500 -1.3000
v 61.3500 0.9500 -1.3000
v 61.3500 1.5500 -1.3000
v 60.1500 1.5500 -1.3000
v 61.6500 0.5000 -1.4000
v 62.8500 0.5000 -1.4000
v 62.8500 1.0000 -1.4000
v 61.6500 1.0000 -1.4000
v 61.6500 0.5000 -0.6000
v 62.8500 0.5000 -0.6000
v 62.8500 1.0000 -0.6000
v 61.6500 1.0000 -0.6000
v 61.6500 0.9500 -1.4000
v 62.8500 0.9500 -1.4000
v 62.8500 1.5500 -1.4000
v 61.6500 1.5500 -1.4000
v 61.6500 0.9500 -1.3000
v 62.8500 0.9500 -1.3000
v 62.8500 1.5500 -1.3000
v 61.6500 1.5500 -1.3000
v 63.1500 0.5000 -1.4000
v 64.3500 0.5000 -1.4000
v 64.3500 1.0000 -1.4000
v 63.1500 1.0000 -1.4000
v 63.1500 0.5000 -0.6000
v 64.3500 0.5000 -0.6000
v 64.3500 1.0000 -0.6000
v 63.1500 1.0000 -0.6000
v 63.1500 0.9500 -1.4000
v 64.3500 0.9500 -1.4000
v 64.3500 1.5500 -1.4000
v 63.1500 1.5500 -1.4000
v 63.1500 0.9500 -1.3000
v 64.3500 0.9500 -1.3000
v 64.3500 1.5500 -1.3000
v 63.1500 1.5500 -1.3000
v 64.6500 0.5000 -1.4000
v 65.8500 0.5000 -1.4000
v 65.8500 1.0000 -1.4000
v 64.6500 1.0000 -1.4000
v 64.6500 0.5000 -0.6000
v 65.8500 0.5000 -0.6000
v 65.8500 1.0000 -0.6000
v 64.6500 1.0000 -0.6000
v 64.6500 0.9500 -1.4000
v 65.8500 0.9500 -1.4000
v 65.8500 1.5500 -1.4000
v 64.6500 1.5500 -1.4000
v 64.6500 0.9500 -1.3000
v 65.8500 0.9500 -1.3000
v 65.8500 1.5500 -1.3000
v 64.6500 1.5500 -1.3000
v 60.0000 0.3500 3.8000
v 66.0000 0.3500 3.8000
v 66.0000 0.4500 3.8000
v 60.0000 0.4500 3.8000
v 60.0000 0.3500 4.2000
v 66.0000 0.3500 4.2000
v 66.0000 0.4500 4.2000
v 60.0000 0.4500 4.2000
v 60.1500 0.5000 3.6000
v 61.3500 0.5000 3.6000
v 61.3500 1.0000 3.6000
v 60.1500 1.0000 3.6000
v 60.1500 0.5000 4.4000
v 61.3500 0.5000 4.4000
v 61.3500 1.0000 4.4000
v 60.1500 1.0000 4.4000
v 60.1500 0.9500 3.6000
v 61.3500 0.9500 3.6000
v 61.3500 1.5500 3.6000
v 60.1500 1.5500 3.6000
v 60.1500 0.9500 3.7000
v 61.3500 0.9500 3.7000
v 61.3500 1.5500 3.7000
v 60.1500 1.5500 3.7000
v 61.6500 0.5000 3.6000
v 62.8500 0.5000 3.6000
v 62.8500 1.0000 3.6000
v 61.6500 1.0000 3.6000
v 61.6500 0.5000 4.4000
v 62.8500 0.5000 4.4000
v 62.8500 1.0000 4.4000
v 61.6500 1.0000 4.4000
v 61.6500 0.9500 3.6000
v 62.8500 0.9500 3.6000
v 62.8500 1.5500 3.6000
v 61.6500 1.5500 3.6000
v 61.6500 0.9500 3.7000
v 62.8500 0.9500 3.7000
v 62.8500 1.5500 3.7000
v 61.6500 1.5500 3.7000
v 63.1500 0.5000 3.6000
v 64.3500 0.5000 3.6000
v 64.3500 1.0000 3.6000
v 63.1500 1.0000 3.6000
v 63.1500 0.5000 4.4000
v 64.3500 0.5000 4.4000
v 64.3500 1.0000 4.4000
v 63.1500 1.0000 4.4000
v 63.1500 0.9500 3.6000
v 64.3500 0.9500 3.6000
v 64.3500 1.5500 3.6000
v 63.1500 1.5500 3.6000
v 63.1500 0.9500 3.7000
v 64.3500 0.9500 3.7000
v 64.3500 1.5500 3.7000
v 63.1500 1.5500 3.7000
v 64.6500 0.5000 3.6000
v 65.8500 0.5000 3.6000
v 65.8500 1.0000 3.6000
v 64.6500 1.0000 3.6000
v 64.6500 0.5000 4.4000
v 65.8500 0.5000 4.4000
v 65.8500 1.0000 4.4000
v 64.6500 1.0000 4.4000
v 64.6500 0.9500 3.6000
v 65.8500 0.9500 3.6000
v 65.8500 1.5500 3.6000
v 64.6500 1.5500 3.6000
v 64.6500 0.9500 3.7000
v 65.8500 0.9500 3.7000
v 65.8500 1.5500 3.7000
v 64.6500 1.5500 3.7000
v 60.0000 0.3500 8.8000
v 66.0000 0.3500 8.8000
v 66.0000 0.4500 8.8000
v 60.0000 0.4500 8.8000
v 60.0000 0.3500 9.2000
v 66.0000 0.3500 9.2000
v 66.0000 0.4500 9.2000
v 60.0000 0.4500 9.2000
v 60.1500 0.5000 8.6000
v 61.3500 0.5000 8.6000
v 61.3500 1.0000 8.6000
v 60.1500 1.0000 8.6000
v 60.1500 0.5000 9.4000
v 61.3500 0.5000 9.4000
v 61.3500 1.0000 9.4000
v 60.1500 1.0000 9.4000
v 60.1500 0.9500 8.6000
v 61.3500 0.9500 8.6000
v 61.3500 1.5500 8.6000
v 60.1500 1.5500 8.6000
v 60.1500 0.9500 8.7000
v 61.3500 0.9500 8.7000
v 61.3500 1.5500 8.7000
v 60.1500 1.5500 8.7000
v 61.6500 0.5000 8.6000
v 62.8500 0.5000 8.6000
v 62.8500 1.0000 8.6000
v 61.6500 1.0000 8.6000
v 61.6500 0.5000 9.4000
v 62.8500 0.5000 9.4000
v 62.8500 1.0000 9.4000
v 61.6500 1.0000 9.4000
v 61.6500 0.9500 8.6000
v 62.8500 0.9500 8.6000
v 62.8500 1.5500 8.6000
v 61.6500 1.5500 8.6000
v 61.6500 0.9500 8.7000
v 62.8500 0.9500 8.7000
v 62.8500 1.5500 8.7000
v 61.6500 1.5500 8.7000
v 63.1500 0.5000 8.6000
v 64.3500 0.5000 8.6000
v 64.3500 1.0000 8.6000
v 63.1500 1.0000 8.6000
v 63.1500 0.5000 9.4000
v 64.3500 0.5000 9.4000
v 64.3500 1.0000 9.4000
v 63.1500 1.0000 9.4000
v 63.1500 0.9500 8.6000
v 64.3500 0.9500 8.6000
v 64.3500 1.5500 8.6000
v 63.1500 1.5500 8.6000
v 63.1500 0.9500 8.7000
v 64.3500 0.9500 8.7000
v 64.3500 1.5500 8.7000
v 63.1500 1.5500 8.7000
v 64.6500 0.5000 8.6000
v 65.8500 0.5000 8.6000
v 65.8500 1.0000 8.6000
v 64.6500 1.0000 8.6000
v 64.6500 0.5000 9.4000
v 65.8500 0.5000 9.4000
v 65.8500 1.0000 9.4000
v 64.6500 1.0000 9.4000
v 64.6500 0.9500 8.6000
v 65.8500 0.9500 8.6000
v 65.8500 1.5500 8.6000
v 64.6500 1.5500 8.6000
v 64.6500 0.9500 8.7000
v 65.8500 0.9500 8.7000
v 65.8500 1.5500 8.7000
v 64.6500 1.5500 8.7000
v 68.0000 0.3500 -1.2000
v 74.0000 0.3500 -1.2000
v 74.0000 0.4500 -1.2000
v 68.0000 0.4500 -1.2000
v 68.0000 0.3500 -0.8000
v 74.0000 0.3500 -0.8000
v 74.0000 0.4500 -0.8000
v 68.0000 0.4500 -0.8000
v 68.1500 0.5000 -1.4000
v 69.3500 0.5000 -1.4000
v 69.3500 1.0000 -1.4000
v 68.1500 1.0000 -1.4000
v 68.1500 0.5000 -0.6000
v 69.3500 0.5000 -0.6000
v 69.3500 1.0000 -0.6000
v 68.1500 1.0000 -0.6000
v 68.1500 0.9500 -1.4000
v 69.3500 0.9500 -1.4000
v 69.3500 1.5500 -1.4000
v 68.1500 1.5500 -1.4000
v 68.1500 0.9500 -1.3000
v 69.3500 0.9500 -1.3000
v 69.3500 1.5500 -1.3000
v 68.1500 1.5500 -1.3000
v 69.6500 0.5000 -1.4000
v 70.8500 0.5000 -1.4000
v 70.8500 1.0000 -1.4000
v 69.6500 1.0000 -1.4000
v 69.6500 0.5000 -0.6000
v 70.8500 0.5000 -0.6000
v 70.8500 1.0000 -0.6000
v 69.6500 1.0000 -0.6000
v 69.6500 0.9500 -1.4000
v 70.8500 0.9500 -1.4000
v 70.8500 1.5500 -1.4000
v 69.6500 1.5500 -1.4000
v 69.6500 0.9500 -1.3000
v 70.8500 0.9500 -1.3000
v 70.8500 1.5500 -1.3000
v 69.6500 1.5500 -1.3000
v 71.1500 0.5000 -1.4000
v 72.3500 0.5000 -1.4000
v 72.3500 1.0000 -1.4000
v 71.1500 1.0000 -1.4000
v 71.1500 0.5000 -0.6000
v 72.3500 0.5000 -0.6000
v 72.3500 1.0000 -0.6000
v 71.1500 1.0000 -0.6000
v 71.1500 0.9500 -1.4000
v 72.3500 0.9500 -1.4000
v 72.3500 1.5500 -1.4000
v 71.1500 1.5500 -1.4000
v 71.1500 0.9500 -1.3000
v 72.3500 0.9500 -1.3000
v 72.3500 1.5500 -1.3000
v 71.1500 1.5500 -1.3000
v 72.6500 0.5000 -1.4000
v 73.8500 0.5000 -1.4000
v 73.8500 1.0000 -1.4000
v 72.6500 1.0000 -1.4000
v 72.6500 0.5000 -0.6000
v 73.8500 0.5000 -0.6000
v 73.8500 1.0000 -0.6000
v 72.6500 1.0000 -0.6000
v 72.6500 0.9500 -1.4000
v 73.8500 0.9500 -1.4000
v 73.8500 1.5500 -1.4000
v 72.6500 1.5500 -1.4000
v 72.6500 0.9500 -1.3000
v 73.8500 0.9500 -1.3000
v 73.8500 1.5500 -1.3000
v 72.6500 1.5500 -1.3000
v 68.0000 0.3500 3.8000
v 74.0000 0.3500 3.8000
v 74.0000 0.4500 3.8000
v 68.0000 0.4500 3.8000
v 68.0000 0.3500 4.2000
v 74.0000 0.3500 4.2000
v 74.0000 0.4500 4.2000
v 68.0000 0.4500 4.2000
v 68.1500 0.5000 3.6000
v 69.3500 0.5000 3.6000
v 69.3500 1.0000 3.6000
v 68.1500 1.0000 3.6000
v 68.1500 0.5000 4.4000
v 69.3500 0.5000 4.4000
v 69.3500 1.0000 4.4000
v 68.1500 1.0000 4.4000
v 68.1500 0.9500 3.6000
v 69.3500 0.9500 3.6000
v 69.3500 1.5500 3.6000
v 68.1500 1.5500 3.6000
v 68.1500 0.9500 3.7000
v 69.3500 0.9500 3.7000
v 69.3500 1.5500 3.7000
v 68.1500 1.5500 3.7000
v 69.6500 0.5000 3.6000
v 70.8500 0.5000 3.6000
v 70.8500 1.0000 3.6000
v 69.6500 1.0000 3.6000
v 69.6500 0.5000 4.4000
v 70.8500 0.5000 4.4000
v 70.8500 1.0000 4.4000
v 69.6500 1.0000 4.4000
v 69.6500 0.9500 3.6000
v 70.8500 0.9500 3.6000
v 70.8500 1.5500 3.6000
v 69.6500 1.5500 3.6000
v 69.6500 0.9500 3.7000
v 70.8500 0.9500 3.7000
v 70.8500 1.5500 3.7000
v 69.6500 1.5500 3.7000
v 71.1500 0.5000 3.6000
v 72.3500 0.5000 3.6000
v 72.3500 1.0000 3.6000
v 71.1500 1.0000 3.6000
v 71.1500 0.5000 4.4000
v 72.3500 0.5000 4.4000
v 72.3500 1.0000 4.4000
v 71.1500 1.0000 4.4000
v 71.1500 0.9500 3.6000
v 72.3500 0.9500 3.6000
v 72.3500 1.5500 3.6000
v 71.1500 1.5500 3.6000
v 71.1500 0.9500 3.7000
v 72.3500 0.9500 3.7000
v 72.3500 1.5500 3.7000
v 71.1500 1.5500 3.7000
v 72.6500 0.5000 3.6000
v 73.8500 0.5000 3.6000
v 73.8500 1.0000 3.6000
v 72.6500 1.0000 3.6000
v 72.6500 0.5000 4.4000
v 73.8500 0.5000 4.4000
v 73.8500 1.0000 4.4000
v 72.6500 1.0000 4.4000
v 72.6500 0.9500 3.6000
v 73.8500 0.9500 3.6000
v 73.8500 1.5500 3.6000
v 72.6500 1.5500 3.6000
v 72.6500 0.9500 3.7000
v 73.8500 0.9500 3.7000
v 73.8500 1.5500 3.7000
v 72.6500 1.5500 3.7000
v 68.0000 0.3500 8.8000
v 74.0000 0.3500 8.8000
v 74.0000 0.4500 8.8000
v 68.0000 0.4500 8.8000
v 68.0000 0.3500 9.2000
v 74.0000 0.3500 9.2000
v 74.0000 0.4500 9.2000
v 68.0000 0.4500 9.2000
v 68.1500 0.5000 8.6000
v 69.3500 0.5000 8.6000
v 69.3500 1.0000 8.6000
v 68.1500 1.0000 8.6000
v 68.1500 0.5000 9.4000
v 69.3500 0.5000 9.4000
v 69.3500 1.0000 9.4000
v 68.1500 1.0000 9.4000
v 68.1500 0.9500 8.6000
v 69.3500 0.9500 8.6000
v 69.3500 1.5500 8.6000
v 68.1500 1.5500 8.6000
v 68.1500 0.9500 8.7000
v 69.3500 0.9500 8.7000
v 69.3500 1.5500 8.7000
v 68.1500 1.5500 8.7000
v 69.6500 0.5000 8.6000
v 70.8500 0.5000 8.6000
v 70.8500 1.0000 8.6000
v 69.6500 1.0000 8.6000
v 69.6500 0.5000 9.4000
v 70.8500 0.5000 9.4000
v 70.8500 1.0000 9.4000
v 69.6500 1.0000 9.4000
v 69.6500 0.9500 8.6000
v 70.8500 0.9500 8.6000
v 70.8500 1.5500 8.6000
v 69.6500 1.5500 8.6000
v 69.6500 0.9500 8.7000
v 70.8500 0.9500 8.7000
v 70.8500 1.5500 8.7000
v 69.6500 1.5500 8.7000
v 71.1500 0.5000 8.6000
v 72.3500 0.5000 8.6000
v 72.3500 1.0000 8.6000
v 71.1500 1.0000 8.6000
v 71.1500 0.5000 9.4000
v 72.3500 0.5000 9.4000
v 72.3500 1.0000 9.4000
v 71.1500 1.0000 9.4000
v 71.1500 0.9500 8.6000
v 72.3500 0.9500 8.6000
v 72.3500 1.5500 8.6000
v 71.1500 1.5500 8.6000
v 71.1500 0.9500 8.7000
v 72.3500 0.9500 8.7000
v 72.3500 1.5500 8.7000
v 71.1500 1.5500 8.7000
v 72.6500 0.5000 8.6000
v 73.8500 0.5000 8.6000
v 73.8500 1.0000 8.6000
v 72.6500 1.0000 8.6000
v 72.6500 0.5000 9.4000
v 73.8500 0.5000 9.4000
v 73.8500 1.0000 9.4000
v 72.6500 1.0000 9.4000
v 72.6500 0.9500 8.6000
v 73.8500 0.9500 8.6000
v 73.8500 1.5500 8.6000
v 72.6500 1.5500 8.6000
v 72.6500 0.9500 8.7000
v 73.8500 0.9500 8.7000
v 73.8500 1.5500 8.7000
v 72.6500 1.5500 8.7000
v 61.0000 3.6000 4.8500
v 69.0000 3.6000 4.8500
v 69.0000 5.4000 4.8500
v 61.0000 5.4000 4.8500
v 61.0000 3.6000 5.1500
v 69.0000 3.6000 5.1500
v 69.0000 5.4000 5.1500
v 61.0000 5.4000 5.1500
v 51.5000 0.0000 9.5000
v 56.5000 0.0000 9.5000
v 56.5000 2.4000 9.5000
v 51.5000 2.4000 9.5000
v 51.5000 0.0000 11.5000
v 56.5000 0.0000 11.5000
v 56.5000 2.4000 11.5000
v 51.5000 2.4000 11.5000
v -60.0000 0.0000 -35.0000
v 60.0000 0.0000 -35.0000
v 60.0000 0.1000 -35.0000
v -60.0000 0.1000 -35.0000
v -60.0000 0.0000 -15.0000
v 60.0000 0.0000 -15.0000
v 60.0000 0.1000 -15.0000
v -60.0000 0.1000 -15.0000
v -50.1500 0.1000 -31.0000
v -49.8500 0.1000 -31.0000
v -49.8500 0.1200 -31.0000
v -50.1500 0.1200 -31.0000
v -50.1500 0.1000 -19.0000
v -49.8500 0.1000 -19.0000
v -49.8500 0.1200 -19.0000
v -50.1500 0.1200 -19.0000
v -45.1500 0.1000 -31.0000
v -44.8500 0.1000 -31.0000
v -44.8500 0.1200 -31.0000
v -45.1500 0.1200 -31.0000
v -45.1500 0.1000 -19.0000
v -44.8500 0.1000 -19.0000
v -44.8500 0.1200 -19.0000
v -45.1500 0.1200 -19.0000
v -40.1500 0.1000 -31.0000
v -39.8500 0.1000 -31.0000
v -39.8500 0.1200 -31.0000
v -40.1500 0.1200 -31.0000
v -40.1500 0.1000 -19.0000
v -39.8500 0.1000 -19.0000
v -39.8500 0.1200 -19.0000
v -40.1500 0.1200 -19.0000
v -35.1500 0.1000 -31.0000
v -34.8500 0.1000 -31.0000
v -34.8500 0.1200 -31.0000
v -35.1500 0.1200 -31.0000
v -35.1500 0.1000 -19.0000
v -34.8500 0.1000 -19.0000
v -34.8500 0.1200 -19.0000
v -35.1500 0.1200 -19.0000
v -30.1500 0.1000 -31.0000
v -29.8500 0.1000 -31.0000
v -29.8500 0.1200 -31.0000
v -30.1500 0.1200 -31.0000
v -30.1500 0.1000 -19.0000
v -29.8500 0.1000 -19.0000
v -29.8500 0.1200 -19.0000
v -30.1500 0.1200 -19.0000
v -25.1500 0.1000 -31.0000
v -24.8500 0.1000 -31.0000
v -24.8500 0.1200 -31.0000
v -25.1500 0.1200 -31.0000
v -25.1500 0.1000 -19.0000
v -24.8500 0.1000 -19.0000
v -24.8500 0.1200 -19.0000
v -25.1500 0.1200 -19.0000
v -20.1500 0.1000 -31.0000
v -19.8500 0.1000 -31.0000
v -19.8500 0.1200 -31.0000
v -20.1500 0.1200 -31.0000
v -20.1500 0.1000 -19.0000
v -19.8500 0.1000 -19.0000
v -19.8500 0.1200 -19.0000
v -20.1500 0.1200 -19.0000
v -15.1500 0.1000 -31.0000
v -14.8500 0.1000 -31.0000
v -14.8500 0.1200 -31.0000
v -15.1500 0.1200 -31.0000
v -15.1500 0.1000 -19.0000
v -14.8500 0.1000 -19.0000
v -14.8500 0.1200 -19.0000
v -15.1500 0.1200 -19.0000
v 14.8500 0.1000 -31.0000
v 15.1500 0.1000 -31.0000
v 15.1500 0.1200 -31.0000
v 14.8500 0.1200 -31.0000
v 14.8500 0.1000 -19.0000
v 15.1500 0.1000 -19.0000
v 15.1500 0.1200 -19.0000
v 14.8500 0.1200 -19.0000
v 19.8500 0.1000 -31.0000
v 20.1500 0.1000 -31.0000
v 20.1500 0.1200 -31.0000
v 19.8500 0.1200 -31.0000
v 19.8500 0.1000 -19.0000
v 20.1500 0.1000 -19.0000
v 20.1500 0.1200 -19.0000
v 19.8500 0.1200 -19.0000
v 24.8500 0.1000 -31.0000
v 25.1500 0.1000 -31.0000
v 25.1500 0.1200 -31.0000
v 24.8500 0.1200 -31.0000
v 24.8500 0.1000 -19.0000
v 25.1500 0.1000 -19.0000
v 25.1500 0.1200 -19.0000
v 24.8500 0.1200 -19.0000
v 29.8500 0.1000 -31.0000
v 30.1500 0.1000 -31.0000
v 30.1500 0.1200 -31.0000
v 29.8500 0.1200 -31.0000
v 29.8500 0.1000 -19.0000
v 30.1500 0.1000 -19.0000
v 30.1500 0.1200 -19.0000
v 29.8500 0.1200 -19.0000
v 34.8500 0.1000 -31.0000
v 35.1500 0.1000 -31.0000
v 35.1500 0.1200 -31.0000
v 34.8500 0.1200 -31.0000
v 34.8500 0.1000 -19.0000
v 35.1500 0.1000 -19.0000
v 35.1500 0.1200 -19.0000
v 34.8500 0.1200 -19.0000
v 39.8500 0.1000 -31.0000
v 40.1500 0.1000 -31.0000
v 40.1500 0.1200 -31.0000
v 39.8500 0.1200 -31.0000
v 39.8500 0.1000 -19.0000
v 40.1500 0.1000 -19.0000
v 40.1500 0.1200 -19.0000
v 39.8500 0.1200 -19.0000
v 44.8500 0.1000 -31.0000
v 45.1500 0.1000 -31.0000
v 45.1500 0.1200 -31.0000
v 44.8500 0.1200 -31.0000
v 44.8500 0.1000 -19.0000
v 45.1500 0.1000 -19.0000
v 45.1500 0.1200 -19.0000
v 44.8500 0.1200 -19.0000
v 49.8500 0.1000 -31.0000
v 50.1500 0.1000 -31.0000
v 50.1500 0.1200 -31.0000
v 49.8500 0.1200 -31.0000
v 49.8500 0.1000 -19.0000
v 50.1500 0.1000 -19.0000
v 50.1500 0.1200 -19.0000
v 49.8500 0.1200 -19.0000
v -9.0000 0.0000 -16.0000
v -7.0000 0.0000 -16.0000
v -7.0000 7.0000 -16.0000
v -9.0000 7.0000 -16.0000
v -9.0000 0.0000 -14.0000
v -7.0000 0.0000 -14.0000
v -7.0000 7.0000 -14.0000
v -9.0000 7.0000 -14.0000
v 7.0000 0.0000 -16.0000
v 9.0000 0.0000 -16.0000
v 9.0000 7.0000 -16.0000
v 7.0000 7.0000 -16.0000
v 7.0000 0.0000 -14.0000
v 9.0000 0.0000 -14.0000
v 9.0000 7.0000 -14.0000
v 7.0000 7.0000 -14.0000
v -9.0000 6.9000 -15.7500
v 9.0000 6.9000 -15.7500
v 9.0000 8.1000 -15.7500
v -9.0000 8.1000 -15.7500
v -9.0000 6.9000 -14.2500
v 9.0000 6.9000 -14.2500
v 9.0000 8.1000 -14.2500
v -9.0000 8.1000 -14.2500
v -11.7500 0.0000 -19.5000
v -9.2500 0.0000 -19.5000
v -9.2500 3.0000 -19.5000
v -11.7500 3.0000 -19.5000
v -11.7500 0.0000 -16.5000
v -9.2500 0.0000 -16.5000
v -9.2500 3.0000 -16.5000
v -11.7500 3.0000 -16.5000
v 9.2500 0.0000 -19.5000
v 11.7500 0.0000 -19.5000
v 11.7500 3.0000 -19.5000
v 9.2500 3.0000 -19.5000
v 9.2500 0.0000 -16.5000
v 11.7500 0.0000 -16.5000
v 11.7500 3.0000 -16.5000
v 9.2500 3.0000 -16.5000
v -9.0000 1.1000 -18.1000
v -1.0000 1.1000 -18.1000
v -1.0000 1.3000 -18.1000
v -9.0000 1.3000 -18.1000
v -9.0000 1.1000 -17.9000
v -1.0000 1.1000 -17.9000
v -1.0000 1.3000 -17.9000
v -9.0000 1.3000 -17.9000
v 1.0000 1.1000 -18.1000
v 9.0000 1.1000 -18.1000
v 9.0000 1.3000 -18.1000
v 1.0000 1.3000 -18.1000
v 1.0000 1.1000 -17.9000
v 9.0000 1.1000 -17.9000
v 9.0000 1.3000 -17.9000
v 1.0000 1.3000 -17.9000
v -59.9000 0.0000 -15.0000
v -59.9000 2.4000 -15.0000
v -59.9500 0.0000 -14.9134
v -59.9500 2.4000 -14.9134
v -60.0500 0.0000 -14.9134
v -60.0500 2.4000 -14.9134
v -60.1000 0.0000 -15.0000
v -60.1000 2.4000 -15.0000
v -60.0500 0.0000 -15.0866
v -60.0500 2.4000 -15.0866
v -59.9500 0.0000 -15.0866
v -59.9500 2.4000 -15.0866
v -55.9000 0.0000 -15.0000
v -55.9000 2.4000 -15.0000
v -55.9500 0.0000 -14.9134
v -55.9500 2.4000 -14.9134
v -56.0500 0.0000 -14.9134
v -56.0500 2.4000 -14.9134
v -56.1000 0.0000 -15.0000
v -56.1000 2.4000 -15.0000
v -56.0500 0.0000 -15.0866
v -56.0500 2.4000 -15.0866
v -55.9500 0.0000 -15.0866
v -55.9500 2.4000 -15.0866
v -51.9000 0.0000 -15.0000
v -51.9000 2.4000 -15.0000
v -51.9500 0.0000 -14.9134
v -51.9500 2.4000 -14.9134
v -52.0500 0.0000 -14.9134
v -52.0500 2.4000 -14.9134
v -52.1000 0.0000 -15.0000
v -52.1000 2.4000 -15.0000
v -52.0500 0.0000 -15.0866
v -52.0500 2.4000 -15.0866
v -51.9500 0.0000 -15.0866
v -51.9500 2.4000 -15.0866
v -47.9000 0.0000 -15.0000
v -47.9000 2.4000 -15.0000
v -47.9500 0.0000 -14.9134
v -47.9500 2.4000 -14.9134
v -48.0500 0.0000 -14.9134
v -48.0500 2.4000 -14.9134
v -48.1000 0.0000 -15.0000
v -48.1000 2.4000 -15.0000
v -48.0500 0.0000 -15.0866
v -48.0500 2.4000 -15.0866
v -47.9500 0.0000 -15.0866
v -47.9500 2.4000 -15.0866
v -43.9000 0.0000 -15.0000
v -43.9000 2.4000 -15.0000
v -43.9500 0.0000 -14.9134
v -43.9500 2.4000 -14.9134
v -44.0500 0.0000 -14.9134
v -44.0500 2.4000 -14.9134
v -44.1000 0.0000 -15.0000
v -44.1000 2.4000 -15.0000
v -44.0500 0.0000 -15.0866
v -44.0500 2.4000 -15.0866
v -43.9500 0.0000 -15.0866
v -43.9500 2.4000 -15.0866
v -39.9000 0.0000 -15.0000
v -39.9000 2.4000 -15.0000
v -39.9500 0.0000 -14.9134
v -39.9500 2.4000 -14.9134
v -40.0500 0.0000 -14.9134
v -40.0500 2.4000 -14.9134
v -40.1000 0.0000 -15.0000
v -40.1000 2.4000 -15.0000
v -40.0500 0.0000 -15.0866
v -40.0500 2.4000 -15.0866
v -39.9500 0.0000 -15.0866
v -39.9500 2.4000 -15.0866
v -35.9000 0.0000 -15.0000
v -35.9000 2.4000 -15.0000
v -35.9500 0.0000 -14.9134
v -35.9500 2.4000 -14.9134
v -36.0500 0.0000 -14.9134
v -36.0500 2.4000 -14.9134
v -36.1000 0.0000 -15.0000
v -36.1000 2.4000 -15.0000
v -36.0500 0.0000 -15.0866
v -36.0500 2.4000 -15.0866
v -35.9500 0.0000 -15.0866
v -35.9500 2.4000 -15.0866
v -31.9000 0.0000 -15.0000
v -31.9000 2.4000 -15.0000
v -31.9500 0.0000 -14.9134
v -31.9500 2.4000 -14.9134
v -32.0500 0.0000 -14.9134
v -32.0500 2.4000 -14.9134
v -32.1000 0.0000 -15.0000
v -32.1000 2.4000 -15.0000
v -32.0500 0.0000 -15.0866
v -32.0500 2.4000 -15.0866
v -31.9500 0.0000 -15.0866
v -31.9500 2.4000 -15.0866
v -27.9000 0.0000 -15.0000
v -27.9000 2.4000 -15.0000
v -27.9500 0.0000 -14.9134
v -27.9500 2.4000 -14.9134
v -28.0500 0.0000 -14.9134
v -28.0500 2.4000 -14.9134
v -28.1000 0.0000 -15.0000
v -28.1000 2.4000 -15.0000
v -28.0500 0.0000 -15.0866
v -28.0500 2.4000 -15.0866
v -27.9500 0.0000 -15.0866
v -27.9500 2.4000 -15.0866
v -23.9000 0.0000 -15.0000
v -23.9000 2.4000 -15.0000
v -23.9500 0.0000 -14.9134
v -23.9500 2.4000 -14.9134
v -24.0500 0.0000 -14.9134
v -24.0500 2.4000 -14.9134
v -24.1000 0.0000 -15.0000
v -24.1000 2.4000 -15.0000
v -24.0500 0.0000 -15.0866
v -24.0500 2.4000 -15.0866
v -23.9500 0.0000 -15.0866
v -23.9500 2.4000 -15.0866
v -19.9000 0.0000 -15.0000
v -19.9000 2.4000 -15.0000
v -19.9500 0.0000 -14.9134
v -19.9500 2.4000 -14.9134
v -20.0500 0.0000 -14.9134
v -20.0500 2.4000 -14.9134
v -20.1000 0.0000 -15.0000
v -20.1000 2.4000 -15.0000
v -20.0500 0.0000 -15.0866
v -20.0500 2.4000 -15.0866
v -19.9500 0.0000 -15.0866
v -19.9500 2.4000 -15.0866
v -15.9000 0.0000 -15.0000
v -15.9000 2.4000 -15.0000
v -15.9500 0.0000 -14.9134
v -15.9500 2.4000 -14.9134
v -16.0500 0.0000 -14.9134
v -16.0500 2.4000 -14.9134
v -16.1000 0.0000 -15.0000
v -16.1000 2.4000 -15.0000
v -16.0500 0.0000 -15.0866
v -16.0500 2.4000 -15.0866
v -15.9500 0.0000 -15.0866
v -15.9500 2.4000 -15.0866
v -11.9000 0.0000 -15.0000
v -11.9000 2.4000 -15.0000
v -11.9500 0.0000 -14.9134
v -11.9500 2.4000 -14.9134
v -12.0500 0.0000 -14.9134
v -12.0500 2.4000 -14.9134
v -12.1000 0.0000 -15.0000
v -12.1000 2.4000 -15.0000
v -12.0500 0.0000 -15.0866
v -12.0500 2.4000 -15.0866
v -11.9500 0.0000 -15.0866
v -11.9500 2.4000 -15.0866
v 12.1000 0.0000 -15.0000
v 12.1000 2.4000 -15.0000
v 12.0500 0.0000 -14.9134
v 12.0500 2.4000 -14.9134
v 11.9500 0.0000 -14.9134
v 11.9500 2.4000 -14.9134
v 11.9000 0.0000 -15.0000
v 11.9000 2.4000 -15.0000
v 11.9500 0.0000 -15.0866
v 11.9500 2.4000 -15.0866
v 12.0500 0.0000 -15.0866
v 12.0500 2.4000 -15.0866
v 16.1000 0.0000 -15.0000
v 16.1000 2.4000 -15.0000
v 16.0500 0.0000 -14.9134
v 16.0500 2.4000 -14.9134
v 15.9500 0.0000 -14.9134
v 15.9500 2.4000 -14.9134
v 15.9000 0.0000 -15.0000
v 15.9000 2.4000 -15.0000
v 15.9500 0.0000 -15.0866
v 15.9500 2.4000 -15.0866
v 16.0500 0.0000 -15.0866
v 16.0500 2.4000 -15.0866
v 20.1000 0.0000 -15.0000
v 20.1000 2.4000 -15.0000
v 20.0500 0.0000 -14.9134
v 20.0500 2.4000 -14.9134
v 19.9500 0.0000 -14.9134
v 19.9500 2.4000 -14.9134
v 19.9000 0.0000 -15.0000
v 19.9000 2.4000 -15.0000
v 19.9500 0.0000 -15.0866
v 19.9500 2.4000 -15.0866
v 20.0500 0.0000 -15.0866
v 20.0500 2.4000 -15.0866
v 24.1000 0.0000 -15.0000
v 24.1000 2.4000 -15.0000
v 24.0500 0.0000 -14.9134
v 24.0500 2.4000 -14.9134
v 23.9500 0.0000 -14.9134
v 23.9500 2.4000 -14.9134
v 23.9000 0.0000 -15.0000
v 23.9000 2.4000 -15.0000
v 23.9500 0.0000 -15.0866
v 23.9500 2.4000 -15.0866
v 24.0500 0.0000 -15.0866
v 24.0500 2.4000 -15.0866
v 28.1000 0.0000 -15.0000
v 28.1000 2.4000 -15.0000
v 28.0500 0.0000 -14.9134
v 28.0500 2.4000 -14.9134
v 27.9500 0.0000 -14.9134
v 27.9500 2.4000 -14.9134
v 27.9000 0.0000 -15.0000
v 27.9000 2.4000 -15.0000
v 27.9500 0.0000 -15.0866
v 27.9500 2.4000 -15.0866
v 28.0500 0.0000 -15.0866
v 28.0500 2.4000 -15.0866
v 32.1000 0.0000 -15.0000
v 32.1000 2.4000 -15.0000
v 32.0500 0.0000 -14.9134
v 32.0500 2.4000 -14.9134
v 31.9500 0.0000 -14.9134
v 31.9500 2.4000 -14.9134
v 31.9000 0.0000 -15.0000
v 31.9000 2.4000 -15.0000
v 31.9500 0.0000 -15.0866
v 31.9500 2.4000 -15.0866
v 32.0500 0.0000 -15.0866
v 32.0500 2.4000 -15.0866
v 36.1000 0.0000 -15.0000
v 36.1000 2.4000 -15.0000
v 36.0500 0.0000 -14.9134
v 36.0500 2.4000 -14.9134
v 35.9500 0.0000 -14.9134
v 35.9500 2.4000 -14.9134
v 35.9000 0.0000 -15.0000
v 35.9000 2.4000 -15.0000
v 35.9500 0.0000 -15.0866
v 35.9500 2.4000 -15.0866
v 36.0500 0.0000 -15.0866
v 36.0500 2.4000 -15.0866
v 40.1000 0.0000 -15.0000
v 40.1000 2.4000 -15.0000
v 40.0500 0.0000 -14.9134
v 40.0500 2.4000 -14.9134
v 39.9500 0.0000 -14.9134
v 39.9500 2.4000 -14.9134
v 39.9000 0.0000 -15.0000
v 39.9000 2.4000 -15.0000
v 39.9500 0.0000 -15.0866
v 39.9500 2.4000 -15.0866
v 40.0500 0.0000 -15.0866
v 40.0500 2.4000 -15.0866
v 44.1000 0.0000 -15.0000
v 44.1000 2.4000 -15.0000
v 44.0500 0.0000 -14.9134
v 44.0500 2.4000 -14.9134
v 43.9500 0.0000 -14.9134
v 43.9500 2.4000 -14.9134
v 43.9000 0.0000 -15.0000
v 43.9000 2.4000 -15.0000
v 43.9500 0.0000 -15.0866
v 43.9500 2.4000 -15.0866
v 44.0500 0.0000 -15.0866
v 44.0500 2.4000 -15.0866
v 48.1000 0.0000 -15.0000
v 48.1000 2.4000 -15.0000
v 48.0500 0.0000 -14.9134
v 48.0500 2.4000 -14.9134
v 47.9500 0.0000 -14.9134
v 47.9500 2.4000 -14.9134
v 47.9000 0.0000 -15.0000
v 47.9000 2.4000 -15.0000
v 47.9500 0.0000 -15.0866
v 47.9500 2.4000 -15.0866
v 48.0500 0.0000 -15.0866
v 48.0500 2.4000 -15.0866
v 52.1000 0.0000 -15.0000
v 52.1000 2.4000 -15.0000
v 52.0500 0.0000 -14.9134
v 52.0500 2.4000 -14.9134
v 51.9500 0.0000 -14.9134
v 51.9500 2.4000 -14.9134
v 51.9000 0.0000 -15.0000
v 51.9000 2.4000 -15.0000
v 51.9500 0.0000 -15.0866
v 51.9500 2.4000 -15.0866
v 52.0500 0.0000 -15.0866
v 52.0500 2.4000 -15.0866
v 56.1000 0.0000 -15.0000
v 56.1000 2.4000 -15.0000
v 56.0500 0.0000 -14.9134
v 56.0500 2.4000 -14.9134
v 55.9500 0.0000 -14.9134
v 55.9500 2.4000 -14.9134
v 55.9000 0.0000 -15.0000
v 55.9000 2.4000 -15.0000
v 55.9500 0.0000 -15.0866
v 55.9500 2.4000 -15.0866
v 56.0500 0.0000 -15.0866
v 56.0500 2.4000 -15.0866
v 60.1000 0.0000 -15.0000
v 60.1000 2.4000 -15.0000
v 60.0500 0.0000 -14.9134
v 60.0500 2.4000 -14.9134
v 59.9500 0.0000 -14.9134
v 59.9500 2.4000 -14.9134
v 59.9000 0.0000 -15.0000
v 59.9000 2.4000 -15.0000
v 59.9500 0.0000 -15.0866
v 59.9500 2.4000 -15.0866
v 60.0500 0.0000 -15.0866
v 60.0500 2.4000 -15.0866
v -60.0000 2.2500 -15.0500
v -10.0000 2.2500 -15.0500
v -10.0000 2.3500 -15.0500
v -60.0000 2.3500 -15.0500
v -60.0000 2.2500 -14.9500
v -10.0000 2.2500 -14.9500
v -10.0000 2.3500 -14.9500
v -60.0000 2.3500 -14.9500
v 10.0000 2.2500 -15.0500
v 60.0000 2.2500 -15.0500
v 60.0000 2.3500 -15.0500
v 10.0000 2.3500 -15.0500
v 10.0000 2.2500 -14.9500
v 60.0000 2.2500 -14.9500
v 60.0000 2.3500 -14.9500
v 10.0000 2.3500 -14.9500
f 1 4 3 2
f 5 6 7 8
f 1 5 8 4
f 2 3 7 6
f 4 8 7 3
f 1 2 6 5
f 9 12 11 10
f 13 14 15 16
f 9 13 16 12
f 10 11 15 14
f 12 16 15 11
f 9 10 14 13
f 17 20 19 18
f 21 22 23 24
f 17 21 24 20
f 18 19 23 22
f 20 24 23 19
f 17 18 22 21
f 25 28 27 26
f 29 30 31 32
f 25 29 32 28
f 26 27 31 30
f 28 32 31 27
f 25 26 30 29
f 33 34 50 49
f 34 35 51 50
f 35 36 52 51
f 36 37 53 52
f 37 38 54 53
f 38 39 55 54
f 39 40 56 55
f 40 41 57 56
f 41 42 58 57
f 42 43 59 58
f 43 44 60 59
f 44 45 61 60
f 45 46 62 61
f 46 47 63 62
f 47 48 64 63
f 48 33 49 64
f 49 50 66 65
f 50 51 67 66
f 51 52 68 67
f 52 53 69 68
f 53 54 70 69
f 54 55 71 70
f 55 56 72 71
f 56 57 73 72
f 57 58 74 73
f 58 59 75 74
f 59 60 76 75
f 60 61 77 76
f 61 62 78 77
f 62 63 79 78
f 63 64 80 79
f 64 49 65 80
f 65 66 82 81
f 66 67 83 82
f 67 68 84 83
f 68 69 85 84
f 69 70 86 85
f 70 71 87 86
f 71 72 88 87
f 72 73 89 88
f 73 74 90 89
f 74 75 91 90
f 75 76 92 91
f 76 77 93 92
f 77 78 94 93
f 78 79 95 94
f 79 80 96 95
f 80 65 81 96
f 81 82 98 97
f 82 83 99 98
f 83 84 100 99
f 84 85 101 100
f 85 86 102 101
f 86 87 103 102
f 87 88 104 103
f 88 89 105 104
f 89 90 106 105
f 90 91 107 106
f 91 92 108 107
f 92 93 109 108
f 93 94 110 109
f 94 95 111 110
f 95 96 112 111
f 96 81 97 112
f 97 98 114 113
f 98 99 115 114
f 99 100 116 115
f 100 101 117 116
f 101 102 118 117
f 102 103 119 118
f 103 104 120 119
f 104 105 121 120
f 105 106 122 121
f 106 107 123 122
f 107 108 124 123
f 108 109 125 124
f 109 110 126 125
f 110 111 127 126
f 111 112 128 127
f 112 97 113 128
f 113 114 130 129
f 114 115 131 130
f 115 116 132 131
f 116 117 133 132
f 117 118 134 133
f 118 119 135 134
f 119 120 136 135
f 120 121 137 136
f 121 122 138 137
f 122 123 139 138
f 123 124 140 139
f 124 125 141 140
f 125 126 142 141
f 126 127 143 142
f 127 128 144 143
f 128 113 129 144
f 129 130 146 145
f 130 131 147 146
f 131 132 148 147
f 132 133 149 148
f 133 134 150 149
f 134 135 151 150
f 135 136 152 151
f 136 137 153 152
f 137 138 154 153
f 138 139 155 154
f 139 140 156 155
f 140 141 157 156
f 141 142 158 157
f 142 143 159 158
f 143 144 160 159
f 144 129 145 160
f 145 146 162 161
f 146 147 163 162
f 147 148 164 163
f 148 149 165 164
f 149 150 166 165
f 150 151 167 166
f 151 152 168 167
f 152 153 169 168
f 153 154 170 169
f 154 155 171 170
f 155 156 172 171
f 156 157 173 172
f 157 158 174 173
f 158 159 175 174
f 159 160 176 175
f 160 145 161 176
f 177 180 179 178
f 181 182 183 184
f 177 181 184 180
f 178 179 183 182
f 180 184 183 179
f 177 178 182 181
f 185 187 188 186
f 187 189 190 188
f 189 191 192 190
f 191 193 194 192
f 193 195 196 194
f 195 197 198 196
f 197 199 200 198
f 199 201 202 200
f 201 203 204 202
f 203 205 206 204
f 205 207 208 206
f 207 185 186 208
f 186 188 190 192 194 196 198 200 202 204 206 208
f 207 205 203 201 199 197 195 193 191 189 187 185
f 209 212 211 210
f 213 214 215 216
f 209 213 216 212
f 210 211 215 214
f 212 216 215 211
f 209 210 214 213
f 217 219 220 218
f 219 221 222 220
f 221 223 224 222
f 223 225 226 224
f 225 227 228 226
f 227 229 230 228
f 229 231 232 230
f 231 217 218 232
f 218 220 222 224 226 228 230 232
f 231 229 227 225 223 221 219 217
f 233 236 235 234
f 237 238 239 240
f 233 237 240 236
f 234 235 239 238
f 236 240 239 235
f 233 234 238 237
f 241 243 244 242
f 243 245 246 244
f 245 247 248 246
f 247 249 250 248
f 249 251 252 250
f 251 253 254 252
f 253 255 256 254
f 255 241 242 256
f 242 244 246 248 250 252 254 256
f 255 253 251 249 247 245 243 241
f 257 260 259 258
f 261 262 263 264
f 257 261 264 260
f 258 259 263 262
f 260 264 263 259
f 257 258 262 261
f 265 267 268 266
f 267 269 270 268
f 269 271 272 270
f 271 273 274 272
f 273 275 276 274
f 275 277 278 276
f 277 279 280 278
f 279 265 266 280
f 266 268 270 272 274 276 278 280
f 279 277 275 273 271 269 267 265
f 281 284 283 282
f 285 286 287 288
f 281 285 288 284
f 282 283 287 286
f 284 288 287 283
f 281 282 286 285
f 289 291 292 290
f 291 293 294 292
f 293 295 296 294
f 295 297 298 296
f 297 299 300 298
f 299 301 302 300
f 301 303 304 302
f 303 289 290 304
f 290 292 294 296 298 300 302 304
f 303 301 299 297 295 293 291 289
f 305 308 307 306
f 309 310 311 312
f 305 309 312 308
f 306 307 311 310
f 308 312 311 307
f 305 306 310 309
f 313 315 316 314
f 315 317 318 316
f 317 319 320 318
f 319 321 322 320
f 321 323 324 322
f 323 325 326 324
f 325 327 328 326
f 327 313 314 328
f 314 316 318 320 322 324 326 328
f 327 325 323 321 319 317 315 313
f 329 332 331 330
f 333 334 335 336
f 329 333 336 332
f 330 331 335 334
f 332 336 335 331
f 329 330 334 333
f 337 339 340 338
f 339 341 342 340
f 341 343 344 342
f 343 345 346 344
f 345 347 348 346
f 347 349 350 348
f 349 351 352 350
f 351 337 338 352
f 338 340 342 344 346 348 350 352
f 351 349 347 345 343 341 339 337
f 353 356 355 354
f 357 358 359 360
f 353 357 360 356
f 354 355 359 358
f 356 360 359 355
f 353 354 358 357
f 361 363 364 362
f 363 365 366 364
f 365 367 368 366
f 367 369 370 368
f 369 371 372 370
f 371 373 374 372
f 373 375 376 374
f 375 361 362 376
f 362 364 366 368 370 372 374 376
f 375 373 371 369 367 365 363 361
f 377 380 379 378
f 381 382 383 384
f 377 381 384 380
f 378 379 383 382
f 380 384 383 379
f 377 378 382 381
f 385 387 388 386
f 387 389 390 388
f 389 391 392 390
f 391 393 394 392
f 393 395 396 394
f 395 397 398 396
f 397 399 400 398
f 399 385 386 400
f 386 388 390 392 394 396 398 400
f 399 397 395 393 391 389 387 385
f 401 404 403 402
f 405 406 407 408
f 401 405 408 404
f 402 403 407 406
f 404 408 407 403
f 401 402 406 405
f 409 412 411 410
f 413 414 415 416
f 409 413 416 412
f 410 411 415 414
f 412 416 415 411
f 409 410 414 413
f 417 420 419 418
f 421 422 423 424
f 417 421 424 420
f 418 419 423 422
f 420 424 423 419
f 417 418 422 421
f 425 428 427 426
f 429 430 431 432
f 425 429 432 428
f 426 427 431 430
f 428 432 431 427
f 425 426 430 429
f 433 436 435 434
f 437 438 439 440
f 433 437 440 436
f 434 435 439 438
f 436 440 439 435
f 433 434 438 437
f 441 444 443 442
f 445 446 447 448
f 441 445 448 444
f 442 443 447 446
f 444 448 447 443
f 441 442 446 445
f 449 452 451 450
f 453 454 455 456
f 449 453 456 452
f 450 451 455 454
f 452 456 455 451
f 449 450 454 453
f 457 460 459 458
f 461 462 463 464
f 457 461 464 460
f 458 459 463 462
f 460 464 463 459
f 457 458 462 461
f 465 468 467 466
f 469 470 471 472
f 465 469 472 468
f 466 467 471 470
f 468 472 471 467
f 465 466 470 469
f 473 476 475 474
f 477 478 479 480
f 473 477 480 476
f 474 475 479 478
f 476 480 479 475
f 473 474 478 477
f 481 484 483 482
f 485 486 487 488
f 481 485 488 484
f 482 483 487 486
f 484 488 487 483
f 481 482 486 485
f 489 492 491 490
f 493 494 495 496
f 489 493 496 492
f 490 491 495 494
f 492 496 495 491
f 489 490 494 493
f 497 500 499 498
f 501 502 503 504
f 497 501 504 500
f 498 499 503 502
f 500 504 503 499
f 497 498 502 501
f 505 508 507 506
f 509 510 511 512
f 505 509 512 508
f 506 507 511 510
f 508 512 511 507
f 505 506 510 509
f 513 516 515 514
f 517 518 519 520
f 513 517 520 516
f 514 515 519 518
f 516 520 519 515
f 513 514 518 517
f 521 524 523 522
f 525 526 527 528
f 521 525 528 524
f 522 523 527 526
f 524 528 527 523
f 521 522 526 525
f 529 532 531 530
f 533 534 535 536
f 529 533 536 532
f 530 531 535 534
f 532 536 535 531
f 529 530 534 533
f 537 540 539 538
f 541 542 543 544
f 537 541 544 540
f 538 539 543 542
f 540 544 543 539
f 537 538 542 541
f 545 548 547 546
f 549 550 551 552
f 545 549 552 548
f 546 547 551 550
f 548 552 551 547
f 545 546 550 549
f 553 556 555 554
f 557 558 559 560
f 553 557 560 556
f 554 555 559 558
f 556 560 559 555
f 553 554 558 557
f 561 563 564 562
f 563 565 566 564
f 565 567 568 566
f 567 569 570 568
f 569 571 572 570
f 571 573 574 572
f 573 575 576 574
f 575 561 562 576
f 562 564 566 568 570 572 574 576
f 575 573 571 569 567 565 563 561
f 577 580 579 578
f 581 582 583 584
f 577 581 584 580
f 578 579 583 582
f 580 584 583 579
f 577 578 582 581
f 585 587 588 586
f 587 589 590 588
f 589 591 592 590
f 591 593 594 592
f 593 595 596 594
f 595 597 598 596
f 597 599 600 598
f 599 585 586 600
f 586 588 590 592 594 596 598 600
f 599 597 595 593 591 589 587 585
f 601 604 603 602
f 605 606 607 608
f 601 605 608 604
f 602 603 607 606
f 604 608 607 603
f 601 602 606 605
f 609 611 612 610
f 611 613 614 612
f 613 615 616 614
f 615 617 618 616
f 617 619 620 618
f 619 621 622 620
f 621 623 624 622
f 623 609 610 624
f 610 612 614 616 618 620 622 624
f 623 621 619 617 615 613 611 609
f 625 628 627 626
f 629 630 631 632
f 625 629 632 628
f 626 627 631 630
f 628 632 631 627
f 625 626 630 629
f 633 635 636 634
f 635 637 638 636
f 637 639 640 638
f 639 641 642 640
f 641 643 644 642
f 643 645 646 644
f 645 647 648 646
f 647 633 634 648
f 634 636 638 640 642 644 646 648
f 647 645 643 641 639 637 635 633
f 649 652 651 650
f 653 654 655 656
f 649 653 656 652
f 650 651 655 654
f 652 656 655 651
f 649 650 654 653
f 657 659 660 658
f 659 661 662 660
f 661 663 664 662
f 663 665 666 664
f 665 667 668 666
f 667 669 670 668
f 669 671 672 670
f 671 657 658 672
f 658 660 662 664 666 668 670 672
f 671 669 667 665 663 661 659 657
f 673 676 675 674
f 677 678 679 680
f 673 677 680 676
f 674 675 679 678
f 676 680 679 675
f 673 674 678 677
f 681 683 684 682
f 683 685 686 684
f 685 687 688 686
f 687 689 690 688
f 689 691 692 690
f 691 693 694 692
f 693 695 696 694
f 695 681 682 696
f 682 684 686 688 690 692 694 696
f 695 693 691 689 687 685 683 681
f 697 700 699 698
f 701 702 703 704
f 697 701 704 700
f 698 699 703 702
f 700 704 703 699
f 697 698 702 701
f 705 707 708 706
f 707 709 710 708
f 709 711 712 710
f 711 713 714 712
f 713 715 716 714
f 715 717 718 716
f 717 719 720 718
f 719 705 706 720
f 706 708 710 712 714 716 718 720
f 719 717 715 713 711 709 707 705
f 721 724 723 722
f 725 726 727 728
f 721 725 728 724
f 722 723 727 726
f 724 728 727 723
f 721 722 726 725
f 729 731 732 730
f 731 733 734 732
f 733 735 736 734
f 735 737 738 736
f 737 739 740 738
f 739 741 742 740
f 741 743 744 742
f 743 729 730 744
f 730 732 734 736 738 740 742 744
f 743 741 739 737 735 733 731 729
f 745 748 747 746
f 749 750 751 752
f 745 749 752 748
f 746 747 751 750
f 748 752 751 747
f 745 746 750 749
f 753 756 755 754
f 757 758 759 760
f 753 757 760 756
f 754 755 759 758
f 756 760 759 755
f 753 754 758 757
f 761 764 763 762
f 765 766 767 768
f 761 765 768 764
f 762 763 767 766
f 764 768 767 763
f 761 762 766 765
f 769 772 771 770
f 773 774 775 776
f 769 773 776 772
f 770 771 775 774
f 772 776 775 771
f 769 770 774 773
f 777 780 779 778
f 781 782 783 784
f 777 781 784 780
f 778 779 783 782
f 780 784 783 779
f 777 778 782 781
f 785 788 787 786
f 789 790 791 792
f 785 789 792 788
f 786 787 791 790
f 788 792 791 787
f 785 786 790 789
f 793 796 795 794
f 797 798 799 800
f 793 797 800 796
f 794 795 799 798
f 796 800 799 795
f 793 794 798 797
f 801 804 803 802
f 805 806 807 808
f 801 805 808 804
f 802 803 807 806
f 804 808 807 803
f 801 802 806 805
f 809 812 811 810
f 813 814 815 816
f 809 813 816 812
f 810 811 815 814
f 812 816 815 811
f 809 810 814 813
f 817 820 819 818
f 821 822 823 824
f 817 821 824 820
f 818 819 823 822
f 820 824 823 819
f 817 818 822 821
f 825 828 827 826
f 829 830 831 832
f 825 829 832 828
f 826 827 831 830
f 828 832 831 827
f 825 826 830 829
f 833 836 835 834
f 837 838 839 840
f 833 837 840 836
f 834 835 839 838
f 836 840 839 835
f 833 834 838 837
f 841 844 843 842
f 845 846 847 848
f 841 845 848 844
f 842 843 847 846
f 844 848 847 843
f 841 842 846 845
f 849 852 851 850
f 853 854 855 856
f 849 853 856 852
f 850 851 855 854
f 852 856 855 851
f 849 850 854 853
f 857 860 859 858
f 861 862 863 864
f 857 861 864 860
f 858 859 863 862
f 860 864 863 859
f 857 858 862 861
f 865 868 867 866
f 869 870 871 872
f 865 869 872 868
f 866 867 871 870
f 868 872 871 867
f 865 866 870 869
f 873 876 875 874
f 877 878 879 880
f 873 877 880 876
f 874 875 879 878
f 876 880 879 875
f 873 874 878 877
f 881 884 883 882
f 885 886 887 888
f 881 885 888 884
f 882 883 887 886
f 884 888 887 883
f 881 882 886 885
f 889 892 891 890
f 893 894 895 896
f 889 893 896 892
f 890 891 895 894
f 892 896 895 891
f 889 890 894 893
f 897 900 899 898
f 901 902 903 904
f 897 901 904 900
f 898 899 903 902
f 900 904 903 899
f 897 898 902 901
f 905 907 908 906
f 907 909 910 908
f 909 911 912 910
f 911 913 914 912
f 913 915 916 914
f 915 917 918 916
f 917 919 920 918
f 919 905 906 920
f 906 908 910 912 914 916 918 920
f 919 917 915 913 911 909 907 905
f 921 924 923 922
f 925 926 927 928
f 921 925 928 924
f 922 923 927 926
f 924 928 927 923
f 921 922 926 925
f 929 931 932 930
f 931 933 934 932
f 933 935 936 934
f 935 937 938 936
f 937 939 940 938
f 939 941 942 940
f 941 943 944 942
f 943 929 930 944
f 930 932 934 936 938 940 942 944
f 943 941 939 937 935 933 931 929
f 945 948 947 946
f 949 950 951 952
f 945 949 952 948
f 946 947 951 950
f 948 952 951 947
f 945 946 950 949
f 953 955 956 954
f 955 957 958 956
f 957 959 960 958
f 959 961 962 960
f 961 963 964 962
f 963 965 966 964
f 965 967 968 966
f 967 953 954 968
f 954 956 958 960 962 964 966 968
f 967 965 963 961 959 957 955 953
f 969 972 971 970
f 973 974 975 976
f 969 973 976 972
f 970 971 975 974
f 972 976 975 971
f 969 970 974 973
f 977 979 980 978
f 979 981 982 980
f 981 983 984 982
f 983 985 986 984
f 985 987 988 986
f 987 989 990 988
f 989 991 992 990
f 991 977 978 992
f 978 980 982 984 986 988 990 992
f 991 989 987 985 983 981 979 977
f 993 996 995 994
f 997 998 999 1000
f 993 997 1000 996
f 994 995 999 998
f 996 1000 999 995
f 993 994 998 997
f 1001 1003 1004 1002
f 1003 1005 1006 1004
f 1005 1007 1008 1006
f 1007 1009 1010 1008
f 1009 1011 1012 1010
f 1011 1013 1014 1012
f 1013 1015 1016 1014
f 1015 1001 1002 1016
f 1002 1004 1006 1008 1010 1012 1014 1016
f 1015 1013 1011 1009 1007 1005 1003 1001
f 1017 1020 1019 1018
f 1021 1022 1023 1024
f 1017 1021 1024 1020
f 1018 1019 1023 1022
f 1020 1024 1023 1019
f 1017 1018 1022 1021
f 1025 1027 1028 1026
f 1027 1029 1030 1028
f 1029 1031 1032 1030
f 1031 1033 1034 1032
f 1033 1035 1036 1034
f 1035 1037 1038 1036
f 1037 1039 1040 1038
f 1039 1025 1026 1040
f 1026 1028 1030 1032 1034 1036 1038 1040
f 1039 1037 1035 1033 1031 1029 1027 1025
f 1041 1044 1043 1042
f 1045 1046 1047 1048
f 1041 1045 1048 1044
f 1042 1043 1047 1046
f 1044 1048 1047 1043
f 1041 1042 1046 1045
f 1049 1051 1052 1050
f 1051 1053 1054 1052
f 1053 1055 1056 1054
f 1055 1057 1058 1056
f 1057 1059 1060 1058
f 1059 1061 1062 1060
f 1061 1063 1064 1062
f 1063 1049 1050 1064
f 1050 1052 1054 1056 1058 1060 1062 1064
f 1063 1061 1059 1057 1055 1053 1051 1049
f 1065 1068 1067 1066
f 1069 1070 1071 1072
f 1065 1069 1072 1068
f 1066 1067 1071 1070
f 1068 1072 1071 1067
f 1065 1066 1070 1069
f 1073 1075 1076 1074
f 1075 1077 1078 1076
f 1077 1079 1080 1078
f 1079 1081 1082 1080
f 1081 1083 1084 1082
f 1083 1085 1086 1084
f 1085 1087 1088 1086
f 1087 1073 1074 1088
f 1074 1076 1078 1080 1082 1084 1086 1088
f 1087 1085 1083 1081 1079 1077 1075 1073
f 1089 1092 1091 1090
f 1093 1094 1095 1096
f 1089 1093 1096 1092
f 1090 1091 1095 1094
f 1092 1096 1095 1091
f 1089 1090 1094 1093
f 1097 1100 1099 1098
f 1101 1102 1103 1104
f 1097 1101 1104 1100
f 1098 1099 1103 1102
f 1100 1104 1103 1099
f 1097 1098 1102 1101
f 1105 1108 1107 1106
f 1109 1110 1111 1112
f 1105 1109 1112 1108
f 1106 1107 1111 1110
f 1108 1112 1111 1107
f 1105 1106 1110 1109
f 1113 1116 1115 1114
f 1117 1118 1119 1120
f 1113 1117 1120 1116
f 1114 1115 1119 1118
f 1116 1120 1119 1115
f 1113 1114 1118 1117
f 1121 1124 1123 1122
f 1125 1126 1127 1128
f 1121 1125 1128 1124
f 1122 1123 1127 1126
f 1124 1128 1127 1123
f 1121 1122 1126 1125
f 1129 1132 1131 1130
f 1133 1134 1135 1136
f 1129 1133 1136 1132
f 1130 1131 1135 1134
f 1132 1136 1135 1131
f 1129 1130 1134 1133
f 1137 1140 1139 1138
f 1141 1142 1143 1144
f 1137 1141 1144 1140
f 1138 1139 1143 1142
f 1140 1144 1143 1139
f 1137 1138 1142 1141
f 1145 1148 1147 1146
f 1149 1150 1151 1152
f 1145 1149 1152 1148
f 1146 1147 1151 1150
f 1148 1152 1151 1147
f 1145 1146 1150 1149
f 1153 1156 1155 1154
f 1157 1158 1159 1160
f 1153 1157 1160 1156
f 1154 1155 1159 1158
f 1156 1160 1159 1155
f 1153 1154 1158 1157
f 1161 1164 1163 1162
f 1165 1166 1167 1168
f 1161 1165 1168 1164
f 1162 1163 1167 1166
f 1164 1168 1167 1163
f 1161 1162 1166 1165
f 1169 1172 1171 1170
f 1173 1174 1175 1176
f 1169 1173 1176 1172
f 1170 1171 1175 1174
f 1172 1176 1175 1171
f 1169 1170 1174 1173
f 1177 1180 1179 1178
f 1181 1182 1183 1184
f 1177 1181 1184 1180
f 1178 1179 1183 1182
f 1180 1184 1183 1179
f 1177 1178 1182 1181
f 1185 1188 1187 1186
f 1189 1190 1191 1192
f 1185 1189 1192 1188
f 1186 1187 1191 1190
f 1188 1192 1191 1187
f 1185 1186 1190 1189
f 1193 1196 1195 1194
f 1197 1198 1199 1200
f 1193 1197 1200 1196
f 1194 1195 1199 1198
f 1196 1200 1199 1195
f 1193 1194 1198 1197
f 1201 1204 1203 1202
f 1205 1206 1207 1208
f 1201 1205 1208 1204
f 1202 1203 1207 1206
f 1204 1208 1207 1203
f 1201 1202 1206 1205
f 1209 1212 1211 1210
f 1213 1214 1215 1216
f 1209 1213 1216 1212
f 1210 1211 1215 1214
f 1212 1216 1215 1211
f 1209 1210 1214 1213
f 1217 1220 1219 1218
f 1221 1222 1223 1224
f 1217 1221 1224 1220
f 1218 1219 1223 1222
f 1220 1224 1223 1219
f 1217 1218 1222 1221
f 1225 1228 1227 1226
f 1229 1230 1231 1232
f 1225 1229 1232 1228
f 1226 1227 1231 1230
f 1228 1232 1231 1227
f 1225 1226 1230 1229
f 1233 1236 1235 1234
f 1237 1238 1239 1240
f 1233 1237 1240 1236
f 1234 1235 1239 1238
f 1236 1240 1239 1235
f 1233 1234 1238 1237
f 1241 1244 1243 1242
f 1245 1246 1247 1248
f 1241 1245 1248 1244
f 1242 1243 1247 1246
f 1244 1248 1247 1243
f 1241 1242 1246 1245
f 1249 1251 1252 1250
f 1251 1253 1254 1252
f 1253 1255 1256 1254
f 1255 1257 1258 1256
f 1257 1259 1260 1258
f 1259 1261 1262 1260
f 1261 1263 1264 1262
f 1263 1249 1250 1264
f 1250 1252 1254 1256 1258 1260 1262 1264
f 1263 1261 1259 1257 1255 1253 1251 1249
f 1265 1268 1267 1266
f 1269 1270 1271 1272
f 1265 1269 1272 1268
f 1266 1267 1271 1270
f 1268 1272 1271 1267
f 1265 1266 1270 1269
f 1273 1275 1276 1274
f 1275 1277 1278 1276
f 1277 1279 1280 1278
f 1279 1281 1282 1280
f 1281 1283 1284 1282
f 1283 1285 1286 1284
f 1285 1287 1288 1286
f 1287 1273 1274 1288
f 1274 1276 1278 1280 1282 1284 1286 1288
f 1287 1285 1283 1281 1279 1277 1275 1273
f 1289 1292 1291 1290
f 1293 1294 1295 1296
f 1289 1293 1296 1292
f 1290 1291 1295 1294
f 1292 1296 1295 1291
f 1289 1290 1294 1293
f 1297 1299 1300 1298
f 1299 1301 1302 1300
f 1301 1303 1304 1302
f 1303 1305 1306 1304
f 1305 1307 1308 1306
f 1307 1309 1310 1308
f 1309 1311 1312 1310
f 1311 1297 1298 1312
f 1298 1300 1302 1304 1306 1308 1310 1312
f 1311 1309 1307 1305 1303 1301 1299 1297
f 1313 1316 1315 1314
f 1317 1318 1319 1320
f 1313 1317 1320 1316
f 1314 1315 1319 1318
f 1316 1320 1319 1315
f 1313 1314 1318 1317
f 1321 1323 1324 1322
f 1323 1325 1326 1324
f 1325 1327 1328 1326
f 1327 1329 1330 1328
f 1329 1331 1332 1330
f 1331 1333 1334 1332
f 1333 1335 1336 1334
f 1335 1321 1322 1336
f 1322 1324 1326 1328 1330 1332 1334 1336
f 1335 1333 1331 1329 1327 1325 1323 1321
f 1337 1340 1339 1338
f 1341 1342 1343 1344
f 1337 1341 1344 1340
f 1338 1339 1343 1342
f 1340 1344 1343 1339
f 1337 1338 1342 1341
f 1345 1347 1348 1346
f 1347 1349 1350 1348
f 1349 1351 1352 1350
f 1351 1353 1354 1352
f 1353 1355 1356 1354
f 1355 1357 1358 1356
f 1357 1359 1360 1358
f 1359 1345 1346 1360
f 1346 1348 1350 1352 1354 1356 1358 1360
f 1359 1357 1355 1353 1351 1349 1347 1345
f 1361 1364 1363 1362
f 1365 1366 1367 1368
f 1361 1365 1368 1364
f 1362 1363 1367 1366
f 1364 1368 1367 1363
f 1361 1362 1366 1365
f 1369 1371 1372 1370
f 1371 1373 1374 1372
f 1373 1375 1376 1374
f 1375 1377 1378 1376
f 1377 1379 1380 1378
f 1379 1381 1382 1380
f 1381 1383 1384 1382
f 1383 1369 1370 1384
f 1370 1372 1374 1376 1378 1380 1382 1384
f 1383 1381 1379 1377 1375 1373 1371 1369
f 1385 1388 1387 1386
f 1389 1390 1391 1392
f 1385 1389 1392 1388
f 1386 1387 1391 1390
f 1388 1392 1391 1387
f 1385 1386 1390 1389
f 1393 1395 1396 1394
f 1395 1397 1398 1396
f 1397 1399 1400 1398
f 1399 1401 1402 1400
f 1401 1403 1404 1402
f 1403 1405 1406 1404
f 1405 1407 1408 1406
f 1407 1393 1394 1408
f 1394 1396 1398 1400 1402 1404 1406 1408
f 1407 1405 1403 1401 1399 1397 1395 1393
f 1409 1412 1411 1410
f 1413 1414 1415 1416
f 1409 1413 1416 1412
f 1410 1411 1415 1414
f 1412 1416 1415 1411
f 1409 1410 1414 1413
f 1417 1419 1420 1418
f 1419 1421 1422 1420
f 1421 1423 1424 1422
f 1423 1425 1426 1424
f 1425 1427 1428 1426
f 1427 1429 1430 1428
f 1429 1431 1432 1430
f 1431 1417 1418 1432
f 1418 1420 1422 1424 1426 1428 1430 1432
f 1431 1429 1427 1425 1423 1421 1419 1417
f 1433 1436 1435 1434
f 1437 1438 1439 1440
f 1433 1437 1440 1436
f 1434 1435 1439 1438
f 1436 1440 1439 1435
f 1433 1434 1438 1437
f 1441 1444 1443 1442
f 1445 1446 1447 1448
f 1441 1445 1448 1444
f 1442 1443 1447 1446
f 1444 1448 1447 1443
f 1441 1442 1446 1445
f 1449 1452 1451 1450
f 1453 1454 1455 1456
f 1449 1453 1456 1452
f 1450 1451 1455 1454
f 1452 1456 1455 1451
f 1449 1450 1454 1453
f 1457 1460 1459 1458
f 1461 1462 1463 1464
f 1457 1461 1464 1460
f 1458 1459 1463 1462
f 1460 1464 1463 1459
f 1457 1458 1462 1461
f 1465 1468 1467 1466
f 1469 1470 1471 1472
f 1465 1469 1472 1468
f 1466 1467 1471 1470
f 1468 1472 1471 1467
f 1465 1466 1470 1469
f 1473 1476 1475 1474
f 1477 1478 1479 1480
f 1473 1477 1480 1476
f 1474 1475 1479 1478
f 1476 1480 1479 1475
f 1473 1474 1478 1477
f 1481 1484 1483 1482
f 1485 1486 1487 1488
f 1481 1485 1488 1484
f 1482 1483 1487 1486
f 1484 1488 1487 1483
f 1481 1482 1486 1485
f 1489 1492 1491 1490
f 1493 1494 1495 1496
f 1489 1493 1496 1492
f 1490 1491 1495 1494
f 1492 1496 1495 1491
f 1489 1490 1494 1493
f 1497 1500 1499 1498
f 1501 1502 1503 1504
f 1497 1501 1504 1500
f 1498 1499 1503 1502
f 1500 1504 1503 1499
f 1497 1498 1502 1501
f 1505 1508 1507 1506
f 1509 1510 1511 1512
f 1505 1509 1512 1508
f 1506 1507 1511 1510
f 1508 1512 1511 1507
f 1505 1506 1510 1509
f 1513 1516 1515 1514
f 1517 1518 1519 1520
f 1513 1517 1520 1516
f 1514 1515 1519 1518
f 1516 1520 1519 1515
f 1513 1514 1518 1517
f 1521 1524 1523 1522
f 1525 1526 1527 1528
f 1521 1525 1528 1524
f 1522 1523 1527 1526
f 1524 1528 1527 1523
f 1521 1522 1526 1525
f 1529 1532 1531 1530
f 1533 1534 1535 1536
f 1529 1533 1536 1532
f 1530 1531 1535 1534
f 1532 1536 1535 1531
f 1529 1530 1534 1533
f 1537 1540 1539 1538
f 1541 1542 1543 1544
f 1537 1541 1544 1540
f 1538 1539 1543 1542
f 1540 1544 1543 1539
f 1537 1538 1542 1541
f 1545 1548 1547 1546
f 1549 1550 1551 1552
f 1545 1549 1552 1548
f 1546 1547 1551 1550
f 1548 1552 1551 1547
f 1545 1546 1550 1549
f 1553 1556 1555 1554
f 1557 1558 1559 1560
f 1553 1557 1560 1556
f 1554 1555 1559 1558
f 1556 1560 1559 1555
f 1553 1554 1558 1557
f 1561 1564 1563 1562
f 1565 1566 1567 1568
f 1561 1565 1568 1564
f 1562 1563 1567 1566
f 1564 1568 1567 1563
f 1561 1562 1566 1565
f 1569 1572 1571 1570
f 1573 1574 1575 1576
f 1569 1573 1576 1572
f 1570 1571 1575 1574
f 1572 1576 1575 1571
f 1569 1570 1574 1573
f 1577 1580 1579 1578
f 1581 1582 1583 1584
f 1577 1581 1584 1580
f 1578 1579 1583 1582
f 1580 1584 1583 1579
f 1577 1578 1582 1581
f 1585 1588 1587 1586
f 1589 1590 1591 1592
f 1585 1589 1592 1588
f 1586 1587 1591 1590
f 1588 1592 1591 1587
f 1585 1586 1590 1589
f 1593 1596 1595 1594
f 1597 1598 1599 1600
f 1593 1597 1600 1596
f 1594 1595 1599 1598
f 1596 1600 1599 1595
f 1593 1594 1598 1597
f 1601 1604 1603 1602
f 1605 1606 1607 1608
f 1601 1605 1608 1604
f 1602 1603 1607 1606
f 1604 1608 1607 1603
f 1601 1602 1606 1605
f 1609 1612 1611 1610
f 1613 1614 1615 1616
f 1609 1613 1616 1612
f 1610 1611 1615 1614
f 1612 1616 1615 1611
f 1609 1610 1614 1613
f 1617 1620 1619 1618
f 1621 1622 1623 1624
f 1617 1621 1624 1620
f 1618 1619 1623 1622
f 1620 1624 1623 1619
f 1617 1618 1622 1621
f 1625 1628 1627 1626
f 1629 1630 1631 1632
f 1625 1629 1632 1628
f 1626 1627 1631 1630
f 1628 1632 1631 1627
f 1625 1626 1630 1629
f 1633 1636 1635 1634
f 1637 1638 1639 1640
f 1633 1637 1640 1636
f 1634 1635 1639 1638
f 1636 1640 1639 1635
f 1633 1634 1638 1637
f 1641 1644 1643 1642
f 1645 1646 1647 1648
f 1641 1645 1648 1644
f 1642 1643 1647 1646
f 1644 1648 1647 1643
f 1641 1642 1646 1645
f 1649 1652 1651 1650
f 1653 1654 1655 1656
f 1649 1653 1656 1652
f 1650 1651 1655 1654
f 1652 1656 1655 1651
f 1649 1650 1654 1653
f 1657 1660 1659 1658
f 1661 1662 1663 1664
f 1657 1661 1664 1660
f 1658 1659 1663 1662
f 1660 1664 1663 1659
f 1657 1658 1662 1661
f 1665 1668 1667 1666
f 1669 1670 1671 1672
f 1665 1669 1672 1668
f 1666 1667 1671 1670
f 1668 1672 1671 1667
f 1665 1666 1670 1669
f 1673 1676 1675 1674
f 1677 1678 1679 1680
f 1673 1677 1680 1676
f 1674 1675 1679 1678
f 1676 1680 1679 1675
f 1673 1674 1678 1677
f 1681 1684 1683 1682
f 1685 1686 1687 1688
f 1681 1685 1688 1684
f 1682 1683 1687 1686
f 1684 1688 1687 1683
f 1681 1682 1686 1685
f 1689 1692 1691 1690
f 1693 1694 1695 1696
f 1689 1693 1696 1692
f 1690 1691 1695 1694
f 1692 1696 1695 1691
f 1689 1690 1694 1693
f 1697 1700 1699 1698
f 1701 1702 1703 1704
f 1697 1701 1704 1700
f 1698 1699 1703 1702
f 1700 1704 1703 1699
f 1697 1698 1702 1701
f 1705 1708 1707 1706
f 1709 1710 1711 1712
f 1705 1709 1712 1708
f 1706 1707 1711 1710
f 1708 1712 1711 1707
f 1705 1706 1710 1709
f 1713 1716 1715 1714
f 1717 1718 1719 1720
f 1713 1717 1720 1716
f 1714 1715 1719 1718
f 1716 1720 1719 1715
f 1713 1714 1718 1717
f 1721 1724 1723 1722
f 1725 1726 1727 1728
f 1721 1725 1728 1724
f 1722 1723 1727 1726
f 1724 1728 1727 1723
f 1721 1722 1726 1725
f 1729 1732 1731 1730
f 1733 1734 1735 1736
f 1729 1733 1736 1732
f 1730 1731 1735 1734
f 1732 1736 1735 1731
f 1729 1730 1734 1733
f 1737 1740 1739 1738
f 1741 1742 1743 1744
f 1737 1741 1744 1740
f 1738 1739 1743 1742
f 1740 1744 1743 1739
f 1737 1738 1742 1741
f 1745 1748 1747 1746
f 1749 1750 1751 1752
f 1745 1749 1752 1748
f 1746 1747 1751 1750
f 1748 1752 1751 1747
f 1745 1746 1750 1749
f 1753 1756 1755 1754
f 1757 1758 1759 1760
f 1753 1757 1760 1756
f 1754 1755 1759 1758
f 1756 1760 1759 1755
f 1753 1754 1758 1757
f 1761 1764 1763 1762
f 1765 1766 1767 1768
f 1761 1765 1768 1764
f 1762 1763 1767 1766
f 1764 1768 1767 1763
f 1761 1762 1766 1765
f 1769 1772 1771 1770
f 1773 1774 1775 1776
f 1769 1773 1776 1772
f 1770 1771 1775 1774
f 1772 1776 1775 1771
f 1769 1770 1774 1773
f 1777 1780 1779 1778
f 1781 1782 1783 1784
f 1777 1781 1784 1780
f 1778 1779 1783 1782
f 1780 1784 1783 1779
f 1777 1778 1782 1781
f 1785 1788 1787 1786
f 1789 1790 1791 1792
f 1785 1789 1792 1788
f 1786 1787 1791 1790
f 1788 1792 1791 1787
f 1785 1786 1790 1789
f 1793 1796 1795 1794
f 1797 1798 1799 1800
f 1793 1797 1800 1796
f 1794 1795 1799 1798
f 1796 1800 1799 1795
f 1793 1794 1798 1797
f 1801 1804 1803 1802
f 1805 1806 1807 1808
f 1801 1805 1808 1804
f 1802 1803 1807 1806
f 1804 1808 1807 1803
f 1801 1802 1806 1805
f 1809 1812 1811 1810
f 1813 1814 1815 1816
f 1809 1813 1816 1812
f 1810 1811 1815 1814
f 1812 1816 1815 1811
f 1809 1810 1814 1813
f 1817 1820 1819 1818
f 1821 1822 1823 1824
f 1817 1821 1824 1820
f 1818 1819 1823 1822
f 1820 1824 1823 1819
f 1817 1818 1822 1821
f 1825 1828 1827 1826
f 1829 1830 1831 1832
f 1825 1829 1832 1828
f 1826 1827 1831 1830
f 1828 1832 1831 1827
f 1825 1826 1830 1829
f 1833 1836 1835 1834
f 1837 1838 1839 1840
f 1833 1837 1840 1836
f 1834 1835 1839 1838
f 1836 1840 1839 1835
f 1833 1834 1838 1837
f 1841 1844 1843 1842
f 1845 1846 1847 1848
f 1841 1845 1848 1844
f 1842 1843 1847 1846
f 1844 1848 1847 1843
f 1841 1842 1846 1845
f 1849 1852 1851 1850
f 1853 1854 1855 1856
f 1849 1853 1856 1852
f 1850 1851 1855 1854
f 1852 1856 1855 1851
f 1849 1850 1854 1853
f 1857 1860 1859 1858
f 1861 1862 1863 1864
f 1857 1861 1864 1860
f 1858 1859 1863 1862
f 1860 1864 1863 1859
f 1857 1858 1862 1861
f 1865 1868 1867 1866
f 1869 1870 1871 1872
f 1865 1869 1872 1868
f 1866 1867 1871 1870
f 1868 1872 1871 1867
f 1865 1866 1870 1869
f 1873 1876 1875 1874
f 1877 1878 1879 1880
f 1873 1877 1880 1876
f 1874 1875 1879 1878
f 1876 1880 1879 1875
f 1873 1874 1878 1877
f 1881 1884 1883 1882
f 1885 1886 1887 1888
f 1881 1885 1888 1884
f 1882 1883 1887 1886
f 1884 1888 1887 1883
f 1881 1882 1886 1885
f 1889 1892 1891 1890
f 1893 1894 1895 1896
f 1889 1893 1896 1892
f 1890 1891 1895 1894
f 1892 1896 1895 1891
f 1889 1890 1894 1893
f 1897 1900 1899 1898
f 1901 1902 1903 1904
f 1897 1901 1904 1900
f 1898 1899 1903 1902
f 1900 1904 1903 1899
f 1897 1898 1902 1901
f 1905 1908 1907 1906
f 1909 1910 1911 1912
f 1905 1909 1912 1908
f 1906 1907 1911 1910
f 1908 1912 1911 1907
f 1905 1906 1910 1909
f 1913 1916 1915 1914
f 1917 1918 1919 1920
f 1913 1917 1920 1916
f 1914 1915 1919 1918
f 1916 1920 1919 1915
f 1913 1914 1918 1917
f 1921 1924 1923 1922
f 1925 1926 1927 1928
f 1921 1925 1928 1924
f 1922 1923 1927 1926
f 1924 1928 1927 1923
f 1921 1922 1926 1925
f 1929 1932 1931 1930
f 1933 1934 1935 1936
f 1929 1933 1936 1932
f 1930 1931 1935 1934
f 1932 1936 1935 1931
f 1929 1930 1934 1933
f 1937 1940 1939 1938
f 1941 1942 1943 1944
f 1937 1941 1944 1940
f 1938 1939 1943 1942
f 1940 1944 1943 1939
f 1937 1938 1942 1941
f 1945 1948 1947 1946
f 1949 1950 1951 1952
f 1945 1949 1952 1948
f 1946 1947 1951 1950
f 1948 1952 1951 1947
f 1945 1946 1950 1949
f 1953 1956 1955 1954
f 1957 1958 1959 1960
f 1953 1957 1960 1956
f 1954 1955 1959 1958
f 1956 1960 1959 1955
f 1953 1954 1958 1957
f 1961 1964 1963 1962
f 1965 1966 1967 1968
f 1961 1965 1968 1964
f 1962 1963 1967 1966
f 1964 1968 1967 1963
f 1961 1962 1966 1965
f 1969 1972 1971 1970
f 1973 1974 1975 1976
f 1969 1973 1976 1972
f 1970 1971 1975 1974
f 1972 1976 1975 1971
f 1969 1970 1974 1973
f 1977 1980 1979 1978
f 1981 1982 1983 1984
f 1977 1981 1984 1980
f 1978 1979 1983 1982
f 1980 1984 1983 1979
f 1977 1978 1982 1981
f 1985 1988 1987 1986
f 1989 1990 1991 1992
f 1985 1989 1992 1988
f 1986 1987 1991 1990
f 1988 1992 1991 1987
f 1985 1986 1990 1989
f 1993 1996 1995 1994
f 1997 1998 1999 2000
f 1993 1997 2000 1996
f 1994 1995 1999 1998
f 1996 2000 1999 1995
f 1993 1994 1998 1997
f 2001 2004 2003 2002
f 2005 2006 2007 2008
f 2001 2005 2008 2004
f 2002 2003 2007 2006
f 2004 2008 2007 2003
f 2001 2002 2006 2005
f 2009 2012 2011 2010
f 2013 2014 2015 2016
f 2009 2013 2016 2012
f 2010 2011 2015 2014
f 2012 2016 2015 2011
f 2009 2010 2014 2013
f 2017 2020 2019 2018
f 2021 2022 2023 2024
f 2017 2021 2024 2020
f 2018 2019 2023 2022
f 2020 2024 2023 2019
f 2017 2018 2022 2021
f 2025 2028 2027 2026
f 2029 2030 2031 2032
f 2025 2029 2032 2028
f 2026 2027 2031 2030
f 2028 2032 2031 2027
f 2025 2026 2030 2029
f 2033 2036 2035 2034
f 2037 2038 2039 2040
f 2033 2037 2040 2036
f 2034 2035 2039 2038
f 2036 2040 2039 2035
f 2033 2034 2038 2037
f 2041 2044 2043 2042
f 2045 2046 2047 2048
f 2041 2045 2048 2044
f 2042 2043 2047 2046
f 2044 2048 2047 2043
f 2041 2042 2046 2045
f 2049 2052 2051 2050
f 2053 2054 2055 2056
f 2049 2053 2056 2052
f 2050 2051 2055 2054
f 2052 2056 2055 2051
f 2049 2050 2054 2053
f 2057 2060 2059 2058
f 2061 2062 2063 2064
f 2057 2061 2064 2060
f 2058 2059 2063 2062
f 2060 2064 2063 2059
f 2057 2058 2062 2061
f 2065 2068 2067 2066
f 2069 2070 2071 2072
f 2065 2069 2072 2068
f 2066 2067 2071 2070
f 2068 2072 2071 2067
f 2065 2066 2070 2069
f 2073 2076 2075 2074
f 2077 2078 2079 2080
f 2073 2077 2080 2076
f 2074 2075 2079 2078
f 2076 2080 2079 2075
f 2073 2074 2078 2077
f 2081 2084 2083 2082
f 2085 2086 2087 2088
f 2081 2085 2088 2084
f 2082 2083 2087 2086
f 2084 2088 2087 2083
f 2081 2082 2086 2085
f 2089 2092 2091 2090
f 2093 2094 2095 2096
f 2089 2093 2096 2092
f 2090 2091 2095 2094
f 2092 2096 2095 2091
f 2089 2090 2094 2093
f 2097 2100 2099 2098
f 2101 2102 2103 2104
f 2097 2101 2104 2100
f 2098 2099 2103 2102
f 2100 2104 2103 2099
f 2097 2098 2102 2101
f 2105 2108 2107 2106
f 2109 2110 2111 2112
f 2105 2109 2112 2108
f 2106 2107 2111 2110
f 2108 2112 2111 2107
f 2105 2106 2110 2109
f 2113 2116 2115 2114
f 2117 2118 2119 2120
f 2113 2117 2120 2116
f 2114 2115 2119 2118
f 2116 2120 2119 2115
f 2113 2114 2118 2117
f 2121 2124 2123 2122
f 2125 2126 2127 2128
f 2121 2125 2128 2124
f 2122 2123 2127 2126
f 2124 2128 2127 2123
f 2121 2122 2126 2125
f 2129 2132 2131 2130
f 2133 2134 2135 2136
f 2129 2133 2136 2132
f 2130 2131 2135 2134
f 2132 2136 2135 2131
f 2129 2130 2134 2133
f 2137 2140 2139 2138
f 2141 2142 2143 2144
f 2137 2141 2144 2140
f 2138 2139 2143 2142
f 2140 2144 2143 2139
f 2137 2138 2142 2141
f 2145 2148 2147 2146
f 2149 2150 2151 2152
f 2145 2149 2152 2148
f 2146 2147 2151 2150
f 2148 2152 2151 2147
f 2145 2146 2150 2149
f 2153 2156 2155 2154
f 2157 2158 2159 2160
f 2153 2157 2160 2156
f 2154 2155 2159 2158
f 2156 2160 2159 2155
f 2153 2154 2158 2157
f 2161 2164 2163 2162
f 2165 2166 2167 2168
f 2161 2165 2168 2164
f 2162 2163 2167 2166
f 2164 2168 2167 2163
f 2161 2162 2166 2165
f 2169 2172 2171 2170
f 2173 2174 2175 2176
f 2169 2173 2176 2172
f 2170 2171 2175 2174
f 2172 2176 2175 2171
f 2169 2170 2174 2173
f 2177 2180 2179 2178
f 2181 2182 2183 2184
f 2177 2181 2184 2180
f 2178 2179 2183 2182
f 2180 2184 2183 2179
f 2177 2178 2182 2181
f 2185 2188 2187 2186
f 2189 2190 2191 2192
f 2185 2189 2192 2188
f 2186 2187 2191 2190
f 2188 2192 2191 2187
f 2185 2186 2190 2189
f 2193 2196 2195 2194
f 2197 2198 2199 2200
f 2193 2197 2200 2196
f 2194 2195 2199 2198
f 2196 2200 2199 2195
f 2193 2194 2198 2197
f 2201 2204 2203 2202
f 2205 2206 2207 2208
f 2201 2205 2208 2204
f 2202 2203 2207 2206
f 2204 2208 2207 2203
f 2201 2202 2206 2205
f 2209 2212 2211 2210
f 2213 2214 2215 2216
f 2209 2213 2216 2212
f 2210 2211 2215 2214
f 2212 2216 2215 2211
f 2209 2210 2214 2213
f 2217 2220 2219 2218
f 2221 2222 2223 2224
f 2217 2221 2224 2220
f 2218 2219 2223 2222
f 2220 2224 2223 2219
f 2217 2218 2222 2221
f 2225 2228 2227 2226
f 2229 2230 2231 2232
f 2225 2229 2232 2228
f 2226 2227 2231 2230
f 2228 2232 2231 2227
f 2225 2226 2230 2229
f 2233 2236 2235 2234
f 2237 2238 2239 2240
f 2233 2237 2240 2236
f 2234 2235 2239 2238
f 2236 2240 2239 2235
f 2233 2234 2238 2237
f 2241 2244 2243 2242
f 2245 2246 2247 2248
f 2241 2245 2248 2244
f 2242 2243 2247 2246
f 2244 2248 2247 2243
f 2241 2242 2246 2245
f 2249 2252 2251 2250
f 2253 2254 2255 2256
f 2249 2253 2256 2252
f 2250 2251 2255 2254
f 2252 2256 2255 2251
f 2249 2250 2254 2253
f 2257 2260 2259 2258
f 2261 2262 2263 2264
f 2257 2261 2264 2260
f 2258 2259 2263 2262
f 2260 2264 2263 2259
f 2257 2258 2262 2261
f 2265 2268 2267 2266
f 2269 2270 2271 2272
f 2265 2269 2272 2268
f 2266 2267 2271 2270
f 2268 2272 2271 2267
f 2265 2266 2270 2269
f 2273 2276 2275 2274
f 2277 2278 2279 2280
f 2273 2277 2280 2276
f 2274 2275 2279 2278
f 2276 2280 2279 2275
f 2273 2274 2278 2277
f 2281 2284 2283 2282
f 2285 2286 2287 2288
f 2281 2285 2288 2284
f 2282 2283 2287 2286
f 2284 2288 2287 2283
f 2281 2282 2286 2285
f 2289 2292 2291 2290
f 2293 2294 2295 2296
f 2289 2293 2296 2292
f 2290 2291 2295 2294
f 2292 2296 2295 2291
f 2289 2290 2294 2293
f 2297 2300 2299 2298
f 2301 2302 2303 2304
f 2297 2301 2304 2300
f 2298 2299 2303 2302
f 2300 2304 2303 2299
f 2297 2298 2302 2301
f 2305 2308 2307 2306
f 2309 2310 2311 2312
f 2305 2309 2312 2308
f 2306 2307 2311 2310
f 2308 2312 2311 2307
f 2305 2306 2310 2309
f 2313 2316 2315 2314
f 2317 2318 2319 2320
f 2313 2317 2320 2316
f 2314 2315 2319 2318
f 2316 2320 2319 2315
f 2313 2314 2318 2317
f 2321 2324 2323 2322
f 2325 2326 2327 2328
f 2321 2325 2328 2324
f 2322 2323 2327 2326
f 2324 2328 2327 2323
f 2321 2322 2326 2325
f 2329 2332 2331 2330
f 2333 2334 2335 2336
f 2329 2333 2336 2332
f 2330 2331 2335 2334
f 2332 2336 2335 2331
f 2329 2330 2334 2333
f 2337 2340 2339 2338
f 2341 2342 2343 2344
f 2337 2341 2344 2340
f 2338 2339 2343 2342
f 2340 2344 2343 2339
f 2337 2338 2342 2341
f 2345 2348 2347 2346
f 2349 2350 2351 2352
f 2345 2349 2352 2348
f 2346 2347 2351 2350
f 2348 2352 2351 2347
f 2345 2346 2350 2349
f 2353 2356 2355 2354
f 2357 2358 2359 2360
f 2353 2357 2360 2356
f 2354 2355 2359 2358
f 2356 2360 2359 2355
f 2353 2354 2358 2357
f 2361 2364 2363 2362
f 2365 2366 2367 2368
f 2361 2365 2368 2364
f 2362 2363 2367 2366
f 2364 2368 2367 2363
f 2361 2362 2366 2365
f 2369 2372 2371 2370
f 2373 2374 2375 2376
f 2369 2373 2376 2372
f 2370 2371 2375 2374
f 2372 2376 2375 2371
f 2369 2370 2374 2373
f 2377 2380 2379 2378
f 2381 2382 2383 2384
f 2377 2381 2384 2380
f 2378 2379 2383 2382
f 2380 2384 2383 2379
f 2377 2378 2382 2381
f 2385 2388 2387 2386
f 2389 2390 2391 2392
f 2385 2389 2392 2388
f 2386 2387 2391 2390
f 2388 2392 2391 2387
f 2385 2386 2390 2389
f 2393 2396 2395 2394
f 2397 2398 2399 2400
f 2393 2397 2400 2396
f 2394 2395 2399 2398
f 2396 2400 2399 2395
f 2393 2394 2398 2397
f 2401 2404 2403 2402
f 2405 2406 2407 2408
f 2401 2405 2408 2404
f 2402 2403 2407 2406
f 2404 2408 2407 2403
f 2401 2402 2406 2405
f 2409 2412 2411 2410
f 2413 2414 2415 2416
f 2409 2413 2416 2412
f 2410 2411 2415 2414
f 2412 2416 2415 2411
f 2409 2410 2414 2413
f 2417 2420 2419 2418
f 2421 2422 2423 2424
f 2417 2421 2424 2420
f 2418 2419 2423 2422
f 2420 2424 2423 2419
f 2417 2418 2422 2421
f 2425 2428 2427 2426
f 2429 2430 2431 2432
f 2425 2429 2432 2428
f 2426 2427 2431 2430
f 2428 2432 2431 2427
f 2425 2426 2430 2429
f 2433 2436 2435 2434
f 2437 2438 2439 2440
f 2433 2437 2440 2436
f 2434 2435 2439 2438
f 2436 2440 2439 2435
f 2433 2434 2438 2437
f 2441 2444 2443 2442
f 2445 2446 2447 2448
f 2441 2445 2448 2444
f 2442 2443 2447 2446
f 2444 2448 2447 2443
f 2441 2442 2446 2445
f 2449 2452 2451 2450
f 2453 2454 2455 2456
f 2449 2453 2456 2452
f 2450 2451 2455 2454
f 2452 2456 2455 2451
f 2449 2450 2454 2453
f 2457 2460 2459 2458
f 2461 2462 2463 2464
f 2457 2461 2464 2460
f 2458 2459 2463 2462
f 2460 2464 2463 2459
f 2457 2458 2462 2461
f 2465 2468 2467 2466
f 2469 2470 2471 2472
f 2465 2469 2472 2468
f 2466 2467 2471 2470
f 2468 2472 2471 2467
f 2465 2466 2470 2469
f 2473 2476 2475 2474
f 2477 2478 2479 2480
f 2473 2477 2480 2476
f 2474 2475 2479 2478
f 2476 2480 2479 2475
f 2473 2474 2478 2477
f 2481 2484 2483 2482
f 2485 2486 2487 2488
f 2481 2485 2488 2484
f 2482 2483 2487 2486
f 2484 2488 2487 2483
f 2481 2482 2486 2485
f 2489 2492 2491 2490
f 2493 2494 2495 2496
f 2489 2493 2496 2492
f 2490 2491 2495 2494
f 2492 2496 2495 2491
f 2489 2490 2494 2493
f 2497 2500 2499 2498
f 2501 2502 2503 2504
f 2497 2501 2504 2500
f 2498 2499 2503 2502
f 2500 2504 2503 2499
f 2497 2498 2502 2501
f 2505 2508 2507 2506
f 2509 2510 2511 2512
f 2505 2509 2512 2508
f 2506 2507 2511 2510
f 2508 2512 2511 2507
f 2505 2506 2510 2509
f 2513 2516 2515 2514
f 2517 2518 2519 2520
f 2513 2517 2520 2516
f 2514 2515 2519 2518
f 2516 2520 2519 2515
f 2513 2514 2518 2517
f 2521 2524 2523 2522
f 2525 2526 2527 2528
f 2521 2525 2528 2524
f 2522 2523 2527 2526
f 2524 2528 2527 2523
f 2521 2522 2526 2525
f 2529 2532 2531 2530
f 2533 2534 2535 2536
f 2529 2533 2536 2532
f 2530 2531 2535 2534
f 2532 2536 2535 2531
f 2529 2530 2534 2533
f 2537 2540 2539 2538
f 2541 2542 2543 2544
f 2537 2541 2544 2540
f 2538 2539 2543 2542
f 2540 2544 2543 2539
f 2537 2538 2542 2541
f 2545 2548 2547 2546
f 2549 2550 2551 2552
f 2545 2549 2552 2548
f 2546 2547 2551 2550
f 2548 2552 2551 2547
f 2545 2546 2550 2549
f 2553 2556 2555 2554
f 2557 2558 2559 2560
f 2553 2557 2560 2556
f 2554 2555 2559 2558
f 2556 2560 2559 2555
f 2553 2554 2558 2557
f 2561 2564 2563 2562
f 2565 2566 2567 2568
f 2561 2565 2568 2564
f 2562 2563 2567 2566
f 2564 2568 2567 2563
f 2561 2562 2566 2565
f 2569 2572 2571 2570
f 2573 2574 2575 2576
f 2569 2573 2576 2572
f 2570 2571 2575 2574
f 2572 2576 2575 2571
f 2569 2570 2574 2573
f 2577 2580 2579 2578
f 2581 2582 2583 2584
f 2577 2581 2584 2580
f 2578 2579 2583 2582
f 2580 2584 2583 2579
f 2577 2578 2582 2581
f 2585 2588 2587 2586
f 2589 2590 2591 2592
f 2585 2589 2592 2588
f 2586 2587 2591 2590
f 2588 2592 2591 2587
f 2585 2586 2590 2589
f 2593 2596 2595 2594
f 2597 2598 2599 2600
f 2593 2597 2600 2596
f 2594 2595 2599 2598
f 2596 2600 2599 2595
f 2593 2594 2598 2597
f 2601 2604 2603 2602
f 2605 2606 2607 2608
f 2601 2605 2608 2604
f 2602 2603 2607 2606
f 2604 2608 2607 2603
f 2601 2602 2606 2605
f 2609 2612 2611 2610
f 2613 2614 2615 2616
f 2609 2613 2616 2612
f 2610 2611 2615 2614
f 2612 2616 2615 2611
f 2609 2610 2614 2613
f 2617 2620 2619 2618
f 2621 2622 2623 2624
f 2617 2621 2624 2620
f 2618 2619 2623 2622
f 2620 2624 2623 2619
f 2617 2618 2622 2621
f 2625 2628 2627 2626
f 2629 2630 2631 2632
f 2625 2629 2632 2628
f 2626 2627 2631 2630
f 2628 2632 2631 2627
f 2625 2626 2630 2629
f 2633 2636 2635 2634
f 2637 2638 2639 2640
f 2633 2637 2640 2636
f 2634 2635 2639 2638
f 2636 2640 2639 2635
f 2633 2634 2638 2637
f 2641 2644 2643 2642
f 2645 2646 2647 2648
f 2641 2645 2648 2644
f 2642 2643 2647 2646
f 2644 2648 2647 2643
f 2641 2642 2646 2645
f 2649 2652 2651 2650
f 2653 2654 2655 2656
f 2649 2653 2656 2652
f 2650 2651 2655 2654
f 2652 2656 2655 2651
f 2649 2650 2654 2653
f 2657 2660 2659 2658
f 2661 2662 2663 2664
f 2657 2661 2664 2660
f 2658 2659 2663 2662
f 2660 2664 2663 2659
f 2657 2658 2662 2661
f 2665 2668 2667 2666
f 2669 2670 2671 2672
f 2665 2669 2672 2668
f 2666 2667 2671 2670
f 2668 2672 2671 2667
f 2665 2666 2670 2669
f 2673 2676 2675 2674
f 2677 2678 2679 2680
f 2673 2677 2680 2676
f 2674 2675 2679 2678
f 2676 2680 2679 2675
f 2673 2674 2678 2677
f 2681 2684 2683 2682
f 2685 2686 2687 2688
f 2681 2685 2688 2684
f 2682 2683 2687 2686
f 2684 2688 2687 2683
f 2681 2682 2686 2685
f 2689 2692 2691 2690
f 2693 2694 2695 2696
f 2689 2693 2696 2692
f 2690 2691 2695 2694
f 2692 2696 2695 2691
f 2689 2690 2694 2693
f 2697 2700 2699 2698
f 2701 2702 2703 2704
f 2697 2701 2704 2700
f 2698 2699 2703 2702
f 2700 2704 2703 2699
f 2697 2698 2702 2701
f 2705 2708 2707 2706
f 2709 2710 2711 2712
f 2705 2709 2712 2708
f 2706 2707 2711 2710
f 2708 2712 2711 2707
f 2705 2706 2710 2709
f 2713 2716 2715 2714
f 2717 2718 2719 2720
f 2713 2717 2720 2716
f 2714 2715 2719 2718
f 2716 2720 2719 2715
f 2713 2714 2718 2717
f 2721 2724 2723 2722
f 2725 2726 2727 2728
f 2721 2725 2728 2724
f 2722 2723 2727 2726
f 2724 2728 2727 2723
f 2721 2722 2726 2725
f 2729 2732 2731 2730
f 2733 2734 2735 2736
f 2729 2733 2736 2732
f 2730 2731 2735 2734
f 2732 2736 2735 2731
f 2729 2730 2734 2733
f 2737 2740 2739 2738
f 2741 2742 2743 2744
f 2737 2741 2744 2740
f 2738 2739 2743 2742
f 2740 2744 2743 2739
f 2737 2738 2742 2741
f 2745 2748 2747 2746
f 2749 2750 2751 2752
f 2745 2749 2752 2748
f 2746 2747 2751 2750
f 2748 2752 2751 2747
f 2745 2746 2750 2749
f 2753 2756 2755 2754
f 2757 2758 2759 2760
f 2753 2757 2760 2756
f 2754 2755 2759 2758
f 2756 2760 2759 2755
f 2753 2754 2758 2757
f 2761 2764 2763 2762
f 2765 2766 2767 2768
f 2761 2765 2768 2764
f 2762 2763 2767 2766
f 2764 2768 2767 2763
f 2761 2762 2766 2765
f 2769 2772 2771 2770
f 2773 2774 2775 2776
f 2769 2773 2776 2772
f 2770 2771 2775 2774
f 2772 2776 2775 2771
f 2769 2770 2774 2773
f 2777 2780 2779 2778
f 2781 2782 2783 2784
f 2777 2781 2784 2780
f 2778 2779 2783 2782
f 2780 2784 2783 2779
f 2777 2778 2782 2781
f 2785 2788 2787 2786
f 2789 2790 2791 2792
f 2785 2789 2792 2788
f 2786 2787 2791 2790
f 2788 2792 2791 2787
f 2785 2786 2790 2789
f 2793 2796 2795 2794
f 2797 2798 2799 2800
f 2793 2797 2800 2796
f 2794 2795 2799 2798
f 2796 2800 2799 2795
f 2793 2794 2798 2797
f 2801 2804 2803 2802
f 2805 2806 2807 2808
f 2801 2805 2808 2804
f 2802 2803 2807 2806
f 2804 2808 2807 2803
f 2801 2802 2806 2805
f 2809 2812 2811 2810
f 2813 2814 2815 2816
f 2809 2813 2816 2812
f 2810 2811 2815 2814
f 2812 2816 2815 2811
f 2809 2810 2814 2813
f 2817 2820 2819 2818
f 2821 2822 2823 2824
f 2817 2821 2824 2820
f 2818 2819 2823 2822
f 2820 2824 2823 2819
f 2817 2818 2822 2821
f 2825 2828 2827 2826
f 2829 2830 2831 2832
f 2825 2829 2832 2828
f 2826 2827 2831 2830
f 2828 2832 2831 2827
f 2825 2826 2830 2829
f 2833 2836 2835 2834
f 2837 2838 2839 2840
f 2833 2837 2840 2836
f 2834 2835 2839 2838
f 2836 2840 2839 2835
f 2833 2834 2838 2837
f 2841 2844 2843 2842
f 2845 2846 2847 2848
f 2841 2845 2848 2844
f 2842 2843 2847 2846
f 2844 2848 2847 2843
f 2841 2842 2846 2845
f 2849 2852 2851 2850
f 2853 2854 2855 2856
f 2849 2853 2856 2852
f 2850 2851 2855 2854
f 2852 2856 2855 2851
f 2849 2850 2854 2853
f 2857 2860 2859 2858
f 2861 2862 2863 2864
f 2857 2861 2864 2860
f 2858 2859 2863 2862
f 2860 2864 2863 2859
f 2857 2858 2862 2861
f 2865 2868 2867 2866
f 2869 2870 2871 2872
f 2865 2869 2872 2868
f 2866 2867 2871 2870
f 2868 2872 2871 2867
f 2865 2866 2870 2869
f 2873 2876 2875 2874
f 2877 2878 2879 2880
f 2873 2877 2880 2876
f 2874 2875 2879 2878
f 2876 2880 2879 2875
f 2873 2874 2878 2877
f 2881 2884 2883 2882
f 2885 2886 2887 2888
f 2881 2885 2888 2884
f 2882 2883 2887 2886
f 2884 2888 2887 2883
f 2881 2882 2886 2885
f 2889 2892 2891 2890
f 2893 2894 2895 2896
f 2889 2893 2896 2892
f 2890 2891 2895 2894
f 2892 2896 2895 2891
f 2889 2890 2894 2893
f 2897 2900 2899 2898
f 2901 2902 2903 2904
f 2897 2901 2904 2900
f 2898 2899 2903 2902
f 2900 2904 2903 2899
f 2897 2898 2902 2901
f 2905 2908 2907 2906
f 2909 2910 2911 2912
f 2905 2909 2912 2908
f 2906 2907 2911 2910
f 2908 2912 2911 2907
f 2905 2906 2910 2909
f 2913 2916 2915 2914
f 2917 2918 2919 2920
f 2913 2917 2920 2916
f 2914 2915 2919 2918
f 2916 2920 2919 2915
f 2913 2914 2918 2917
f 2921 2924 2923 2922
f 2925 2926 2927 2928
f 2921 2925 2928 2924
f 2922 2923 2927 2926
f 2924 2928 2927 2923
f 2921 2922 2926 2925
f 2929 2932 2931 2930
f 2933 2934 2935 2936
f 2929 2933 2936 2932
f 2930 2931 2935 2934
f 2932 2936 2935 2931
f 2929 2930 2934 2933
f 2937 2940 2939 2938
f 2941 2942 2943 2944
f 2937 2941 2944 2940
f 2938 2939 2943 2942
f 2940 2944 2943 2939
f 2937 2938 2942 2941
f 2945 2948 2947 2946
f 2949 2950 2951 2952
f 2945 2949 2952 2948
f 2946 2947 2951 2950
f 2948 2952 2951 2947
f 2945 2946 2950 2949
f 2953 2956 2955 2954
f 2957 2958 2959 2960
f 2953 2957 2960 2956
f 2954 2955 2959 2958
f 2956 2960 2959 2955
f 2953 2954 2958 2957
f 2961 2964 2963 2962
f 2965 2966 2967 2968
f 2961 2965 2968 2964
f 2962 2963 2967 2966
f 2964 2968 2967 2963
f 2961 2962 2966 2965
f 2969 2972 2971 2970
f 2973 2974 2975 2976
f 2969 2973 2976 2972
f 2970 2971 2975 2974
f 2972 2976 2975 2971
f 2969 2970 2974 2973
f 2977 2980 2979 2978
f 2981 2982 2983 2984
f 2977 2981 2984 2980
f 2978 2979 2983 2982
f 2980 2984 2983 2979
f 2977 2978 2982 2981
f 2985 2988 2987 2986
f 2989 2990 2991 2992
f 2985 2989 2992 2988
f 2986 2987 2991 2990
f 2988 2992 2991 2987
f 2985 2986 2990 2989
f 2993 2996 2995 2994
f 2997 2998 2999 3000
f 2993 2997 3000 2996
f 2994 2995 2999 2998
f 2996 3000 2999 2995
f 2993 2994 2998 2997
f 3001 3004 3003 3002
f 3005 3006 3007 3008
f 3001 3005 3008 3004
f 3002 3003 3007 3006
f 3004 3008 3007 3003
f 3001 3002 3006 3005
f 3009 3012 3011 3010
f 3013 3014 3015 3016
f 3009 3013 3016 3012
f 3010 3011 3015 3014
f 3012 3016 3015 3011
f 3009 3010 3014 3013
f 3017 3020 3019 3018
f 3021 3022 3023 3024
f 3017 3021 3024 3020
f 3018 3019 3023 3022
f 3020 3024 3023 3019
f 3017 3018 3022 3021
f 3025 3028 3027 3026
f 3029 3030 3031 3032
f 3025 3029 3032 3028
f 3026 3027 3031 3030
f 3028 3032 3031 3027
f 3025 3026 3030 3029
f 3033 3036 3035 3034
f 3037 3038 3039 3040
f 3033 3037 3040 3036
f 3034 3035 3039 3038
f 3036 3040 3039 3035
f 3033 3034 3038 3037
f 3041 3044 3043 3042
f 3045 3046 3047 3048
f 3041 3045 3048 3044
f 3042 3043 3047 3046
f 3044 3048 3047 3043
f 3041 3042 3046 3045
f 3049 3052 3051 3050
f 3053 3054 3055 3056
f 3049 3053 3056 3052
f 3050 3051 3055 3054
f 3052 3056 3055 3051
f 3049 3050 3054 3053
f 3057 3060 3059 3058
f 3061 3062 3063 3064
f 3057 3061 3064 3060
f 3058 3059 3063 3062
f 3060 3064 3063 3059
f 3057 3058 3062 3061
f 3065 3068 3067 3066
f 3069 3070 3071 3072
f 3065 3069 3072 3068
f 3066 3067 3071 3070
f 3068 3072 3071 3067
f 3065 3066 3070 3069
f 3073 3076 3075 3074
f 3077 3078 3079 3080
f 3073 3077 3080 3076
f 3074 3075 3079 3078
f 3076 3080 3079 3075
f 3073 3074 3078 3077
f 3081 3084 3083 3082
f 3085 3086 3087 3088
f 3081 3085 3088 3084
f 3082 3083 3087 3086
f 3084 3088 3087 3083
f 3081 3082 3086 3085
f 3089 3092 3091 3090
f 3093 3094 3095 3096
f 3089 3093 3096 3092
f 3090 3091 3095 3094
f 3092 3096 3095 3091
f 3089 3090 3094 3093
f 3097 3100 3099 3098
f 3101 3102 3103 3104
f 3097 3101 3104 3100
f 3098 3099 3103 3102
f 3100 3104 3103 3099
f 3097 3098 3102 3101
f 3105 3108 3107 3106
f 3109 3110 3111 3112
f 3105 3109 3112 3108
f 3106 3107 3111 3110
f 3108 3112 3111 3107
f 3105 3106 3110 3109
f 3113 3116 3115 3114
f 3117 3118 3119 3120
f 3113 3117 3120 3116
f 3114 3115 3119 3118
f 3116 3120 3119 3115
f 3113 3114 3118 3117
f 3121 3124 3123 3122
f 3125 3126 3127 3128
f 3121 3125 3128 3124
f 3122 3123 3127 3126
f 3124 3128 3127 3123
f 3121 3122 3126 3125
f 3129 3132 3131 3130
f 3133 3134 3135 3136
f 3129 3133 3136 3132
f 3130 3131 3135 3134
f 3132 3136 3135 3131
f 3129 3130 3134 3133
f 3137 3140 3139 3138
f 3141 3142 3143 3144
f 3137 3141 3144 3140
f 3138 3139 3143 3142
f 3140 3144 3143 3139
f 3137 3138 3142 3141
f 3145 3148 3147 3146
f 3149 3150 3151 3152
f 3145 3149 3152 3148
f 3146 3147 3151 3150
f 3148 3152 3151 3147
f 3145 3146 3150 3149
f 3153 3156 3155 3154
f 3157 3158 3159 3160
f 3153 3157 3160 3156
f 3154 3155 3159 3158
f 3156 3160 3159 3155
f 3153 3154 3158 3157
f 3161 3164 3163 3162
f 3165 3166 3167 3168
f 3161 3165 3168 3164
f 3162 3163 3167 3166
f 3164 3168 3167 3163
f 3161 3162 3166 3165
f 3169 3172 3171 3170
f 3173 3174 3175 3176
f 3169 3173 3176 3172
f 3170 3171 3175 3174
f 3172 3176 3175 3171
f 3169 3170 3174 3173
f 3177 3180 3179 3178
f 3181 3182 3183 3184
f 3177 3181 3184 3180
f 3178 3179 3183 3182
f 3180 3184 3183 3179
f 3177 3178 3182 3181
f 3185 3188 3187 3186
f 3189 3190 3191 3192
f 3185 3189 3192 3188
f 3186 3187 3191 3190
f 3188 3192 3191 3187
f 3185 3186 3190 3189
f 3193 3196 3195 3194
f 3197 3198 3199 3200
f 3193 3197 3200 3196
f 3194 3195 3199 3198
f 3196 3200 3199 3195
f 3193 3194 3198 3197
f 3201 3204 3203 3202
f 3205 3206 3207 3208
f 3201 3205 3208 3204
f 3202 3203 3207 3206
f 3204 3208 3207 3203
f 3201 3202 3206 3205
f 3209 3212 3211 3210
f 3213 3214 3215 3216
f 3209 3213 3216 3212
f 3210 3211 3215 3214
f 3212 3216 3215 3211
f 3209 3210 3214 3213
f 3217 3220 3219 3218
f 3221 3222 3223 3224
f 3217 3221 3224 3220
f 3218 3219 3223 3222
f 3220 3224 3223 3219
f 3217 3218 3222 3221
f 3225 3228 3227 3226
f 3229 3230 3231 3232
f 3225 3229 3232 3228
f 3226 3227 3231 3230
f 3228 3232 3231 3227
f 3225 3226 3230 3229
f 3233 3236 3235 3234
f 3237 3238 3239 3240
f 3233 3237 3240 3236
f 3234 3235 3239 3238
f 3236 3240 3239 3235
f 3233 3234 3238 3237
f 3241 3244 3243 3242
f 3245 3246 3247 3248
f 3241 3245 3248 3244
f 3242 3243 3247 3246
f 3244 3248 3247 3243
f 3241 3242 3246 3245
f 3249 3252 3251 3250
f 3253 3254 3255 3256
f 3249 3253 3256 3252
f 3250 3251 3255 3254
f 3252 3256 3255 3251
f 3249 3250 3254 3253
f 3257 3260 3259 3258
f 3261 3262 3263 3264
f 3257 3261 3264 3260
f 3258 3259 3263 3262
f 3260 3264 3263 3259
f 3257 3258 3262 3261
f 3265 3268 3267 3266
f 3269 3270 3271 3272
f 3265 3269 3272 3268
f 3266 3267 3271 3270
f 3268 3272 3271 3267
f 3265 3266 3270 3269
f 3273 3276 3275 3274
f 3277 3278 3279 3280
f 3273 3277 3280 3276
f 3274 3275 3279 3278
f 3276 3280 3279 3275
f 3273 3274 3278 3277
f 3281 3284 3283 3282
f 3285 3286 3287 3288
f 3281 3285 3288 3284
f 3282 3283 3287 3286
f 3284 3288 3287 3283
f 3281 3282 3286 3285
f 3289 3292 3291 3290
f 3293 3294 3295 3296
f 3289 3293 3296 3292
f 3290 3291 3295 3294
f 3292 3296 3295 3291
f 3289 3290 3294 3293
f 3297 3300 3299 3298
f 3301 3302 3303 3304
f 3297 3301 3304 3300
f 3298 3299 3303 3302
f 3300 3304 3303 3299
f 3297 3298 3302 3301
f 3305 3308 3307 3306
f 3309 3310 3311 3312
f 3305 3309 3312 3308
f 3306 3307 3311 3310
f 3308 3312 3311 3307
f 3305 3306 3310 3309
f 3313 3316 3315 3314
f 3317 3318 3319 3320
f 3313 3317 3320 3316
f 3314 3315 3319 3318
f 3316 3320 3319 3315
f 3313 3314 3318 3317
f 3321 3324 3323 3322
f 3325 3326 3327 3328
f 3321 3325 3328 3324
f 3322 3323 3327 3326
f 3324 3328 3327 3323
f 3321 3322 3326 3325
f 3329 3332 3331 3330
f 3333 3334 3335 3336
f 3329 3333 3336 3332
f 3330 3331 3335 3334
f 3332 3336 3335 3331
f 3329 3330 3334 3333
f 3337 3340 3339 3338
f 3341 3342 3343 3344
f 3337 3341 3344 3340
f 3338 3339 3343 3342
f 3340 3344 3343 3339
f 3337 3338 3342 3341
f 3345 3348 3347 3346
f 3349 3350 3351 3352
f 3345 3349 3352 3348
f 3346 3347 3351 3350
f 3348 3352 3351 3347
f 3345 3346 3350 3349
f 3353 3356 3355 3354
f 3357 3358 3359 3360
f 3353 3357 3360 3356
f 3354 3355 3359 3358
f 3356 3360 3359 3355
f 3353 3354 3358 3357
f 3361 3364 3363 3362
f 3365 3366 3367 3368
f 3361 3365 3368 3364
f 3362 3363 3367 3366
f 3364 3368 3367 3363
f 3361 3362 3366 3365
f 3369 3372 3371 3370
f 3373 3374 3375 3376
f 3369 3373 3376 3372
f 3370 3371 3375 3374
f 3372 3376 3375 3371
f 3369 3370 3374 3373
f 3377 3380 3379 3378
f 3381 3382 3383 3384
f 3377 3381 3384 3380
f 3378 3379 3383 3382
f 3380 3384 3383 3379
f 3377 3378 3382 3381
f 3385 3388 3387 3386
f 3389 3390 3391 3392
f 3385 3389 3392 3388
f 3386 3387 3391 3390
f 3388 3392 3391 3387
f 3385 3386 3390 3389
f 3393 3396 3395 3394
f 3397 3398 3399 3400
f 3393 3397 3400 3396
f 3394 3395 3399 3398
f 3396 3400 3399 3395
f 3393 3394 3398 3397
f 3401 3404 3403 3402
f 3405 3406 3407 3408
f 3401 3405 3408 3404
f 3402 3403 3407 3406
f 3404 3408 3407 3403
f 3401 3402 3406 3405
f 3409 3412 3411 3410
f 3413 3414 3415 3416
f 3409 3413 3416 3412
f 3410 3411 3415 3414
f 3412 3416 3415 3411
f 3409 3410 3414 3413
f 3417 3420 3419 3418
f 3421 3422 3423 3424
f 3417 3421 3424 3420
f 3418 3419 3423 3422
f 3420 3424 3423 3419
f 3417 3418 3422 3421
f 3425 3428 3427 3426
f 3429 3430 3431 3432
f 3425 3429 3432 3428
f 3426 3427 3431 3430
f 3428 3432 3431 3427
f 3425 3426 3430 3429
f 3433 3436 3435 3434
f 3437 3438 3439 3440
f 3433 3437 3440 3436
f 3434 3435 3439 3438
f 3436 3440 3439 3435
f 3433 3434 3438 3437
f 3441 3444 3443 3442
f 3445 3446 3447 3448
f 3441 3445 3448 3444
f 3442 3443 3447 3446
f 3444 3448 3447 3443
f 3441 3442 3446 3445
f 3449 3452 3451 3450
f 3453 3454 3455 3456
f 3449 3453 3456 3452
f 3450 3451 3455 3454
f 3452 3456 3455 3451
f 3449 3450 3454 3453
f 3457 3460 3459 3458
f 3461 3462 3463 3464
f 3457 3461 3464 3460
f 3458 3459 3463 3462
f 3460 3464 3463 3459
f 3457 3458 3462 3461
f 3465 3468 3467 3466
f 3469 3470 3471 3472
f 3465 3469 3472 3468
f 3466 3467 3471 3470
f 3468 3472 3471 3467
f 3465 3466 3470 3469
f 3473 3476 3475 3474
f 3477 3478 3479 3480
f 3473 3477 3480 3476
f 3474 3475 3479 3478
f 3476 3480 3479 3475
f 3473 3474 3478 3477
f 3481 3484 3483 3482
f 3485 3486 3487 3488
f 3481 3485 3488 3484
f 3482 3483 3487 3486
f 3484 3488 3487 3483
f 3481 3482 3486 3485
f 3489 3492 3491 3490
f 3493 3494 3495 3496
f 3489 3493 3496 3492
f 3490 3491 3495 3494
f 3492 3496 3495 3491
f 3489 3490 3494 3493
f 3497 3500 3499 3498
f 3501 3502 3503 3504
f 3497 3501 3504 3500
f 3498 3499 3503 3502
f 3500 3504 3503 3499
f 3497 3498 3502 3501
f 3505 3508 3507 3506
f 3509 3510 3511 3512
f 3505 3509 3512 3508
f 3506 3507 3511 3510
f 3508 3512 3511 3507
f 3505 3506 3510 3509
f 3513 3516 3515 3514
f 3517 3518 3519 3520
f 3513 3517 3520 3516
f 3514 3515 3519 3518
f 3516 3520 3519 3515
f 3513 3514 3518 3517
f 3521 3524 3523 3522
f 3525 3526 3527 3528
f 3521 3525 3528 3524
f 3522 3523 3527 3526
f 3524 3528 3527 3523
f 3521 3522 3526 3525
f 3529 3532 3531 3530
f 3533 3534 3535 3536
f 3529 3533 3536 3532
f 3530 3531 3535 3534
f 3532 3536 3535 3531
f 3529 3530 3534 3533
f 3537 3540 3539 3538
f 3541 3542 3543 3544
f 3537 3541 3544 3540
f 3538 3539 3543 3542
f 3540 3544 3543 3539
f 3537 3538 3542 3541
f 3545 3548 3547 3546
f 3549 3550 3551 3552
f 3545 3549 3552 3548
f 3546 3547 3551 3550
f 3548 3552 3551 3547
f 3545 3546 3550 3549
f 3553 3556 3555 3554
f 3557 3558 3559 3560
f 3553 3557 3560 3556
f 3554 3555 3559 3558
f 3556 3560 3559 3555
f 3553 3554 3558 3557
f 3561 3564 3563 3562
f 3565 3566 3567 3568
f 3561 3565 3568 3564
f 3562 3563 3567 3566
f 3564 3568 3567 3563
f 3561 3562 3566 3565
f 3569 3572 3571 3570
f 3573 3574 3575 3576
f 3569 3573 3576 3572
f 3570 3571 3575 3574
f 3572 3576 3575 3571
f 3569 3570 3574 3573
f 3577 3580 3579 3578
f 3581 3582 3583 3584
f 3577 3581 3584 3580
f 3578 3579 3583 3582
f 3580 3584 3583 3579
f 3577 3578 3582 3581
f 3585 3588 3587 3586
f 3589 3590 3591 3592
f 3585 3589 3592 3588
f 3586 3587 3591 3590
f 3588 3592 3591 3587
f 3585 3586 3590 3589
f 3593 3596 3595 3594
f 3597 3598 3599 3600
f 3593 3597 3600 3596
f 3594 3595 3599 3598
f 3596 3600 3599 3595
f 3593 3594 3598 3597
f 3601 3604 3603 3602
f 3605 3606 3607 3608
f 3601 3605 3608 3604
f 3602 3603 3607 3606
f 3604 3608 3607 3603
f 3601 3602 3606 3605
f 3609 3612 3611 3610
f 3613 3614 3615 3616
f 3609 3613 3616 3612
f 3610 3611 3615 3614
f 3612 3616 3615 3611
f 3609 3610 3614 3613
f 3617 3620 3619 3618
f 3621 3622 3623 3624
f 3617 3621 3624 3620
f 3618 3619 3623 3622
f 3620 3624 3623 3619
f 3617 3618 3622 3621
f 3625 3628 3627 3626
f 3629 3630 3631 3632
f 3625 3629 3632 3628
f 3626 3627 3631 3630
f 3628 3632 3631 3627
f 3625 3626 3630 3629
f 3633 3636 3635 3634
f 3637 3638 3639 3640
f 3633 3637 3640 3636
f 3634 3635 3639 3638
f 3636 3640 3639 3635
f 3633 3634 3638 3637
f 3641 3644 3643 3642
f 3645 3646 3647 3648
f 3641 3645 3648 3644
f 3642 3643 3647 3646
f 3644 3648 3647 3643
f 3641 3642 3646 3645
f 3649 3652 3651 3650
f 3653 3654 3655 3656
f 3649 3653 3656 3652
f 3650 3651 3655 3654
f 3652 3656 3655 3651
f 3649 3650 3654 3653
f 3657 3660 3659 3658
f 3661 3662 3663 3664
f 3657 3661 3664 3660
f 3658 3659 3663 3662
f 3660 3664 3663 3659
f 3657 3658 3662 3661
f 3665 3668 3667 3666
f 3669 3670 3671 3672
f 3665 3669 3672 3668
f 3666 3667 3671 3670
f 3668 3672 3671 3667
f 3665 3666 3670 3669
f 3673 3676 3675 3674
f 3677 3678 3679 3680
f 3673 3677 3680 3676
f 3674 3675 3679 3678
f 3676 3680 3679 3675
f 3673 3674 3678 3677
f 3681 3684 3683 3682
f 3685 3686 3687 3688
f 3681 3685 3688 3684
f 3682 3683 3687 3686
f 3684 3688 3687 3683
f 3681 3682 3686 3685
f 3689 3692 3691 3690
f 3693 3694 3695 3696
f 3689 3693 3696 3692
f 3690 3691 3695 3694
f 3692 3696 3695 3691
f 3689 3690 3694 3693
f 3697 3700 3699 3698
f 3701 3702 3703 3704
f 3697 3701 3704 3700
f 3698 3699 3703 3702
f 3700 3704 3703 3699
f 3697 3698 3702 3701
f 3705 3708 3707 3706
f 3709 3710 3711 3712
f 3705 3709 3712 3708
f 3706 3707 3711 3710
f 3708 3712 3711 3707
f 3705 3706 3710 3709
f 3713 3716 3715 3714
f 3717 3718 3719 3720
f 3713 3717 3720 3716
f 3714 3715 3719 3718
f 3716 3720 3719 3715
f 3713 3714 3718 3717
f 3721 3724 3723 3722
f 3725 3726 3727 3728
f 3721 3725 3728 3724
f 3722 3723 3727 3726
f 3724 3728 3727 3723
f 3721 3722 3726 3725
f 3729 3732 3731 3730
f 3733 3734 3735 3736
f 3729 3733 3736 3732
f 3730 3731 3735 3734
f 3732 3736 3735 3731
f 3729 3730 3734 3733
f 3737 3740 3739 3738
f 3741 3742 3743 3744
f 3737 3741 3744 3740
f 3738 3739 3743 3742
f 3740 3744 3743 3739
f 3737 3738 3742 3741
f 3745 3748 3747 3746
f 3749 3750 3751 3752
f 3745 3749 3752 3748
f 3746 3747 3751 3750
f 3748 3752 3751 3747
f 3745 3746 3750 3749
f 3753 3756 3755 3754
f 3757 3758 3759 3760
f 3753 3757 3760 3756
f 3754 3755 3759 3758
f 3756 3760 3759 3755
f 3753 3754 3758 3757
f 3761 3764 3763 3762
f 3765 3766 3767 3768
f 3761 3765 3768 3764
f 3762 3763 3767 3766
f 3764 3768 3767 3763
f 3761 3762 3766 3765
f 3769 3772 3771 3770
f 3773 3774 3775 3776
f 3769 3773 3776 3772
f 3770 3771 3775 3774
f 3772 3776 3775 3771
f 3769 3770 3774 3773
f 3777 3780 3779 3778
f 3781 3782 3783 3784
f 3777 3781 3784 3780
f 3778 3779 3783 3782
f 3780 3784 3783 3779
f 3777 3778 3782 3781
f 3785 3788 3787 3786
f 3789 3790 3791 3792
f 3785 3789 3792 3788
f 3786 3787 3791 3790
f 3788 3792 3791 3787
f 3785 3786 3790 3789
f 3793 3796 3795 3794
f 3797 3798 3799 3800
f 3793 3797 3800 3796
f 3794 3795 3799 3798
f 3796 3800 3799 3795
f 3793 3794 3798 3797
f 3801 3804 3803 3802
f 3805 3806 3807 3808
f 3801 3805 3808 3804
f 3802 3803 3807 3806
f 3804 3808 3807 3803
f 3801 3802 3806 3805
f 3809 3812 3811 3810
f 3813 3814 3815 3816
f 3809 3813 3816 3812
f 3810 3811 3815 3814
f 3812 3816 3815 3811
f 3809 3810 3814 3813
f 3817 3820 3819 3818
f 3821 3822 3823 3824
f 3817 3821 3824 3820
f 3818 3819 3823 3822
f 3820 3824 3823 3819
f 3817 3818 3822 3821
f 3825 3828 3827 3826
f 3829 3830 3831 3832
f 3825 3829 3832 3828
f 3826 3827 3831 3830
f 3828 3832 3831 3827
f 3825 3826 3830 3829
f 3833 3836 3835 3834
f 3837 3838 3839 3840
f 3833 3837 3840 3836
f 3834 3835 3839 3838
f 3836 3840 3839 3835
f 3833 3834 3838 3837
f 3841 3844 3843 3842
f 3845 3846 3847 3848
f 3841 3845 3848 3844
f 3842 3843 3847 3846
f 3844 3848 3847 3843
f 3841 3842 3846 3845
f 3849 3852 3851 3850
f 3853 3854 3855 3856
f 3849 3853 3856 3852
f 3850 3851 3855 3854
f 3852 3856 3855 3851
f 3849 3850 3854 3853
f 3857 3860 3859 3858
f 3861 3862 3863 3864
f 3857 3861 3864 3860
f 3858 3859 3863 3862
f 3860 3864 3863 3859
f 3857 3858 3862 3861
f 3865 3868 3867 3866
f 3869 3870 3871 3872
f 3865 3869 3872 3868
f 3866 3867 3871 3870
f 3868 3872 3871 3867
f 3865 3866 3870 3869
f 3873 3876 3875 3874
f 3877 3878 3879 3880
f 3873 3877 3880 3876
f 3874 3875 3879 3878
f 3876 3880 3879 3875
f 3873 3874 3878 3877
f 3881 3884 3883 3882
f 3885 3886 3887 3888
f 3881 3885 3888 3884
f 3882 3883 3887 3886
f 3884 3888 3887 3883
f 3881 3882 3886 3885
f 3889 3892 3891 3890
f 3893 3894 3895 3896
f 3889 3893 3896 3892
f 3890 3891 3895 3894
f 3892 3896 3895 3891
f 3889 3890 3894 3893
f 3897 3900 3899 3898
f 3901 3902 3903 3904
f 3897 3901 3904 3900
f 3898 3899 3903 3902
f 3900 3904 3903 3899
f 3897 3898 3902 3901
f 3905 3908 3907 3906
f 3909 3910 3911 3912
f 3905 3909 3912 3908
f 3906 3907 3911 3910
f 3908 3912 3911 3907
f 3905 3906 3910 3909
f 3913 3916 3915 3914
f 3917 3918 3919 3920
f 3913 3917 3920 3916
f 3914 3915 3919 3918
f 3916 3920 3919 3915
f 3913 3914 3918 3917
f 3921 3924 3923 3922
f 3925 3926 3927 3928
f 3921 3925 3928 3924
f 3922 3923 3927 3926
f 3924 3928 3927 3923
f 3921 3922 3926 3925
f 3929 3932 3931 3930
f 3933 3934 3935 3936
f 3929 3933 3936 3932
f 3930 3931 3935 3934
f 3932 3936 3935 3931
f 3929 3930 3934 3933
f 3937 3940 3939 3938
f 3941 3942 3943 3944
f 3937 3941 3944 3940
f 3938 3939 3943 3942
f 3940 3944 3943 3939
f 3937 3938 3942 3941
f 3945 3948 3947 3946
f 3949 3950 3951 3952
f 3945 3949 3952 3948
f 3946 3947 3951 3950
f 3948 3952 3951 3947
f 3945 3946 3950 3949
f 3953 3956 3955 3954
f 3957 3958 3959 3960
f 3953 3957 3960 3956
f 3954 3955 3959 3958
f 3956 3960 3959 3955
f 3953 3954 3958 3957
f 3961 3964 3963 3962
f 3965 3966 3967 3968
f 3961 3965 3968 3964
f 3962 3963 3967 3966
f 3964 3968 3967 3963
f 3961 3962 3966 3965
f 3969 3972 3971 3970
f 3973 3974 3975 3976
f 3969 3973 3976 3972
f 3970 3971 3975 3974
f 3972 3976 3975 3971
f 3969 3970 3974 3973
f 3977 3980 3979 3978
f 3981 3982 3983 3984
f 3977 3981 3984 3980
f 3978 3979 3983 3982
f 3980 3984 3983 3979
f 3977 3978 3982 3981
f 3985 3988 3987 3986
f 3989 3990 3991 3992
f 3985 3989 3992 3988
f 3986 3987 3991 3990
f 3988 3992 3991 3987
f 3985 3986 3990 3989
f 3993 3996 3995 3994
f 3997 3998 3999 4000
f 3993 3997 4000 3996
f 3994 3995 3999 3998
f 3996 4000 3999 3995
f 3993 3994 3998 3997
f 4001 4004 4003 4002
f 4005 4006 4007 4008
f 4001 4005 4008 4004
f 4002 4003 4007 4006
f 4004 4008 4007 4003
f 4001 4002 4006 4005
f 4009 4012 4011 4010
f 4013 4014 4015 4016
f 4009 4013 4016 4012
f 4010 4011 4015 4014
f 4012 4016 4015 4011
f 4009 4010 4014 4013
f 4017 4020 4019 4018
f 4021 4022 4023 4024
f 4017 4021 4024 4020
f 4018 4019 4023 4022
f 4020 4024 4023 4019
f 4017 4018 4022 4021
f 4025 4028 4027 4026
f 4029 4030 4031 4032
f 4025 4029 4032 4028
f 4026 4027 4031 4030
f 4028 4032 4031 4027
f 4025 4026 4030 4029
f 4033 4036 4035 4034
f 4037 4038 4039 4040
f 4033 4037 4040 4036
f 4034 4035 4039 4038
f 4036 4040 4039 4035
f 4033 4034 4038 4037
f 4041 4044 4043 4042
f 4045 4046 4047 4048
f 4041 4045 4048 4044
f 4042 4043 4047 4046
f 4044 4048 4047 4043
f 4041 4042 4046 4045
f 4049 4052 4051 4050
f 4053 4054 4055 4056
f 4049 4053 4056 4052
f 4050 4051 4055 4054
f 4052 4056 4055 4051
f 4049 4050 4054 4053
f 4057 4060 4059 4058
f 4061 4062 4063 4064
f 4057 4061 4064 4060
f 4058 4059 4063 4062
f 4060 4064 4063 4059
f 4057 4058 4062 4061
f 4065 4068 4067 4066
f 4069 4070 4071 4072
f 4065 4069 4072 4068
f 4066 4067 4071 4070
f 4068 4072 4071 4067
f 4065 4066 4070 4069
f 4073 4076 4075 4074
f 4077 4078 4079 4080
f 4073 4077 4080 4076
f 4074 4075 4079 4078
f 4076 4080 4079 4075
f 4073 4074 4078 4077
f 4081 4084 4083 4082
f 4085 4086 4087 4088
f 4081 4085 4088 4084
f 4082 4083 4087 4086
f 4084 4088 4087 4083
f 4081 4082 4086 4085
f 4089 4092 4091 4090
f 4093 4094 4095 4096
f 4089 4093 4096 4092
f 4090 4091 4095 4094
f 4092 4096 4095 4091
f 4089 4090 4094 4093
f 4097 4100 4099 4098
f 4101 4102 4103 4104
f 4097 4101 4104 4100
f 4098 4099 4103 4102
f 4100 4104 4103 4099
f 4097 4098 4102 4101
f 4105 4108 4107 4106
f 4109 4110 4111 4112
f 4105 4109 4112 4108
f 4106 4107 4111 4110
f 4108 4112 4111 4107
f 4105 4106 4110 4109
f 4113 4116 4115 4114
f 4117 4118 4119 4120
f 4113 4117 4120 4116
f 4114 4115 4119 4118
f 4116 4120 4119 4115
f 4113 4114 4118 4117
f 4121 4124 4123 4122
f 4125 4126 4127 4128
f 4121 4125 4128 4124
f 4122 4123 4127 4126
f 4124 4128 4127 4123
f 4121 4122 4126 4125
f 4129 4132 4131 4130
f 4133 4134 4135 4136
f 4129 4133 4136 4132
f 4130 4131 4135 4134
f 4132 4136 4135 4131
f 4129 4130 4134 4133
f 4137 4140 4139 4138
f 4141 4142 4143 4144
f 4137 4141 4144 4140
f 4138 4139 4143 4142
f 4140 4144 4143 4139
f 4137 4138 4142 4141
f 4145 4148 4147 4146
f 4149 4150 4151 4152
f 4145 4149 4152 4148
f 4146 4147 4151 4150
f 4148 4152 4151 4147
f 4145 4146 4150 4149
f 4153 4156 4155 4154
f 4157 4158 4159 4160
f 4153 4157 4160 4156
f 4154 4155 4159 4158
f 4156 4160 4159 4155
f 4153 4154 4158 4157
f 4161 4164 4163 4162
f 4165 4166 4167 4168
f 4161 4165 4168 4164
f 4162 4163 4167 4166
f 4164 4168 4167 4163
f 4161 4162 4166 4165
f 4169 4172 4171 4170
f 4173 4174 4175 4176
f 4169 4173 4176 4172
f 4170 4171 4175 4174
f 4172 4176 4175 4171
f 4169 4170 4174 4173
f 4177 4180 4179 4178
f 4181 4182 4183 4184
f 4177 4181 4184 4180
f 4178 4179 4183 4182
f 4180 4184 4183 4179
f 4177 4178 4182 4181
f 4185 4188 4187 4186
f 4189 4190 4191 4192
f 4185 4189 4192 4188
f 4186 4187 4191 4190
f 4188 4192 4191 4187
f 4185 4186 4190 4189
f 4193 4196 4195 4194
f 4197 4198 4199 4200
f 4193 4197 4200 4196
f 4194 4195 4199 4198
f 4196 4200 4199 4195
f 4193 4194 4198 4197
f 4201 4204 4203 4202
f 4205 4206 4207 4208
f 4201 4205 4208 4204
f 4202 4203 4207 4206
f 4204 4208 4207 4203
f 4201 4202 4206 4205
f 4209 4212 4211 4210
f 4213 4214 4215 4216
f 4209 4213 4216 4212
f 4210 4211 4215 4214
f 4212 4216 4215 4211
f 4209 4210 4214 4213
f 4217 4220 4219 4218
f 4221 4222 4223 4224
f 4217 4221 4224 4220
f 4218 4219 4223 4222
f 4220 4224 4223 4219
f 4217 4218 4222 4221
f 4225 4228 4227 4226
f 4229 4230 4231 4232
f 4225 4229 4232 4228
f 4226 4227 4231 4230
f 4228 4232 4231 4227
f 4225 4226 4230 4229
f 4233 4236 4235 4234
f 4237 4238 4239 4240
f 4233 4237 4240 4236
f 4234 4235 4239 4238
f 4236 4240 4239 4235
f 4233 4234 4238 4237
f 4241 4244 4243 4242
f 4245 4246 4247 4248
f 4241 4245 4248 4244
f 4242 4243 4247 4246
f 4244 4248 4247 4243
f 4241 4242 4246 4245
f 4249 4252 4251 4250
f 4253 4254 4255 4256
f 4249 4253 4256 4252
f 4250 4251 4255 4254
f 4252 4256 4255 4251
f 4249 4250 4254 4253
f 4257 4260 4259 4258
f 4261 4262 4263 4264
f 4257 4261 4264 4260
f 4258 4259 4263 4262
f 4260 4264 4263 4259
f 4257 4258 4262 4261
f 4265 4268 4267 4266
f 4269 4270 4271 4272
f 4265 4269 4272 4268
f 4266 4267 4271 4270
f 4268 4272 4271 4267
f 4265 4266 4270 4269
f 4273 4276 4275 4274
f 4277 4278 4279 4280
f 4273 4277 4280 4276
f 4274 4275 4279 4278
f 4276 4280 4279 4275
f 4273 4274 4278 4277
f 4281 4284 4283 4282
f 4285 4286 4287 4288
f 4281 4285 4288 4284
f 4282 4283 4287 4286
f 4284 4288 4287 4283
f 4281 4282 4286 4285
f 4289 4292 4291 4290
f 4293 4294 4295 4296
f 4289 4293 4296 4292
f 4290 4291 4295 4294
f 4292 4296 4295 4291
f 4289 4290 4294 4293
f 4297 4300 4299 4298
f 4301 4302 4303 4304
f 4297 4301 4304 4300
f 4298 4299 4303 4302
f 4300 4304 4303 4299
f 4297 4298 4302 4301
f 4305 4308 4307 4306
f 4309 4310 4311 4312
f 4305 4309 4312 4308
f 4306 4307 4311 4310
f 4308 4312 4311 4307
f 4305 4306 4310 4309
f 4313 4316 4315 4314
f 4317 4318 4319 4320
f 4313 4317 4320 4316
f 4314 4315 4319 4318
f 4316 4320 4319 4315
f 4313 4314 4318 4317
f 4321 4324 4323 4322
f 4325 4326 4327 4328
f 4321 4325 4328 4324
f 4322 4323 4327 4326
f 4324 4328 4327 4323
f 4321 4322 4326 4325
f 4329 4332 4331 4330
f 4333 4334 4335 4336
f 4329 4333 4336 4332
f 4330 4331 4335 4334
f 4332 4336 4335 4331
f 4329 4330 4334 4333
f 4337 4340 4339 4338
f 4341 4342 4343 4344
f 4337 4341 4344 4340
f 4338 4339 4343 4342
f 4340 4344 4343 4339
f 4337 4338 4342 4341
f 4345 4348 4347 4346
f 4349 4350 4351 4352
f 4345 4349 4352 4348
f 4346 4347 4351 4350
f 4348 4352 4351 4347
f 4345 4346 4350 4349
f 4353 4356 4355 4354
f 4357 4358 4359 4360
f 4353 4357 4360 4356
f 4354 4355 4359 4358
f 4356 4360 4359 4355
f 4353 4354 4358 4357
f 4361 4364 4363 4362
f 4365 4366 4367 4368
f 4361 4365 4368 4364
f 4362 4363 4367 4366
f 4364 4368 4367 4363
f 4361 4362 4366 4365
f 4369 4372 4371 4370
f 4373 4374 4375 4376
f 4369 4373 4376 4372
f 4370 4371 4375 4374
f 4372 4376 4375 4371
f 4369 4370 4374 4373
f 4377 4380 4379 4378
f 4381 4382 4383 4384
f 4377 4381 4384 4380
f 4378 4379 4383 4382
f 4380 4384 4383 4379
f 4377 4378 4382 4381
f 4385 4388 4387 4386
f 4389 4390 4391 4392
f 4385 4389 4392 4388
f 4386 4387 4391 4390
f 4388 4392 4391 4387
f 4385 4386 4390 4389
f 4393 4396 4395 4394
f 4397 4398 4399 4400
f 4393 4397 4400 4396
f 4394 4395 4399 4398
f 4396 4400 4399 4395
f 4393 4394 4398 4397
f 4401 4404 4403 4402
f 4405 4406 4407 4408
f 4401 4405 4408 4404
f 4402 4403 4407 4406
f 4404 4408 4407 4403
f 4401 4402 4406 4405
f 4409 4412 4411 4410
f 4413 4414 4415 4416
f 4409 4413 4416 4412
f 4410 4411 4415 4414
f 4412 4416 4415 4411
f 4409 4410 4414 4413
f 4417 4420 4419 4418
f 4421 4422 4423 4424
f 4417 4421 4424 4420
f 4418 4419 4423 4422
f 4420 4424 4423 4419
f 4417 4418 4422 4421
f 4425 4428 4427 4426
f 4429 4430 4431 4432
f 4425 4429 4432 4428
f 4426 4427 4431 4430
f 4428 4432 4431 4427
f 4425 4426 4430 4429
f 4433 4436 4435 4434
f 4437 4438 4439 4440
f 4433 4437 4440 4436
f 4434 4435 4439 4438
f 4436 4440 4439 4435
f 4433 4434 4438 4437
f 4441 4444 4443 4442
f 4445 4446 4447 4448
f 4441 4445 4448 4444
f 4442 4443 4447 4446
f 4444 4448 4447 4443
f 4441 4442 4446 4445
f 4449 4452 4451 4450
f 4453 4454 4455 4456
f 4449 4453 4456 4452
f 4450 4451 4455 4454
f 4452 4456 4455 4451
f 4449 4450 4454 4453
f 4457 4460 4459 4458
f 4461 4462 4463 4464
f 4457 4461 4464 4460
f 4458 4459 4463 4462
f 4460 4464 4463 4459
f 4457 4458 4462 4461
f 4465 4468 4467 4466
f 4469 4470 4471 4472
f 4465 4469 4472 4468
f 4466 4467 4471 4470
f 4468 4472 4471 4467
f 4465 4466 4470 4469
f 4473 4476 4475 4474
f 4477 4478 4479 4480
f 4473 4477 4480 4476
f 4474 4475 4479 4478
f 4476 4480 4479 4475
f 4473 4474 4478 4477
f 4481 4484 4483 4482
f 4485 4486 4487 4488
f 4481 4485 4488 4484
f 4482 4483 4487 4486
f 4484 4488 4487 4483
f 4481 4482 4486 4485
f 4489 4492 4491 4490
f 4493 4494 4495 4496
f 4489 4493 4496 4492
f 4490 4491 4495 4494
f 4492 4496 4495 4491
f 4489 4490 4494 4493
f 4497 4500 4499 4498
f 4501 4502 4503 4504
f 4497 4501 4504 4500
f 4498 4499 4503 4502
f 4500 4504 4503 4499
f 4497 4498 4502 4501
f 4505 4508 4507 4506
f 4509 4510 4511 4512
f 4505 4509 4512 4508
f 4506 4507 4511 4510
f 4508 4512 4511 4507
f 4505 4506 4510 4509
f 4513 4516 4515 4514
f 4517 4518 4519 4520
f 4513 4517 4520 4516
f 4514 4515 4519 4518
f 4516 4520 4519 4515
f 4513 4514 4518 4517
f 4521 4524 4523 4522
f 4525 4526 4527 4528
f 4521 4525 4528 4524
f 4522 4523 4527 4526
f 4524 4528 4527 4523
f 4521 4522 4526 4525
f 4529 4532 4531 4530
f 4533 4534 4535 4536
f 4529 4533 4536 4532
f 4530 4531 4535 4534
f 4532 4536 4535 4531
f 4529 4530 4534 4533
f 4537 4540 4539 4538
f 4541 4542 4543 4544
f 4537 4541 4544 4540
f 4538 4539 4543 4542
f 4540 4544 4543 4539
f 4537 4538 4542 4541
f 4545 4548 4547 4546
f 4549 4550 4551 4552
f 4545 4549 4552 4548
f 4546 4547 4551 4550
f 4548 4552 4551 4547
f 4545 4546 4550 4549
f 4553 4556 4555 4554
f 4557 4558 4559 4560
f 4553 4557 4560 4556
f 4554 4555 4559 4558
f 4556 4560 4559 4555
f 4553 4554 4558 4557
f 4561 4564 4563 4562
f 4565 4566 4567 4568
f 4561 4565 4568 4564
f 4562 4563 4567 4566
f 4564 4568 4567 4563
f 4561 4562 4566 4565
f 4569 4572 4571 4570
f 4573 4574 4575 4576
f 4569 4573 4576 4572
f 4570 4571 4575 4574
f 4572 4576 4575 4571
f 4569 4570 4574 4573
f 4577 4580 4579 4578
f 4581 4582 4583 4584
f 4577 4581 4584 4580
f 4578 4579 4583 4582
f 4580 4584 4583 4579
f 4577 4578 4582 4581
f 4585 4588 4587 4586
f 4589 4590 4591 4592
f 4585 4589 4592 4588
f 4586 4587 4591 4590
f 4588 4592 4591 4587
f 4585 4586 4590 4589
f 4593 4596 4595 4594
f 4597 4598 4599 4600
f 4593 4597 4600 4596
f 4594 4595 4599 4598
f 4596 4600 4599 4595
f 4593 4594 4598 4597
f 4601 4604 4603 4602
f 4605 4606 4607 4608
f 4601 4605 4608 4604
f 4602 4603 4607 4606
f 4604 4608 4607 4603
f 4601 4602 4606 4605
f 4609 4612 4611 4610
f 4613 4614 4615 4616
f 4609 4613 4616 4612
f 4610 4611 4615 4614
f 4612 4616 4615 4611
f 4609 4610 4614 4613
f 4617 4620 4619 4618
f 4621 4622 4623 4624
f 4617 4621 4624 4620
f 4618 4619 4623 4622
f 4620 4624 4623 4619
f 4617 4618 4622 4621
f 4625 4628 4627 4626
f 4629 4630 4631 4632
f 4625 4629 4632 4628
f 4626 4627 4631 4630
f 4628 4632 4631 4627
f 4625 4626 4630 4629
f 4633 4636 4635 4634
f 4637 4638 4639 4640
f 4633 4637 4640 4636
f 4634 4635 4639 4638
f 4636 4640 4639 4635
f 4633 4634 4638 4637
f 4641 4644 4643 4642
f 4645 4646 4647 4648
f 4641 4645 4648 4644
f 4642 4643 4647 4646
f 4644 4648 4647 4643
f 4641 4642 4646 4645
f 4649 4652 4651 4650
f 4653 4654 4655 4656
f 4649 4653 4656 4652
f 4650 4651 4655 4654
f 4652 4656 4655 4651
f 4649 4650 4654 4653
f 4657 4660 4659 4658
f 4661 4662 4663 4664
f 4657 4661 4664 4660
f 4658 4659 4663 4662
f 4660 4664 4663 4659
f 4657 4658 4662 4661
f 4665 4668 4667 4666
f 4669 4670 4671 4672
f 4665 4669 4672 4668
f 4666 4667 4671 4670
f 4668 4672 4671 4667
f 4665 4666 4670 4669
f 4673 4676 4675 4674
f 4677 4678 4679 4680
f 4673 4677 4680 4676
f 4674 4675 4679 4678
f 4676 4680 4679 4675
f 4673 4674 4678 4677
f 4681 4684 4683 4682
f 4685 4686 4687 4688
f 4681 4685 4688 4684
f 4682 4683 4687 4686
f 4684 4688 4687 4683
f 4681 4682 4686 4685
f 4689 4692 4691 4690
f 4693 4694 4695 4696
f 4689 4693 4696 4692
f 4690 4691 4695 4694
f 4692 4696 4695 4691
f 4689 4690 4694 4693
f 4697 4700 4699 4698
f 4701 4702 4703 4704
f 4697 4701 4704 4700
f 4698 4699 4703 4702
f 4700 4704 4703 4699
f 4697 4698 4702 4701
f 4705 4708 4707 4706
f 4709 4710 4711 4712
f 4705 4709 4712 4708
f 4706 4707 4711 4710
f 4708 4712 4711 4707
f 4705 4706 4710 4709
f 4713 4716 4715 4714
f 4717 4718 4719 4720
f 4713 4717 4720 4716
f 4714 4715 4719 4718
f 4716 4720 4719 4715
f 4713 4714 4718 4717
f 4721 4724 4723 4722
f 4725 4726 4727 4728
f 4721 4725 4728 4724
f 4722 4723 4727 4726
f 4724 4728 4727 4723
f 4721 4722 4726 4725
f 4729 4732 4731 4730
f 4733 4734 4735 4736
f 4729 4733 4736 4732
f 4730 4731 4735 4734
f 4732 4736 4735 4731
f 4729 4730 4734 4733
f 4737 4740 4739 4738
f 4741 4742 4743 4744
f 4737 4741 4744 4740
f 4738 4739 4743 4742
f 4740 4744 4743 4739
f 4737 4738 4742 4741
f 4745 4748 4747 4746
f 4749 4750 4751 4752
f 4745 4749 4752 4748
f 4746 4747 4751 4750
f 4748 4752 4751 4747
f 4745 4746 4750 4749
f 4753 4756 4755 4754
f 4757 4758 4759 4760
f 4753 4757 4760 4756
f 4754 4755 4759 4758
f 4756 4760 4759 4755
f 4753 4754 4758 4757
f 4761 4764 4763 4762
f 4765 4766 4767 4768
f 4761 4765 4768 4764
f 4762 4763 4767 4766
f 4764 4768 4767 4763
f 4761 4762 4766 4765
f 4769 4772 4771 4770
f 4773 4774 4775 4776
f 4769 4773 4776 4772
f 4770 4771 4775 4774
f 4772 4776 4775 4771
f 4769 4770 4774 4773
f 4777 4780 4779 4778
f 4781 4782 4783 4784
f 4777 4781 4784 4780
f 4778 4779 4783 4782
f 4780 4784 4783 4779
f 4777 4778 4782 4781
f 4785 4788 4787 4786
f 4789 4790 4791 4792
f 4785 4789 4792 4788
f 4786 4787 4791 4790
f 4788 4792 4791 4787
f 4785 4786 4790 4789
f 4793 4796 4795 4794
f 4797 4798 4799 4800
f 4793 4797 4800 4796
f 4794 4795 4799 4798
f 4796 4800 4799 4795
f 4793 4794 4798 4797
f 4801 4804 4803 4802
f 4805 4806 4807 4808
f 4801 4805 4808 4804
f 4802 4803 4807 4806
f 4804 4808 4807 4803
f 4801 4802 4806 4805
f 4809 4812 4811 4810
f 4813 4814 4815 4816
f 4809 4813 4816 4812
f 4810 4811 4815 4814
f 4812 4816 4815 4811
f 4809 4810 4814 4813
f 4817 4820 4819 4818
f 4821 4822 4823 4824
f 4817 4821 4824 4820
f 4818 4819 4823 4822
f 4820 4824 4823 4819
f 4817 4818 4822 4821
f 4825 4828 4827 4826
f 4829 4830 4831 4832
f 4825 4829 4832 4828
f 4826 4827 4831 4830
f 4828 4832 4831 4827
f 4825 4826 4830 4829
f 4833 4836 4835 4834
f 4837 4838 4839 4840
f 4833 4837 4840 4836
f 4834 4835 4839 4838
f 4836 4840 4839 4835
f 4833 4834 4838 4837
f 4841 4844 4843 4842
f 4845 4846 4847 4848
f 4841 4845 4848 4844
f 4842 4843 4847 4846
f 4844 4848 4847 4843
f 4841 4842 4846 4845
f 4849 4852 4851 4850
f 4853 4854 4855 4856
f 4849 4853 4856 4852
f 4850 4851 4855 4854
f 4852 4856 4855 4851
f 4849 4850 4854 4853
f 4857 4860 4859 4858
f 4861 4862 4863 4864
f 4857 4861 4864 4860
f 4858 4859 4863 4862
f 4860 4864 4863 4859
f 4857 4858 4862 4861
f 4865 4868 4867 4866
f 4869 4870 4871 4872
f 4865 4869 4872 4868
f 4866 4867 4871 4870
f 4868 4872 4871 4867
f 4865 4866 4870 4869
f 4873 4876 4875 4874
f 4877 4878 4879 4880
f 4873 4877 4880 4876
f 4874 4875 4879 4878
f 4876 4880 4879 4875
f 4873 4874 4878 4877
f 4881 4884 4883 4882
f 4885 4886 4887 4888
f 4881 4885 4888 4884
f 4882 4883 4887 4886
f 4884 4888 4887 4883
f 4881 4882 4886 4885
f 4889 4892 4891 4890
f 4893 4894 4895 4896
f 4889 4893 4896 4892
f 4890 4891 4895 4894
f 4892 4896 4895 4891
f 4889 4890 4894 4893
f 4897 4900 4899 4898
f 4901 4902 4903 4904
f 4897 4901 4904 4900
f 4898 4899 4903 4902
f 4900 4904 4903 4899
f 4897 4898 4902 4901
f 4905 4908 4907 4906
f 4909 4910 4911 4912
f 4905 4909 4912 4908
f 4906 4907 4911 4910
f 4908 4912 4911 4907
f 4905 4906 4910 4909
f 4913 4916 4915 4914
f 4917 4918 4919 4920
f 4913 4917 4920 4916
f 4914 4915 4919 4918
f 4916 4920 4919 4915
f 4913 4914 4918 4917
f 4921 4924 4923 4922
f 4925 4926 4927 4928
f 4921 4925 4928 4924
f 4922 4923 4927 4926
f 4924 4928 4927 4923
f 4921 4922 4926 4925
f 4929 4932 4931 4930
f 4933 4934 4935 4936
f 4929 4933 4936 4932
f 4930 4931 4935 4934
f 4932 4936 4935 4931
f 4929 4930 4934 4933
f 4937 4940 4939 4938
f 4941 4942 4943 4944
f 4937 4941 4944 4940
f 4938 4939 4943 4942
f 4940 4944 4943 4939
f 4937 4938 4942 4941
f 4945 4948 4947 4946
f 4949 4950 4951 4952
f 4945 4949 4952 4948
f 4946 4947 4951 4950
f 4948 4952 4951 4947
f 4945 4946 4950 4949
f 4953 4956 4955 4954
f 4957 4958 4959 4960
f 4953 4957 4960 4956
f 4954 4955 4959 4958
f 4956 4960 4959 4955
f 4953 4954 4958 4957
f 4961 4964 4963 4962
f 4965 4966 4967 4968
f 4961 4965 4968 4964
f 4962 4963 4967 4966
f 4964 4968 4967 4963
f 4961 4962 4966 4965
f 4969 4972 4971 4970
f 4973 4974 4975 4976
f 4969 4973 4976 4972
f 4970 4971 4975 4974
f 4972 4976 4975 4971
f 4969 4970 4974 4973
f 4977 4980 4979 4978
f 4981 4982 4983 4984
f 4977 4981 4984 4980
f 4978 4979 4983 4982
f 4980 4984 4983 4979
f 4977 4978 4982 4981
f 4985 4988 4987 4986
f 4989 4990 4991 4992
f 4985 4989 4992 4988
f 4986 4987 4991 4990
f 4988 4992 4991 4987
f 4985 4986 4990 4989
f 4993 4996 4995 4994
f 4997 4998 4999 5000
f 4993 4997 5000 4996
f 4994 4995 4999 4998
f 4996 5000 4999 4995
f 4993 4994 4998 4997
f 5001 5004 5003 5002
f 5005 5006 5007 5008
f 5001 5005 5008 5004
f 5002 5003 5007 5006
f 5004 5008 5007 5003
f 5001 5002 5006 5005
f 5009 5012 5011 5010
f 5013 5014 5015 5016
f 5009 5013 5016 5012
f 5010 5011 5015 5014
f 5012 5016 5015 5011
f 5009 5010 5014 5013
f 5017 5020 5019 5018
f 5021 5022 5023 5024
f 5017 5021 5024 5020
f 5018 5019 5023 5022
f 5020 5024 5023 5019
f 5017 5018 5022 5021
f 5025 5028 5027 5026
f 5029 5030 5031 5032
f 5025 5029 5032 5028
f 5026 5027 5031 5030
f 5028 5032 5031 5027
f 5025 5026 5030 5029
f 5033 5036 5035 5034
f 5037 5038 5039 5040
f 5033 5037 5040 5036
f 5034 5035 5039 5038
f 5036 5040 5039 5035
f 5033 5034 5038 5037
f 5041 5044 5043 5042
f 5045 5046 5047 5048
f 5041 5045 5048 5044
f 5042 5043 5047 5046
f 5044 5048 5047 5043
f 5041 5042 5046 5045
f 5049 5052 5051 5050
f 5053 5054 5055 5056
f 5049 5053 5056 5052
f 5050 5051 5055 5054
f 5052 5056 5055 5051
f 5049 5050 5054 5053
f 5057 5060 5059 5058
f 5061 5062 5063 5064
f 5057 5061 5064 5060
f 5058 5059 5063 5062
f 5060 5064 5063 5059
f 5057 5058 5062 5061
f 5065 5068 5067 5066
f 5069 5070 5071 5072
f 5065 5069 5072 5068
f 5066 5067 5071 5070
f 5068 5072 5071 5067
f 5065 5066 5070 5069
f 5073 5076 5075 5074
f 5077 5078 5079 5080
f 5073 5077 5080 5076
f 5074 5075 5079 5078
f 5076 5080 5079 5075
f 5073 5074 5078 5077
f 5081 5084 5083 5082
f 5085 5086 5087 5088
f 5081 5085 5088 5084
f 5082 5083 5087 5086
f 5084 5088 5087 5083
f 5081 5082 5086 5085
f 5089 5092 5091 5090
f 5093 5094 5095 5096
f 5089 5093 5096 5092
f 5090 5091 5095 5094
f 5092 5096 5095 5091
f 5089 5090 5094 5093
f 5097 5100 5099 5098
f 5101 5102 5103 5104
f 5097 5101 5104 5100
f 5098 5099 5103 5102
f 5100 5104 5103 5099
f 5097 5098 5102 5101
f 5105 5108 5107 5106
f 5109 5110 5111 5112
f 5105 5109 5112 5108
f 5106 5107 5111 5110
f 5108 5112 5111 5107
f 5105 5106 5110 5109
f 5113 5116 5115 5114
f 5117 5118 5119 5120
f 5113 5117 5120 5116
f 5114 5115 5119 5118
f 5116 5120 5119 5115
f 5113 5114 5118 5117
f 5121 5124 5123 5122
f 5125 5126 5127 5128
f 5121 5125 5128 5124
f 5122 5123 5127 5126
f 5124 5128 5127 5123
f 5121 5122 5126 5125
f 5129 5132 5131 5130
f 5133 5134 5135 5136
f 5129 5133 5136 5132
f 5130 5131 5135 5134
f 5132 5136 5135 5131
f 5129 5130 5134 5133
f 5137 5140 5139 5138
f 5141 5142 5143 5144
f 5137 5141 5144 5140
f 5138 5139 5143 5142
f 5140 5144 5143 5139
f 5137 5138 5142 5141
f 5145 5148 5147 5146
f 5149 5150 5151 5152
f 5145 5149 5152 5148
f 5146 5147 5151 5150
f 5148 5152 5151 5147
f 5145 5146 5150 5149
f 5153 5156 5155 5154
f 5157 5158 5159 5160
f 5153 5157 5160 5156
f 5154 5155 5159 5158
f 5156 5160 5159 5155
f 5153 5154 5158 5157
f 5161 5164 5163 5162
f 5165 5166 5167 5168
f 5161 5165 5168 5164
f 5162 5163 5167 5166
f 5164 5168 5167 5163
f 5161 5162 5166 5165
f 5169 5172 5171 5170
f 5173 5174 5175 5176
f 5169 5173 5176 5172
f 5170 5171 5175 5174
f 5172 5176 5175 5171
f 5169 5170 5174 5173
f 5177 5180 5179 5178
f 5181 5182 5183 5184
f 5177 5181 5184 5180
f 5178 5179 5183 5182
f 5180 5184 5183 5179
f 5177 5178 5182 5181
f 5185 5188 5187 5186
f 5189 5190 5191 5192
f 5185 5189 5192 5188
f 5186 5187 5191 5190
f 5188 5192 5191 5187
f 5185 5186 5190 5189
f 5193 5196 5195 5194
f 5197 5198 5199 5200
f 5193 5197 5200 5196
f 5194 5195 5199 5198
f 5196 5200 5199 5195
f 5193 5194 5198 5197
f 5201 5204 5203 5202
f 5205 5206 5207 5208
f 5201 5205 5208 5204
f 5202 5203 5207 5206
f 5204 5208 5207 5203
f 5201 5202 5206 5205
f 5209 5212 5211 5210
f 5213 5214 5215 5216
f 5209 5213 5216 5212
f 5210 5211 5215 5214
f 5212 5216 5215 5211
f 5209 5210 5214 5213
f 5217 5220 5219 5218
f 5221 5222 5223 5224
f 5217 5221 5224 5220
f 5218 5219 5223 5222
f 5220 5224 5223 5219
f 5217 5218 5222 5221
f 5225 5228 5227 5226
f 5229 5230 5231 5232
f 5225 5229 5232 5228
f 5226 5227 5231 5230
f 5228 5232 5231 5227
f 5225 5226 5230 5229
f 5233 5236 5235 5234
f 5237 5238 5239 5240
f 5233 5237 5240 5236
f 5234 5235 5239 5238
f 5236 5240 5239 5235
f 5233 5234 5238 5237
f 5241 5244 5243 5242
f 5245 5246 5247 5248
f 5241 5245 5248 5244
f 5242 5243 5247 5246
f 5244 5248 5247 5243
f 5241 5242 5246 5245
f 5249 5252 5251 5250
f 5253 5254 5255 5256
f 5249 5253 5256 5252
f 5250 5251 5255 5254
f 5252 5256 5255 5251
f 5249 5250 5254 5253
f 5257 5260 5259 5258
f 5261 5262 5263 5264
f 5257 5261 5264 5260
f 5258 5259 5263 5262
f 5260 5264 5263 5259
f 5257 5258 5262 5261
f 5265 5268 5267 5266
f 5269 5270 5271 5272
f 5265 5269 5272 5268
f 5266 5267 5271 5270
f 5268 5272 5271 5267
f 5265 5266 5270 5269
f 5273 5276 5275 5274
f 5277 5278 5279 5280
f 5273 5277 5280 5276
f 5274 5275 5279 5278
f 5276 5280 5279 5275
f 5273 5274 5278 5277
f 5281 5284 5283 5282
f 5285 5286 5287 5288
f 5281 5285 5288 5284
f 5282 5283 5287 5286
f 5284 5288 5287 5283
f 5281 5282 5286 5285
f 5289 5292 5291 5290
f 5293 5294 5295 5296
f 5289 5293 5296 5292
f 5290 5291 5295 5294
f 5292 5296 5295 5291
f 5289 5290 5294 5293
f 5297 5300 5299 5298
f 5301 5302 5303 5304
f 5297 5301 5304 5300
f 5298 5299 5303 5302
f 5300 5304 5303 5299
f 5297 5298 5302 5301
f 5305 5308 5307 5306
f 5309 5310 5311 5312
f 5305 5309 5312 5308
f 5306 5307 5311 5310
f 5308 5312 5311 5307
f 5305 5306 5310 5309
f 5313 5316 5315 5314
f 5317 5318 5319 5320
f 5313 5317 5320 5316
f 5314 5315 5319 5318
f 5316 5320 5319 5315
f 5313 5314 5318 5317
f 5321 5324 5323 5322
f 5325 5326 5327 5328
f 5321 5325 5328 5324
f 5322 5323 5327 5326
f 5324 5328 5327 5323
f 5321 5322 5326 5325
f 5329 5332 5331 5330
f 5333 5334 5335 5336
f 5329 5333 5336 5332
f 5330 5331 5335 5334
f 5332 5336 5335 5331
f 5329 5330 5334 5333
f 5337 5340 5339 5338
f 5341 5342 5343 5344
f 5337 5341 5344 5340
f 5338 5339 5343 5342
f 5340 5344 5343 5339
f 5337 5338 5342 5341
f 5345 5348 5347 5346
f 5349 5350 5351 5352
f 5345 5349 5352 5348
f 5346 5347 5351 5350
f 5348 5352 5351 5347
f 5345 5346 5350 5349
f 5353 5356 5355 5354
f 5357 5358 5359 5360
f 5353 5357 5360 5356
f 5354 5355 5359 5358
f 5356 5360 5359 5355
f 5353 5354 5358 5357
f 5361 5364 5363 5362
f 5365 5366 5367 5368
f 5361 5365 5368 5364
f 5362 5363 5367 5366
f 5364 5368 5367 5363
f 5361 5362 5366 5365
f 5369 5372 5371 5370
f 5373 5374 5375 5376
f 5369 5373 5376 5372
f 5370 5371 5375 5374
f 5372 5376 5375 5371
f 5369 5370 5374 5373
f 5377 5380 5379 5378
f 5381 5382 5383 5384
f 5377 5381 5384 5380
f 5378 5379 5383 5382
f 5380 5384 5383 5379
f 5377 5378 5382 5381
f 5385 5388 5387 5386
f 5389 5390 5391 5392
f 5385 5389 5392 5388
f 5386 5387 5391 5390
f 5388 5392 5391 5387
f 5385 5386 5390 5389
f 5393 5396 5395 5394
f 5397 5398 5399 5400
f 5393 5397 5400 5396
f 5394 5395 5399 5398
f 5396 5400 5399 5395
f 5393 5394 5398 5397
f 5401 5404 5403 5402
f 5405 5406 5407 5408
f 5401 5405 5408 5404
f 5402 5403 5407 5406
f 5404 5408 5407 5403
f 5401 5402 5406 5405
f 5409 5412 5411 5410
f 5413 5414 5415 5416
f 5409 5413 5416 5412
f 5410 5411 5415 5414
f 5412 5416 5415 5411
f 5409 5410 5414 5413
f 5417 5420 5419 5418
f 5421 5422 5423 5424
f 5417 5421 5424 5420
f 5418 5419 5423 5422
f 5420 5424 5423 5419
f 5417 5418 5422 5421
f 5425 5428 5427 5426
f 5429 5430 5431 5432
f 5425 5429 5432 5428
f 5426 5427 5431 5430
f 5428 5432 5431 5427
f 5425 5426 5430 5429
f 5433 5436 5435 5434
f 5437 5438 5439 5440
f 5433 5437 5440 5436
f 5434 5435 5439 5438
f 5436 5440 5439 5435
f 5433 5434 5438 5437
f 5441 5444 5443 5442
f 5445 5446 5447 5448
f 5441 5445 5448 5444
f 5442 5443 5447 5446
f 5444 5448 5447 5443
f 5441 5442 5446 5445
f 5449 5452 5451 5450
f 5453 5454 5455 5456
f 5449 5453 5456 5452
f 5450 5451 5455 5454
f 5452 5456 5455 5451
f 5449 5450 5454 5453
f 5457 5460 5459 5458
f 5461 5462 5463 5464
f 5457 5461 5464 5460
f 5458 5459 5463 5462
f 5460 5464 5463 5459
f 5457 5458 5462 5461
f 5465 5468 5467 5466
f 5469 5470 5471 5472
f 5465 5469 5472 5468
f 5466 5467 5471 5470
f 5468 5472 5471 5467
f 5465 5466 5470 5469
f 5473 5476 5475 5474
f 5477 5478 5479 5480
f 5473 5477 5480 5476
f 5474 5475 5479 5478
f 5476 5480 5479 5475
f 5473 5474 5478 5477
f 5481 5484 5483 5482
f 5485 5486 5487 5488
f 5481 5485 5488 5484
f 5482 5483 5487 5486
f 5484 5488 5487 5483
f 5481 5482 5486 5485
f 5489 5492 5491 5490
f 5493 5494 5495 5496
f 5489 5493 5496 5492
f 5490 5491 5495 5494
f 5492 5496 5495 5491
f 5489 5490 5494 5493
f 5497 5500 5499 5498
f 5501 5502 5503 5504
f 5497 5501 5504 5500
f 5498 5499 5503 5502
f 5500 5504 5503 5499
f 5497 5498 5502 5501
f 5505 5508 5507 5506
f 5509 5510 5511 5512
f 5505 5509 5512 5508
f 5506 5507 5511 5510
f 5508 5512 5511 5507
f 5505 5506 5510 5509
f 5513 5516 5515 5514
f 5517 5518 5519 5520
f 5513 5517 5520 5516
f 5514 5515 5519 5518
f 5516 5520 5519 5515
f 5513 5514 5518 5517
f 5521 5524 5523 5522
f 5525 5526 5527 5528
f 5521 5525 5528 5524
f 5522 5523 5527 5526
f 5524 5528 5527 5523
f 5521 5522 5526 5525
f 5529 5532 5531 5530
f 5533 5534 5535 5536
f 5529 5533 5536 5532
f 5530 5531 5535 5534
f 5532 5536 5535 5531
f 5529 5530 5534 5533
f 5537 5540 5539 5538
f 5541 5542 5543 5544
f 5537 5541 5544 5540
f 5538 5539 5543 5542
f 5540 5544 5543 5539
f 5537 5538 5542 5541
f 5545 5548 5547 5546
f 5549 5550 5551 5552
f 5545 5549 5552 5548
f 5546 5547 5551 5550
f 5548 5552 5551 5547
f 5545 5546 5550 5549
f 5553 5556 5555 5554
f 5557 5558 5559 5560
f 5553 5557 5560 5556
f 5554 5555 5559 5558
f 5556 5560 5559 5555
f 5553 5554 5558 5557
f 5561 5564 5563 5562
f 5565 5566 5567 5568
f 5561 5565 5568 5564
f 5562 5563 5567 5566
f 5564 5568 5567 5563
f 5561 5562 5566 5565
f 5569 5572 5571 5570
f 5573 5574 5575 5576
f 5569 5573 5576 5572
f 5570 5571 5575 5574
f 5572 5576 5575 5571
f 5569 5570 5574 5573
f 5577 5580 5579 5578
f 5581 5582 5583 5584
f 5577 5581 5584 5580
f 5578 5579 5583 5582
f 5580 5584 5583 5579
f 5577 5578 5582 5581
f 5585 5588 5587 5586
f 5589 5590 5591 5592
f 5585 5589 5592 5588
f 5586 5587 5591 5590
f 5588 5592 5591 5587
f 5585 5586 5590 5589
f 5593 5596 5595 5594
f 5597 5598 5599 5600
f 5593 5597 5600 5596
f 5594 5595 5599 5598
f 5596 5600 5599 5595
f 5593 5594 5598 5597
f 5601 5604 5603 5602
f 5605 5606 5607 5608
f 5601 5605 5608 5604
f 5602 5603 5607 5606
f 5604 5608 5607 5603
f 5601 5602 5606 5605
f 5609 5612 5611 5610
f 5613 5614 5615 5616
f 5609 5613 5616 5612
f 5610 5611 5615 5614
f 5612 5616 5615 5611
f 5609 5610 5614 5613
f 5617 5620 5619 5618
f 5621 5622 5623 5624
f 5617 5621 5624 5620
f 5618 5619 5623 5622
f 5620 5624 5623 5619
f 5617 5618 5622 5621
f 5625 5628 5627 5626
f 5629 5630 5631 5632
f 5625 5629 5632 5628
f 5626 5627 5631 5630
f 5628 5632 5631 5627
f 5625 5626 5630 5629
f 5633 5636 5635 5634
f 5637 5638 5639 5640
f 5633 5637 5640 5636
f 5634 5635 5639 5638
f 5636 5640 5639 5635
f 5633 5634 5638 5637
f 5641 5644 5643 5642
f 5645 5646 5647 5648
f 5641 5645 5648 5644
f 5642 5643 5647 5646
f 5644 5648 5647 5643
f 5641 5642 5646 5645
f 5649 5652 5651 5650
f 5653 5654 5655 5656
f 5649 5653 5656 5652
f 5650 5651 5655 5654
f 5652 5656 5655 5651
f 5649 5650 5654 5653
f 5657 5660 5659 5658
f 5661 5662 5663 5664
f 5657 5661 5664 5660
f 5658 5659 5663 5662
f 5660 5664 5663 5659
f 5657 5658 5662 5661
f 5665 5668 5667 5666
f 5669 5670 5671 5672
f 5665 5669 5672 5668
f 5666 5667 5671 5670
f 5668 5672 5671 5667
f 5665 5666 5670 5669
f 5673 5676 5675 5674
f 5677 5678 5679 5680
f 5673 5677 5680 5676
f 5674 5675 5679 5678
f 5676 5680 5679 5675
f 5673 5674 5678 5677
f 5681 5684 5683 5682
f 5685 5686 5687 5688
f 5681 5685 5688 5684
f 5682 5683 5687 5686
f 5684 5688 5687 5683
f 5681 5682 5686 5685
f 5689 5692 5691 5690
f 5693 5694 5695 5696
f 5689 5693 5696 5692
f 5690 5691 5695 5694
f 5692 5696 5695 5691
f 5689 5690 5694 5693
f 5697 5700 5699 5698
f 5701 5702 5703 5704
f 5697 5701 5704 5700
f 5698 5699 5703 5702
f 5700 5704 5703 5699
f 5697 5698 5702 5701
f 5705 5708 5707 5706
f 5709 5710 5711 5712
f 5705 5709 5712 5708
f 5706 5707 5711 5710
f 5708 5712 5711 5707
f 5705 5706 5710 5709
f 5713 5716 5715 5714
f 5717 5718 5719 5720
f 5713 5717 5720 5716
f 5714 5715 5719 5718
f 5716 5720 5719 5715
f 5713 5714 5718 5717
f 5721 5724 5723 5722
f 5725 5726 5727 5728
f 5721 5725 5728 5724
f 5722 5723 5727 5726
f 5724 5728 5727 5723
f 5721 5722 5726 5725
f 5729 5732 5731 5730
f 5733 5734 5735 5736
f 5729 5733 5736 5732
f 5730 5731 5735 5734
f 5732 5736 5735 5731
f 5729 5730 5734 5733
f 5737 5740 5739 5738
f 5741 5742 5743 5744
f 5737 5741 5744 5740
f 5738 5739 5743 5742
f 5740 5744 5743 5739
f 5737 5738 5742 5741
f 5745 5748 5747 5746
f 5749 5750 5751 5752
f 5745 5749 5752 5748
f 5746 5747 5751 5750
f 5748 5752 5751 5747
f 5745 5746 5750 5749
f 5753 5756 5755 5754
f 5757 5758 5759 5760
f 5753 5757 5760 5756
f 5754 5755 5759 5758
f 5756 5760 5759 5755
f 5753 5754 5758 5757
f 5761 5764 5763 5762
f 5765 5766 5767 5768
f 5761 5765 5768 5764
f 5762 5763 5767 5766
f 5764 5768 5767 5763
f 5761 5762 5766 5765
f 5769 5772 5771 5770
f 5773 5774 5775 5776
f 5769 5773 5776 5772
f 5770 5771 5775 5774
f 5772 5776 5775 5771
f 5769 5770 5774 5773
f 5777 5780 5779 5778
f 5781 5782 5783 5784
f 5777 5781 5784 5780
f 5778 5779 5783 5782
f 5780 5784 5783 5779
f 5777 5778 5782 5781
f 5785 5788 5787 5786
f 5789 5790 5791 5792
f 5785 5789 5792 5788
f 5786 5787 5791 5790
f 5788 5792 5791 5787
f 5785 5786 5790 5789
f 5793 5796 5795 5794
f 5797 5798 5799 5800
f 5793 5797 5800 5796
f 5794 5795 5799 5798
f 5796 5800 5799 5795
f 5793 5794 5798 5797
f 5801 5804 5803 5802
f 5805 5806 5807 5808
f 5801 5805 5808 5804
f 5802 5803 5807 5806
f 5804 5808 5807 5803
f 5801 5802 5806 5805
f 5809 5812 5811 5810
f 5813 5814 5815 5816
f 5809 5813 5816 5812
f 5810 5811 5815 5814
f 5812 5816 5815 5811
f 5809 5810 5814 5813
f 5817 5820 5819 5818
f 5821 5822 5823 5824
f 5817 5821 5824 5820
f 5818 5819 5823 5822
f 5820 5824 5823 5819
f 5817 5818 5822 5821
f 5825 5828 5827 5826
f 5829 5830 5831 5832
f 5825 5829 5832 5828
f 5826 5827 5831 5830
f 5828 5832 5831 5827
f 5825 5826 5830 5829
f 5833 5836 5835 5834
f 5837 5838 5839 5840
f 5833 5837 5840 5836
f 5834 5835 5839 5838
f 5836 5840 5839 5835
f 5833 5834 5838 5837
f 5841 5844 5843 5842
f 5845 5846 5847 5848
f 5841 5845 5848 5844
f 5842 5843 5847 5846
f 5844 5848 5847 5843
f 5841 5842 5846 5845
f 5849 5852 5851 5850
f 5853 5854 5855 5856
f 5849 5853 5856 5852
f 5850 5851 5855 5854
f 5852 5856 5855 5851
f 5849 5850 5854 5853
f 5857 5860 5859 5858
f 5861 5862 5863 5864
f 5857 5861 5864 5860
f 5858 5859 5863 5862
f 5860 5864 5863 5859
f 5857 5858 5862 5861
f 5865 5868 5867 5866
f 5869 5870 5871 5872
f 5865 5869 5872 5868
f 5866 5867 5871 5870
f 5868 5872 5871 5867
f 5865 5866 5870 5869
f 5873 5876 5875 5874
f 5877 5878 5879 5880
f 5873 5877 5880 5876
f 5874 5875 5879 5878
f 5876 5880 5879 5875
f 5873 5874 5878 5877
f 5881 5884 5883 5882
f 5885 5886 5887 5888
f 5881 5885 5888 5884
f 5882 5883 5887 5886
f 5884 5888 5887 5883
f 5881 5882 5886 5885
f 5889 5892 5891 5890
f 5893 5894 5895 5896
f 5889 5893 5896 5892
f 5890 5891 5895 5894
f 5892 5896 5895 5891
f 5889 5890 5894 5893
f 5897 5900 5899 5898
f 5901 5902 5903 5904
f 5897 5901 5904 5900
f 5898 5899 5903 5902
f 5900 5904 5903 5899
f 5897 5898 5902 5901
f 5905 5908 5907 5906
f 5909 5910 5911 5912
f 5905 5909 5912 5908
f 5906 5907 5911 5910
f 5908 5912 5911 5907
f 5905 5906 5910 5909
f 5913 5916 5915 5914
f 5917 5918 5919 5920
f 5913 5917 5920 5916
f 5914 5915 5919 5918
f 5916 5920 5919 5915
f 5913 5914 5918 5917
f 5921 5924 5923 5922
f 5925 5926 5927 5928
f 5921 5925 5928 5924
f 5922 5923 5927 5926
f 5924 5928 5927 5923
f 5921 5922 5926 5925
f 5929 5932 5931 5930
f 5933 5934 5935 5936
f 5929 5933 5936 5932
f 5930 5931 5935 5934
f 5932 5936 5935 5931
f 5929 5930 5934 5933
f 5937 5940 5939 5938
f 5941 5942 5943 5944
f 5937 5941 5944 5940
f 5938 5939 5943 5942
f 5940 5944 5943 5939
f 5937 5938 5942 5941
f 5945 5948 5947 5946
f 5949 5950 5951 5952
f 5945 5949 5952 5948
f 5946 5947 5951 5950
f 5948 5952 5951 5947
f 5945 5946 5950 5949
f 5953 5956 5955 5954
f 5957 5958 5959 5960
f 5953 5957 5960 5956
f 5954 5955 5959 5958
f 5956 5960 5959 5955
f 5953 5954 5958 5957
f 5961 5964 5963 5962
f 5965 5966 5967 5968
f 5961 5965 5968 5964
f 5962 5963 5967 5966
f 5964 5968 5967 5963
f 5961 5962 5966 5965
f 5969 5972 5971 5970
f 5973 5974 5975 5976
f 5969 5973 5976 5972
f 5970 5971 5975 5974
f 5972 5976 5975 5971
f 5969 5970 5974 5973
f 5977 5980 5979 5978
f 5981 5982 5983 5984
f 5977 5981 5984 5980
f 5978 5979 5983 5982
f 5980 5984 5983 5979
f 5977 5978 5982 5981
f 5985 5988 5987 5986
f 5989 5990 5991 5992
f 5985 5989 5992 5988
f 5986 5987 5991 5990
f 5988 5992 5991 5987
f 5985 5986 5990 5989
f 5993 5996 5995 5994
f 5997 5998 5999 6000
f 5993 5997 6000 5996
f 5994 5995 5999 5998
f 5996 6000 5999 5995
f 5993 5994 5998 5997
f 6001 6004 6003 6002
f 6005 6006 6007 6008
f 6001 6005 6008 6004
f 6002 6003 6007 6006
f 6004 6008 6007 6003
f 6001 6002 6006 6005
f 6009 6012 6011 6010
f 6013 6014 6015 6016
f 6009 6013 6016 6012
f 6010 6011 6015 6014
f 6012 6016 6015 6011
f 6009 6010 6014 6013
f 6017 6020 6019 6018
f 6021 6022 6023 6024
f 6017 6021 6024 6020
f 6018 6019 6023 6022
f 6020 6024 6023 6019
f 6017 6018 6022 6021
f 6025 6028 6027 6026
f 6029 6030 6031 6032
f 6025 6029 6032 6028
f 6026 6027 6031 6030
f 6028 6032 6031 6027
f 6025 6026 6030 6029
f 6033 6036 6035 6034
f 6037 6038 6039 6040
f 6033 6037 6040 6036
f 6034 6035 6039 6038
f 6036 6040 6039 6035
f 6033 6034 6038 6037
f 6041 6044 6043 6042
f 6045 6046 6047 6048
f 6041 6045 6048 6044
f 6042 6043 6047 6046
f 6044 6048 6047 6043
f 6041 6042 6046 6045
f 6049 6052 6051 6050
f 6053 6054 6055 6056
f 6049 6053 6056 6052
f 6050 6051 6055 6054
f 6052 6056 6055 6051
f 6049 6050 6054 6053
f 6057 6060 6059 6058
f 6061 6062 6063 6064
f 6057 6061 6064 6060
f 6058 6059 6063 6062
f 6060 6064 6063 6059
f 6057 6058 6062 6061
f 6065 6068 6067 6066
f 6069 6070 6071 6072
f 6065 6069 6072 6068
f 6066 6067 6071 6070
f 6068 6072 6071 6067
f 6065 6066 6070 6069
f 6073 6076 6075 6074
f 6077 6078 6079 6080
f 6073 6077 6080 6076
f 6074 6075 6079 6078
f 6076 6080 6079 6075
f 6073 6074 6078 6077
f 6081 6084 6083 6082
f 6085 6086 6087 6088
f 6081 6085 6088 6084
f 6082 6083 6087 6086
f 6084 6088 6087 6083
f 6081 6082 6086 6085
f 6089 6092 6091 6090
f 6093 6094 6095 6096
f 6089 6093 6096 6092
f 6090 6091 6095 6094
f 6092 6096 6095 6091
f 6089 6090 6094 6093
f 6097 6100 6099 6098
f 6101 6102 6103 6104
f 6097 6101 6104 6100
f 6098 6099 6103 6102
f 6100 6104 6103 6099
f 6097 6098 6102 6101
f 6105 6108 6107 6106
f 6109 6110 6111 6112
f 6105 6109 6112 6108
f 6106 6107 6111 6110
f 6108 6112 6111 6107
f 6105 6106 6110 6109
f 6113 6116 6115 6114
f 6117 6118 6119 6120
f 6113 6117 6120 6116
f 6114 6115 6119 6118
f 6116 6120 6119 6115
f 6113 6114 6118 6117
f 6121 6124 6123 6122
f 6125 6126 6127 6128
f 6121 6125 6128 6124
f 6122 6123 6127 6126
f 6124 6128 6127 6123
f 6121 6122 6126 6125
f 6129 6132 6131 6130
f 6133 6134 6135 6136
f 6129 6133 6136 6132
f 6130 6131 6135 6134
f 6132 6136 6135 6131
f 6129 6130 6134 6133
f 6137 6140 6139 6138
f 6141 6142 6143 6144
f 6137 6141 6144 6140
f 6138 6139 6143 6142
f 6140 6144 6143 6139
f 6137 6138 6142 6141
f 6145 6148 6147 6146
f 6149 6150 6151 6152
f 6145 6149 6152 6148
f 6146 6147 6151 6150
f 6148 6152 6151 6147
f 6145 6146 6150 6149
f 6153 6156 6155 6154
f 6157 6158 6159 6160
f 6153 6157 6160 6156
f 6154 6155 6159 6158
f 6156 6160 6159 6155
f 6153 6154 6158 6157
f 6161 6164 6163 6162
f 6165 6166 6167 6168
f 6161 6165 6168 6164
f 6162 6163 6167 6166
f 6164 6168 6167 6163
f 6161 6162 6166 6165
f 6169 6172 6171 6170
f 6173 6174 6175 6176
f 6169 6173 6176 6172
f 6170 6171 6175 6174
f 6172 6176 6175 6171
f 6169 6170 6174 6173
f 6177 6180 6179 6178
f 6181 6182 6183 6184
f 6177 6181 6184 6180
f 6178 6179 6183 6182
f 6180 6184 6183 6179
f 6177 6178 6182 6181
f 6185 6188 6187 6186
f 6189 6190 6191 6192
f 6185 6189 6192 6188
f 6186 6187 6191 6190
f 6188 6192 6191 6187
f 6185 6186 6190 6189
f 6193 6196 6195 6194
f 6197 6198 6199 6200
f 6193 6197 6200 6196
f 6194 6195 6199 6198
f 6196 6200 6199 6195
f 6193 6194 6198 6197
f 6201 6204 6203 6202
f 6205 6206 6207 6208
f 6201 6205 6208 6204
f 6202 6203 6207 6206
f 6204 6208 6207 6203
f 6201 6202 6206 6205
f 6209 6212 6211 6210
f 6213 6214 6215 6216
f 6209 6213 6216 6212
f 6210 6211 6215 6214
f 6212 6216 6215 6211
f 6209 6210 6214 6213
f 6217 6220 6219 6218
f 6221 6222 6223 6224
f 6217 6221 6224 6220
f 6218 6219 6223 6222
f 6220 6224 6223 6219
f 6217 6218 6222 6221
f 6225 6228 6227 6226
f 6229 6230 6231 6232
f 6225 6229 6232 6228
f 6226 6227 6231 6230
f 6228 6232 6231 6227
f 6225 6226 6230 6229
f 6233 6236 6235 6234
f 6237 6238 6239 6240
f 6233 6237 6240 6236
f 6234 6235 6239 6238
f 6236 6240 6239 6235
f 6233 6234 6238 6237
f 6241 6244 6243 6242
f 6245 6246 6247 6248
f 6241 6245 6248 6244
f 6242 6243 6247 6246
f 6244 6248 6247 6243
f 6241 6242 6246 6245
f 6249 6252 6251 6250
f 6253 6254 6255 6256
f 6249 6253 6256 6252
f 6250 6251 6255 6254
f 6252 6256 6255 6251
f 6249 6250 6254 6253
f 6257 6260 6259 6258
f 6261 6262 6263 6264
f 6257 6261 6264 6260
f 6258 6259 6263 6262
f 6260 6264 6263 6259
f 6257 6258 6262 6261
f 6265 6268 6267 6266
f 6269 6270 6271 6272
f 6265 6269 6272 6268
f 6266 6267 6271 6270
f 6268 6272 6271 6267
f 6265 6266 6270 6269
f 6273 6276 6275 6274
f 6277 6278 6279 6280
f 6273 6277 6280 6276
f 6274 6275 6279 6278
f 6276 6280 6279 6275
f 6273 6274 6278 6277
f 6281 6284 6283 6282
f 6285 6286 6287 6288
f 6281 6285 6288 6284
f 6282 6283 6287 6286
f 6284 6288 6287 6283
f 6281 6282 6286 6285
f 6289 6292 6291 6290
f 6293 6294 6295 6296
f 6289 6293 6296 6292
f 6290 6291 6295 6294
f 6292 6296 6295 6291
f 6289 6290 6294 6293
f 6297 6300 6299 6298
f 6301 6302 6303 6304
f 6297 6301 6304 6300
f 6298 6299 6303 6302
f 6300 6304 6303 6299
f 6297 6298 6302 6301
f 6305 6308 6307 6306
f 6309 6310 6311 6312
f 6305 6309 6312 6308
f 6306 6307 6311 6310
f 6308 6312 6311 6307
f 6305 6306 6310 6309
f 6313 6316 6315 6314
f 6317 6318 6319 6320
f 6313 6317 6320 6316
f 6314 6315 6319 6318
f 6316 6320 6319 6315
f 6313 6314 6318 6317
f 6321 6324 6323 6322
f 6325 6326 6327 6328
f 6321 6325 6328 6324
f 6322 6323 6327 6326
f 6324 6328 6327 6323
f 6321 6322 6326 6325
f 6329 6332 6331 6330
f 6333 6334 6335 6336
f 6329 6333 6336 6332
f 6330 6331 6335 6334
f 6332 6336 6335 6331
f 6329 6330 6334 6333
f 6337 6340 6339 6338
f 6341 6342 6343 6344
f 6337 6341 6344 6340
f 6338 6339 6343 6342
f 6340 6344 6343 6339
f 6337 6338 6342 6341
f 6345 6348 6347 6346
f 6349 6350 6351 6352
f 6345 6349 6352 6348
f 6346 6347 6351 6350
f 6348 6352 6351 6347
f 6345 6346 6350 6349
f 6353 6356 6355 6354
f 6357 6358 6359 6360
f 6353 6357 6360 6356
f 6354 6355 6359 6358
f 6356 6360 6359 6355
f 6353 6354 6358 6357
f 6361 6364 6363 6362
f 6365 6366 6367 6368
f 6361 6365 6368 6364
f 6362 6363 6367 6366
f 6364 6368 6367 6363
f 6361 6362 6366 6365
f 6369 6372 6371 6370
f 6373 6374 6375 6376
f 6369 6373 6376 6372
f 6370 6371 6375 6374
f 6372 6376 6375 6371
f 6369 6370 6374 6373
f 6377 6380 6379 6378
f 6381 6382 6383 6384
f 6377 6381 6384 6380
f 6378 6379 6383 6382
f 6380 6384 6383 6379
f 6377 6378 6382 6381
f 6385 6388 6387 6386
f 6389 6390 6391 6392
f 6385 6389 6392 6388
f 6386 6387 6391 6390
f 6388 6392 6391 6387
f 6385 6386 6390 6389
f 6393 6396 6395 6394
f 6397 6398 6399 6400
f 6393 6397 6400 6396
f 6394 6395 6399 6398
f 6396 6400 6399 6395
f 6393 6394 6398 6397
f 6401 6404 6403 6402
f 6405 6406 6407 6408
f 6401 6405 6408 6404
f 6402 6403 6407 6406
f 6404 6408 6407 6403
f 6401 6402 6406 6405
f 6409 6412 6411 6410
f 6413 6414 6415 6416
f 6409 6413 6416 6412
f 6410 6411 6415 6414
f 6412 6416 6415 6411
f 6409 6410 6414 6413
f 6417 6420 6419 6418
f 6421 6422 6423 6424
f 6417 6421 6424 6420
f 6418 6419 6423 6422
f 6420 6424 6423 6419
f 6417 6418 6422 6421
f 6425 6428 6427 6426
f 6429 6430 6431 6432
f 6425 6429 6432 6428
f 6426 6427 6431 6430
f 6428 6432 6431 6427
f 6425 6426 6430 6429
f 6433 6436 6435 6434
f 6437 6438 6439 6440
f 6433 6437 6440 6436
f 6434 6435 6439 6438
f 6436 6440 6439 6435
f 6433 6434 6438 6437
f 6441 6444 6443 6442
f 6445 6446 6447 6448
f 6441 6445 6448 6444
f 6442 6443 6447 6446
f 6444 6448 6447 6443
f 6441 6442 6446 6445
f 6449 6452 6451 6450
f 6453 6454 6455 6456
f 6449 6453 6456 6452
f 6450 6451 6455 6454
f 6452 6456 6455 6451
f 6449 6450 6454 6453
f 6457 6460 6459 6458
f 6461 6462 6463 6464
f 6457 6461 6464 6460
f 6458 6459 6463 6462
f 6460 6464 6463 6459
f 6457 6458 6462 6461
f 6465 6468 6467 6466
f 6469 6470 6471 6472
f 6465 6469 6472 6468
f 6466 6467 6471 6470
f 6468 6472 6471 6467
f 6465 6466 6470 6469
f 6473 6476 6475 6474
f 6477 6478 6479 6480
f 6473 6477 6480 6476
f 6474 6475 6479 6478
f 6476 6480 6479 6475
f 6473 6474 6478 6477
f 6481 6484 6483 6482
f 6485 6486 6487 6488
f 6481 6485 6488 6484
f 6482 6483 6487 6486
f 6484 6488 6487 6483
f 6481 6482 6486 6485
f 6489 6492 6491 6490
f 6493 6494 6495 6496
f 6489 6493 6496 6492
f 6490 6491 6495 6494
f 6492 6496 6495 6491
f 6489 6490 6494 6493
f 6497 6500 6499 6498
f 6501 6502 6503 6504
f 6497 6501 6504 6500
f 6498 6499 6503 6502
f 6500 6504 6503 6499
f 6497 6498 6502 6501
f 6505 6508 6507 6506
f 6509 6510 6511 6512
f 6505 6509 6512 6508
f 6506 6507 6511 6510
f 6508 6512 6511 6507
f 6505 6506 6510 6509
f 6513 6516 6515 6514
f 6517 6518 6519 6520
f 6513 6517 6520 6516
f 6514 6515 6519 6518
f 6516 6520 6519 6515
f 6513 6514 6518 6517
f 6521 6524 6523 6522
f 6525 6526 6527 6528
f 6521 6525 6528 6524
f 6522 6523 6527 6526
f 6524 6528 6527 6523
f 6521 6522 6526 6525
f 6529 6532 6531 6530
f 6533 6534 6535 6536
f 6529 6533 6536 6532
f 6530 6531 6535 6534
f 6532 6536 6535 6531
f 6529 6530 6534 6533
f 6537 6540 6539 6538
f 6541 6542 6543 6544
f 6537 6541 6544 6540
f 6538 6539 6543 6542
f 6540 6544 6543 6539
f 6537 6538 6542 6541
f 6545 6548 6547 6546
f 6549 6550 6551 6552
f 6545 6549 6552 6548
f 6546 6547 6551 6550
f 6548 6552 6551 6547
f 6545 6546 6550 6549
f 6553 6556 6555 6554
f 6557 6558 6559 6560
f 6553 6557 6560 6556
f 6554 6555 6559 6558
f 6556 6560 6559 6555
f 6553 6554 6558 6557
f 6561 6564 6563 6562
f 6565 6566 6567 6568
f 6561 6565 6568 6564
f 6562 6563 6567 6566
f 6564 6568 6567 6563
f 6561 6562 6566 6565
f 6569 6572 6571 6570
f 6573 6574 6575 6576
f 6569 6573 6576 6572
f 6570 6571 6575 6574
f 6572 6576 6575 6571
f 6569 6570 6574 6573
f 6577 6580 6579 6578
f 6581 6582 6583 6584
f 6577 6581 6584 6580
f 6578 6579 6583 6582
f 6580 6584 6583 6579
f 6577 6578 6582 6581
f 6585 6588 6587 6586
f 6589 6590 6591 6592
f 6585 6589 6592 6588
f 6586 6587 6591 6590
f 6588 6592 6591 6587
f 6585 6586 6590 6589
f 6593 6596 6595 6594
f 6597 6598 6599 6600
f 6593 6597 6600 6596
f 6594 6595 6599 6598
f 6596 6600 6599 6595
f 6593 6594 6598 6597
f 6601 6604 6603 6602
f 6605 6606 6607 6608
f 6601 6605 6608 6604
f 6602 6603 6607 6606
f 6604 6608 6607 6603
f 6601 6602 6606 6605
f 6609 6612 6611 6610
f 6613 6614 6615 6616
f 6609 6613 6616 6612
f 6610 6611 6615 6614
f 6612 6616 6615 6611
f 6609 6610 6614 6613
f 6617 6620 6619 6618
f 6621 6622 6623 6624
f 6617 6621 6624 6620
f 6618 6619 6623 6622
f 6620 6624 6623 6619
f 6617 6618 6622 6621
f 6625 6628 6627 6626
f 6629 6630 6631 6632
f 6625 6629 6632 6628
f 6626 6627 6631 6630
f 6628 6632 6631 6627
f 6625 6626 6630 6629
f 6633 6636 6635 6634
f 6637 6638 6639 6640
f 6633 6637 6640 6636
f 6634 6635 6639 6638
f 6636 6640 6639 6635
f 6633 6634 6638 6637
f 6641 6644 6643 6642
f 6645 6646 6647 6648
f 6641 6645 6648 6644
f 6642 6643 6647 6646
f 6644 6648 6647 6643
f 6641 6642 6646 6645
f 6649 6652 6651 6650
f 6653 6654 6655 6656
f 6649 6653 6656 6652
f 6650 6651 6655 6654
f 6652 6656 6655 6651
f 6649 6650 6654 6653
f 6657 6660 6659 6658
f 6661 6662 6663 6664
f 6657 6661 6664 6660
f 6658 6659 6663 6662
f 6660 6664 6663 6659
f 6657 6658 6662 6661
f 6665 6668 6667 6666
f 6669 6670 6671 6672
f 6665 6669 6672 6668
f 6666 6667 6671 6670
f 6668 6672 6671 6667
f 6665 6666 6670 6669
f 6673 6676 6675 6674
f 6677 6678 6679 6680
f 6673 6677 6680 6676
f 6674 6675 6679 6678
f 6676 6680 6679 6675
f 6673 6674 6678 6677
f 6681 6684 6683 6682
f 6685 6686 6687 6688
f 6681 6685 6688 6684
f 6682 6683 6687 6686
f 6684 6688 6687 6683
f 6681 6682 6686 6685
f 6689 6692 6691 6690
f 6693 6694 6695 6696
f 6689 6693 6696 6692
f 6690 6691 6695 6694
f 6692 6696 6695 6691
f 6689 6690 6694 6693
f 6697 6700 6699 6698
f 6701 6702 6703 6704
f 6697 6701 6704 6700
f 6698 6699 6703 6702
f 6700 6704 6703 6699
f 6697 6698 6702 6701
f 6705 6708 6707 6706
f 6709 6710 6711 6712
f 6705 6709 6712 6708
f 6706 6707 6711 6710
f 6708 6712 6711 6707
f 6705 6706 6710 6709
f 6713 6716 6715 6714
f 6717 6718 6719 6720
f 6713 6717 6720 6716
f 6714 6715 6719 6718
f 6716 6720 6719 6715
f 6713 6714 6718 6717
f 6721 6724 6723 6722
f 6725 6726 6727 6728
f 6721 6725 6728 6724
f 6722 6723 6727 6726
f 6724 6728 6727 6723
f 6721 6722 6726 6725
f 6729 6732 6731 6730
f 6733 6734 6735 6736
f 6729 6733 6736 6732
f 6730 6731 6735 6734
f 6732 6736 6735 6731
f 6729 6730 6734 6733
f 6737 6740 6739 6738
f 6741 6742 6743 6744
f 6737 6741 6744 6740
f 6738 6739 6743 6742
f 6740 6744 6743 6739
f 6737 6738 6742 6741
f 6745 6748 6747 6746
f 6749 6750 6751 6752
f 6745 6749 6752 6748
f 6746 6747 6751 6750
f 6748 6752 6751 6747
f 6745 6746 6750 6749
f 6753 6756 6755 6754
f 6757 6758 6759 6760
f 6753 6757 6760 6756
f 6754 6755 6759 6758
f 6756 6760 6759 6755
f 6753 6754 6758 6757
f 6761 6764 6763 6762
f 6765 6766 6767 6768
f 6761 6765 6768 6764
f 6762 6763 6767 6766
f 6764 6768 6767 6763
f 6761 6762 6766 6765
f 6769 6772 6771 6770
f 6773 6774 6775 6776
f 6769 6773 6776 6772
f 6770 6771 6775 6774
f 6772 6776 6775 6771
f 6769 6770 6774 6773
f 6777 6780 6779 6778
f 6781 6782 6783 6784
f 6777 6781 6784 6780
f 6778 6779 6783 6782
f 6780 6784 6783 6779
f 6777 6778 6782 6781
f 6785 6788 6787 6786
f 6789 6790 6791 6792
f 6785 6789 6792 6788
f 6786 6787 6791 6790
f 6788 6792 6791 6787
f 6785 6786 6790 6789
f 6793 6796 6795 6794
f 6797 6798 6799 6800
f 6793 6797 6800 6796
f 6794 6795 6799 6798
f 6796 6800 6799 6795
f 6793 6794 6798 6797
f 6801 6804 6803 6802
f 6805 6806 6807 6808
f 6801 6805 6808 6804
f 6802 6803 6807 6806
f 6804 6808 6807 6803
f 6801 6802 6806 6805
f 6809 6812 6811 6810
f 6813 6814 6815 6816
f 6809 6813 6816 6812
f 6810 6811 6815 6814
f 6812 6816 6815 6811
f 6809 6810 6814 6813
f 6817 6820 6819 6818
f 6821 6822 6823 6824
f 6817 6821 6824 6820
f 6818 6819 6823 6822
f 6820 6824 6823 6819
f 6817 6818 6822 6821
f 6825 6828 6827 6826
f 6829 6830 6831 6832
f 6825 6829 6832 6828
f 6826 6827 6831 6830
f 6828 6832 6831 6827
f 6825 6826 6830 6829
f 6833 6836 6835 6834
f 6837 6838 6839 6840
f 6833 6837 6840 6836
f 6834 6835 6839 6838
f 6836 6840 6839 6835
f 6833 6834 6838 6837
f 6841 6844 6843 6842
f 6845 6846 6847 6848
f 6841 6845 6848 6844
f 6842 6843 6847 6846
f 6844 6848 6847 6843
f 6841 6842 6846 6845
f 6849 6852 6851 6850
f 6853 6854 6855 6856
f 6849 6853 6856 6852
f 6850 6851 6855 6854
f 6852 6856 6855 6851
f 6849 6850 6854 6853
f 6857 6860 6859 6858
f 6861 6862 6863 6864
f 6857 6861 6864 6860
f 6858 6859 6863 6862
f 6860 6864 6863 6859
f 6857 6858 6862 6861
f 6865 6868 6867 6866
f 6869 6870 6871 6872
f 6865 6869 6872 6868
f 6866 6867 6871 6870
f 6868 6872 6871 6867
f 6865 6866 6870 6869
f 6873 6876 6875 6874
f 6877 6878 6879 6880
f 6873 6877 6880 6876
f 6874 6875 6879 6878
f 6876 6880 6879 6875
f 6873 6874 6878 6877
f 6881 6884 6883 6882
f 6885 6886 6887 6888
f 6881 6885 6888 6884
f 6882 6883 6887 6886
f 6884 6888 6887 6883
f 6881 6882 6886 6885
f 6889 6892 6891 6890
f 6893 6894 6895 6896
f 6889 6893 6896 6892
f 6890 6891 6895 6894
f 6892 6896 6895 6891
f 6889 6890 6894 6893
f 6897 6900 6899 6898
f 6901 6902 6903 6904
f 6897 6901 6904 6900
f 6898 6899 6903 6902
f 6900 6904 6903 6899
f 6897 6898 6902 6901
f 6905 6908 6907 6906
f 6909 6910 6911 6912
f 6905 6909 6912 6908
f 6906 6907 6911 6910
f 6908 6912 6911 6907
f 6905 6906 6910 6909
f 6913 6916 6915 6914
f 6917 6918 6919 6920
f 6913 6917 6920 6916
f 6914 6915 6919 6918
f 6916 6920 6919 6915
f 6913 6914 6918 6917
f 6921 6924 6923 6922
f 6925 6926 6927 6928
f 6921 6925 6928 6924
f 6922 6923 6927 6926
f 6924 6928 6927 6923
f 6921 6922 6926 6925
f 6929 6932 6931 6930
f 6933 6934 6935 6936
f 6929 6933 6936 6932
f 6930 6931 6935 6934
f 6932 6936 6935 6931
f 6929 6930 6934 6933
f 6937 6940 6939 6938
f 6941 6942 6943 6944
f 6937 6941 6944 6940
f 6938 6939 6943 6942
f 6940 6944 6943 6939
f 6937 6938 6942 6941
f 6945 6948 6947 6946
f 6949 6950 6951 6952
f 6945 6949 6952 6948
f 6946 6947 6951 6950
f 6948 6952 6951 6947
f 6945 6946 6950 6949
f 6953 6956 6955 6954
f 6957 6958 6959 6960
f 6953 6957 6960 6956
f 6954 6955 6959 6958
f 6956 6960 6959 6955
f 6953 6954 6958 6957
f 6961 6964 6963 6962
f 6965 6966 6967 6968
f 6961 6965 6968 6964
f 6962 6963 6967 6966
f 6964 6968 6967 6963
f 6961 6962 6966 6965
f 6969 6972 6971 6970
f 6973 6974 6975 6976
f 6969 6973 6976 6972
f 6970 6971 6975 6974
f 6972 6976 6975 6971
f 6969 6970 6974 6973
f 6977 6980 6979 6978
f 6981 6982 6983 6984
f 6977 6981 6984 6980
f 6978 6979 6983 6982
f 6980 6984 6983 6979
f 6977 6978 6982 6981
f 6985 6988 6987 6986
f 6989 6990 6991 6992
f 6985 6989 6992 6988
f 6986 6987 6991 6990
f 6988 6992 6991 6987
f 6985 6986 6990 6989
f 6993 6996 6995 6994
f 6997 6998 6999 7000
f 6993 6997 7000 6996
f 6994 6995 6999 6998
f 6996 7000 6999 6995
f 6993 6994 6998 6997
f 7001 7004 7003 7002
f 7005 7006 7007 7008
f 7001 7005 7008 7004
f 7002 7003 7007 7006
f 7004 7008 7007 7003
f 7001 7002 7006 7005
f 7009 7012 7011 7010
f 7013 7014 7015 7016
f 7009 7013 7016 7012
f 7010 7011 7015 7014
f 7012 7016 7015 7011
f 7009 7010 7014 7013
f 7017 7020 7019 7018
f 7021 7022 7023 7024
f 7017 7021 7024 7020
f 7018 7019 7023 7022
f 7020 7024 7023 7019
f 7017 7018 7022 7021
f 7025 7028 7027 7026
f 7029 7030 7031 7032
f 7025 7029 7032 7028
f 7026 7027 7031 7030
f 7028 7032 7031 7027
f 7025 7026 7030 7029
f 7033 7036 7035 7034
f 7037 7038 7039 7040
f 7033 7037 7040 7036
f 7034 7035 7039 7038
f 7036 7040 7039 7035
f 7033 7034 7038 7037
f 7041 7044 7043 7042
f 7045 7046 7047 7048
f 7041 7045 7048 7044
f 7042 7043 7047 7046
f 7044 7048 7047 7043
f 7041 7042 7046 7045
f 7049 7052 7051 7050
f 7053 7054 7055 7056
f 7049 7053 7056 7052
f 7050 7051 7055 7054
f 7052 7056 7055 7051
f 7049 7050 7054 7053
f 7057 7060 7059 7058
f 7061 7062 7063 7064
f 7057 7061 7064 7060
f 7058 7059 7063 7062
f 7060 7064 7063 7059
f 7057 7058 7062 7061
f 7065 7068 7067 7066
f 7069 7070 7071 7072
f 7065 7069 7072 7068
f 7066 7067 7071 7070
f 7068 7072 7071 7067
f 7065 7066 7070 7069
f 7073 7076 7075 7074
f 7077 7078 7079 7080
f 7073 7077 7080 7076
f 7074 7075 7079 7078
f 7076 7080 7079 7075
f 7073 7074 7078 7077
f 7081 7084 7083 7082
f 7085 7086 7087 7088
f 7081 7085 7088 7084
f 7082 7083 7087 7086
f 7084 7088 7087 7083
f 7081 7082 7086 7085
f 7089 7092 7091 7090
f 7093 7094 7095 7096
f 7089 7093 7096 7092
f 7090 7091 7095 7094
f 7092 7096 7095 7091
f 7089 7090 7094 7093
f 7097 7100 7099 7098
f 7101 7102 7103 7104
f 7097 7101 7104 7100
f 7098 7099 7103 7102
f 7100 7104 7103 7099
f 7097 7098 7102 7101
f 7105 7108 7107 7106
f 7109 7110 7111 7112
f 7105 7109 7112 7108
f 7106 7107 7111 7110
f 7108 7112 7111 7107
f 7105 7106 7110 7109
f 7113 7116 7115 7114
f 7117 7118 7119 7120
f 7113 7117 7120 7116
f 7114 7115 7119 7118
f 7116 7120 7119 7115
f 7113 7114 7118 7117
f 7121 7124 7123 7122
f 7125 7126 7127 7128
f 7121 7125 7128 7124
f 7122 7123 7127 7126
f 7124 7128 7127 7123
f 7121 7122 7126 7125
f 7129 7132 7131 7130
f 7133 7134 7135 7136
f 7129 7133 7136 7132
f 7130 7131 7135 7134
f 7132 7136 7135 7131
f 7129 7130 7134 7133
f 7137 7140 7139 7138
f 7141 7142 7143 7144
f 7137 7141 7144 7140
f 7138 7139 7143 7142
f 7140 7144 7143 7139
f 7137 7138 7142 7141
f 7145 7148 7147 7146
f 7149 7150 7151 7152
f 7145 7149 7152 7148
f 7146 7147 7151 7150
f 7148 7152 7151 7147
f 7145 7146 7150 7149
f 7153 7156 7155 7154
f 7157 7158 7159 7160
f 7153 7157 7160 7156
f 7154 7155 7159 7158
f 7156 7160 7159 7155
f 7153 7154 7158 7157
f 7161 7164 7163 7162
f 7165 7166 7167 7168
f 7161 7165 7168 7164
f 7162 7163 7167 7166
f 7164 7168 7167 7163
f 7161 7162 7166 7165
f 7169 7172 7171 7170
f 7173 7174 7175 7176
f 7169 7173 7176 7172
f 7170 7171 7175 7174
f 7172 7176 7175 7171
f 7169 7170 7174 7173
f 7177 7180 7179 7178
f 7181 7182 7183 7184
f 7177 7181 7184 7180
f 7178 7179 7183 7182
f 7180 7184 7183 7179
f 7177 7178 7182 7181
f 7185 7188 7187 7186
f 7189 7190 7191 7192
f 7185 7189 7192 7188
f 7186 7187 7191 7190
f 7188 7192 7191 7187
f 7185 7186 7190 7189
f 7193 7196 7195 7194
f 7197 7198 7199 7200
f 7193 7197 7200 7196
f 7194 7195 7199 7198
f 7196 7200 7199 7195
f 7193 7194 7198 7197
f 7201 7204 7203 7202
f 7205 7206 7207 7208
f 7201 7205 7208 7204
f 7202 7203 7207 7206
f 7204 7208 7207 7203
f 7201 7202 7206 7205
f 7209 7212 7211 7210
f 7213 7214 7215 7216
f 7209 7213 7216 7212
f 7210 7211 7215 7214
f 7212 7216 7215 7211
f 7209 7210 7214 7213
f 7217 7220 7219 7218
f 7221 7222 7223 7224
f 7217 7221 7224 7220
f 7218 7219 7223 7222
f 7220 7224 7223 7219
f 7217 7218 7222 7221
f 7225 7228 7227 7226
f 7229 7230 7231 7232
f 7225 7229 7232 7228
f 7226 7227 7231 7230
f 7228 7232 7231 7227
f 7225 7226 7230 7229
f 7233 7236 7235 7234
f 7237 7238 7239 7240
f 7233 7237 7240 7236
f 7234 7235 7239 7238
f 7236 7240 7239 7235
f 7233 7234 7238 7237
f 7241 7244 7243 7242
f 7245 7246 7247 7248
f 7241 7245 7248 7244
f 7242 7243 7247 7246
f 7244 7248 7247 7243
f 7241 7242 7246 7245
f 7249 7252 7251 7250
f 7253 7254 7255 7256
f 7249 7253 7256 7252
f 7250 7251 7255 7254
f 7252 7256 7255 7251
f 7249 7250 7254 7253
f 7257 7260 7259 7258
f 7261 7262 7263 7264
f 7257 7261 7264 7260
f 7258 7259 7263 7262
f 7260 7264 7263 7259
f 7257 7258 7262 7261
f 7265 7268 7267 7266
f 7269 7270 7271 7272
f 7265 7269 7272 7268
f 7266 7267 7271 7270
f 7268 7272 7271 7267
f 7265 7266 7270 7269
f 7273 7276 7275 7274
f 7277 7278 7279 7280
f 7273 7277 7280 7276
f 7274 7275 7279 7278
f 7276 7280 7279 7275
f 7273 7274 7278 7277
f 7281 7284 7283 7282
f 7285 7286 7287 7288
f 7281 7285 7288 7284
f 7282 7283 7287 7286
f 7284 7288 7287 7283
f 7281 7282 7286 7285
f 7289 7292 7291 7290
f 7293 7294 7295 7296
f 7289 7293 7296 7292
f 7290 7291 7295 7294
f 7292 7296 7295 7291
f 7289 7290 7294 7293
f 7297 7300 7299 7298
f 7301 7302 7303 7304
f 7297 7301 7304 7300
f 7298 7299 7303 7302
f 7300 7304 7303 7299
f 7297 7298 7302 7301
f 7305 7308 7307 7306
f 7309 7310 7311 7312
f 7305 7309 7312 7308
f 7306 7307 7311 7310
f 7308 7312 7311 7307
f 7305 7306 7310 7309
f 7313 7316 7315 7314
f 7317 7318 7319 7320
f 7313 7317 7320 7316
f 7314 7315 7319 7318
f 7316 7320 7319 7315
f 7313 7314 7318 7317
f 7321 7324 7323 7322
f 7325 7326 7327 7328
f 7321 7325 7328 7324
f 7322 7323 7327 7326
f 7324 7328 7327 7323
f 7321 7322 7326 7325
f 7329 7332 7331 7330
f 7333 7334 7335 7336
f 7329 7333 7336 7332
f 7330 7331 7335 7334
f 7332 7336 7335 7331
f 7329 7330 7334 7333
f 7337 7340 7339 7338
f 7341 7342 7343 7344
f 7337 7341 7344 7340
f 7338 7339 7343 7342
f 7340 7344 7343 7339
f 7337 7338 7342 7341
f 7345 7348 7347 7346
f 7349 7350 7351 7352
f 7345 7349 7352 7348
f 7346 7347 7351 7350
f 7348 7352 7351 7347
f 7345 7346 7350 7349
f 7353 7356 7355 7354
f 7357 7358 7359 7360
f 7353 7357 7360 7356
f 7354 7355 7359 7358
f 7356 7360 7359 7355
f 7353 7354 7358 7357
f 7361 7364 7363 7362
f 7365 7366 7367 7368
f 7361 7365 7368 7364
f 7362 7363 7367 7366
f 7364 7368 7367 7363
f 7361 7362 7366 7365
f 7369 7372 7371 7370
f 7373 7374 7375 7376
f 7369 7373 7376 7372
f 7370 7371 7375 7374
f 7372 7376 7375 7371
f 7369 7370 7374 7373
f 7377 7380 7379 7378
f 7381 7382 7383 7384
f 7377 7381 7384 7380
f 7378 7379 7383 7382
f 7380 7384 7383 7379
f 7377 7378 7382 7381
f 7385 7388 7387 7386
f 7389 7390 7391 7392
f 7385 7389 7392 7388
f 7386 7387 7391 7390
f 7388 7392 7391 7387
f 7385 7386 7390 7389
f 7393 7396 7395 7394
f 7397 7398 7399 7400
f 7393 7397 7400 7396
f 7394 7395 7399 7398
f 7396 7400 7399 7395
f 7393 7394 7398 7397
f 7401 7404 7403 7402
f 7405 7406 7407 7408
f 7401 7405 7408 7404
f 7402 7403 7407 7406
f 7404 7408 7407 7403
f 7401 7402 7406 7405
f 7409 7412 7411 7410
f 7413 7414 7415 7416
f 7409 7413 7416 7412
f 7410 7411 7415 7414
f 7412 7416 7415 7411
f 7409 7410 7414 7413
f 7417 7420 7419 7418
f 7421 7422 7423 7424
f 7417 7421 7424 7420
f 7418 7419 7423 7422
f 7420 7424 7423 7419
f 7417 7418 7422 7421
f 7425 7428 7427 7426
f 7429 7430 7431 7432
f 7425 7429 7432 7428
f 7426 7427 7431 7430
f 7428 7432 7431 7427
f 7425 7426 7430 7429
f 7433 7436 7435 7434
f 7437 7438 7439 7440
f 7433 7437 7440 7436
f 7434 7435 7439 7438
f 7436 7440 7439 7435
f 7433 7434 7438 7437
f 7441 7444 7443 7442
f 7445 7446 7447 7448
f 7441 7445 7448 7444
f 7442 7443 7447 7446
f 7444 7448 7447 7443
f 7441 7442 7446 7445
f 7449 7452 7451 7450
f 7453 7454 7455 7456
f 7449 7453 7456 7452
f 7450 7451 7455 7454
f 7452 7456 7455 7451
f 7449 7450 7454 7453
f 7457 7460 7459 7458
f 7461 7462 7463 7464
f 7457 7461 7464 7460
f 7458 7459 7463 7462
f 7460 7464 7463 7459
f 7457 7458 7462 7461
f 7465 7468 7467 7466
f 7469 7470 7471 7472
f 7465 7469 7472 7468
f 7466 7467 7471 7470
f 7468 7472 7471 7467
f 7465 7466 7470 7469
f 7473 7476 7475 7474
f 7477 7478 7479 7480
f 7473 7477 7480 7476
f 7474 7475 7479 7478
f 7476 7480 7479 7475
f 7473 7474 7478 7477
f 7481 7484 7483 7482
f 7485 7486 7487 7488
f 7481 7485 7488 7484
f 7482 7483 7487 7486
f 7484 7488 7487 7483
f 7481 7482 7486 7485
f 7489 7492 7491 7490
f 7493 7494 7495 7496
f 7489 7493 7496 7492
f 7490 7491 7495 7494
f 7492 7496 7495 7491
f 7489 7490 7494 7493
f 7497 7500 7499 7498
f 7501 7502 7503 7504
f 7497 7501 7504 7500
f 7498 7499 7503 7502
f 7500 7504 7503 7499
f 7497 7498 7502 7501
f 7505 7508 7507 7506
f 7509 7510 7511 7512
f 7505 7509 7512 7508
f 7506 7507 7511 7510
f 7508 7512 7511 7507
f 7505 7506 7510 7509
f 7513 7516 7515 7514
f 7517 7518 7519 7520
f 7513 7517 7520 7516
f 7514 7515 7519 7518
f 7516 7520 7519 7515
f 7513 7514 7518 7517
f 7521 7524 7523 7522
f 7525 7526 7527 7528
f 7521 7525 7528 7524
f 7522 7523 7527 7526
f 7524 7528 7527 7523
f 7521 7522 7526 7525
f 7529 7532 7531 7530
f 7533 7534 7535 7536
f 7529 7533 7536 7532
f 7530 7531 7535 7534
f 7532 7536 7535 7531
f 7529 7530 7534 7533
f 7537 7540 7539 7538
f 7541 7542 7543 7544
f 7537 7541 7544 7540
f 7538 7539 7543 7542
f 7540 7544 7543 7539
f 7537 7538 7542 7541
f 7545 7548 7547 7546
f 7549 7550 7551 7552
f 7545 7549 7552 7548
f 7546 7547 7551 7550
f 7548 7552 7551 7547
f 7545 7546 7550 7549
f 7553 7556 7555 7554
f 7557 7558 7559 7560
f 7553 7557 7560 7556
f 7554 7555 7559 7558
f 7556 7560 7559 7555
f 7553 7554 7558 7557
f 7561 7564 7563 7562
f 7565 7566 7567 7568
f 7561 7565 7568 7564
f 7562 7563 7567 7566
f 7564 7568 7567 7563
f 7561 7562 7566 7565
f 7569 7572 7571 7570
f 7573 7574 7575 7576
f 7569 7573 7576 7572
f 7570 7571 7575 7574
f 7572 7576 7575 7571
f 7569 7570 7574 7573
f 7577 7580 7579 7578
f 7581 7582 7583 7584
f 7577 7581 7584 7580
f 7578 7579 7583 7582
f 7580 7584 7583 7579
f 7577 7578 7582 7581
f 7585 7588 7587 7586
f 7589 7590 7591 7592
f 7585 7589 7592 7588
f 7586 7587 7591 7590
f 7588 7592 7591 7587
f 7585 7586 7590 7589
f 7593 7596 7595 7594
f 7597 7598 7599 7600
f 7593 7597 7600 7596
f 7594 7595 7599 7598
f 7596 7600 7599 7595
f 7593 7594 7598 7597
f 7601 7604 7603 7602
f 7605 7606 7607 7608
f 7601 7605 7608 7604
f 7602 7603 7607 7606
f 7604 7608 7607 7603
f 7601 7602 7606 7605
f 7609 7612 7611 7610
f 7613 7614 7615 7616
f 7609 7613 7616 7612
f 7610 7611 7615 7614
f 7612 7616 7615 7611
f 7609 7610 7614 7613
f 7617 7620 7619 7618
f 7621 7622 7623 7624
f 7617 7621 7624 7620
f 7618 7619 7623 7622
f 7620 7624 7623 7619
f 7617 7618 7622 7621
f 7625 7628 7627 7626
f 7629 7630 7631 7632
f 7625 7629 7632 7628
f 7626 7627 7631 7630
f 7628 7632 7631 7627
f 7625 7626 7630 7629
f 7633 7636 7635 7634
f 7637 7638 7639 7640
f 7633 7637 7640 7636
f 7634 7635 7639 7638
f 7636 7640 7639 7635
f 7633 7634 7638 7637
f 7641 7644 7643 7642
f 7645 7646 7647 7648
f 7641 7645 7648 7644
f 7642 7643 7647 7646
f 7644 7648 7647 7643
f 7641 7642 7646 7645
f 7649 7652 7651 7650
f 7653 7654 7655 7656
f 7649 7653 7656 7652
f 7650 7651 7655 7654
f 7652 7656 7655 7651
f 7649 7650 7654 7653
f 7657 7660 7659 7658
f 7661 7662 7663 7664
f 7657 7661 7664 7660
f 7658 7659 7663 7662
f 7660 7664 7663 7659
f 7657 7658 7662 7661
f 7665 7668 7667 7666
f 7669 7670 7671 7672
f 7665 7669 7672 7668
f 7666 7667 7671 7670
f 7668 7672 7671 7667
f 7665 7666 7670 7669
f 7673 7676 7675 7674
f 7677 7678 7679 7680
f 7673 7677 7680 7676
f 7674 7675 7679 7678
f 7676 7680 7679 7675
f 7673 7674 7678 7677
f 7681 7684 7683 7682
f 7685 7686 7687 7688
f 7681 7685 7688 7684
f 7682 7683 7687 7686
f 7684 7688 7687 7683
f 7681 7682 7686 7685
f 7689 7692 7691 7690
f 7693 7694 7695 7696
f 7689 7693 7696 7692
f 7690 7691 7695 7694
f 7692 7696 7695 7691
f 7689 7690 7694 7693
f 7697 7700 7699 7698
f 7701 7702 7703 7704
f 7697 7701 7704 7700
f 7698 7699 7703 7702
f 7700 7704 7703 7699
f 7697 7698 7702 7701
f 7705 7708 7707 7706
f 7709 7710 7711 7712
f 7705 7709 7712 7708
f 7706 7707 7711 7710
f 7708 7712 7711 7707
f 7705 7706 7710 7709
f 7713 7716 7715 7714
f 7717 7718 7719 7720
f 7713 7717 7720 7716
f 7714 7715 7719 7718
f 7716 7720 7719 7715
f 7713 7714 7718 7717
f 7721 7724 7723 7722
f 7725 7726 7727 7728
f 7721 7725 7728 7724
f 7722 7723 7727 7726
f 7724 7728 7727 7723
f 7721 7722 7726 7725
f 7729 7732 7731 7730
f 7733 7734 7735 7736
f 7729 7733 7736 7732
f 7730 7731 7735 7734
f 7732 7736 7735 7731
f 7729 7730 7734 7733
f 7737 7740 7739 7738
f 7741 7742 7743 7744
f 7737 7741 7744 7740
f 7738 7739 7743 7742
f 7740 7744 7743 7739
f 7737 7738 7742 7741
f 7745 7748 7747 7746
f 7749 7750 7751 7752
f 7745 7749 7752 7748
f 7746 7747 7751 7750
f 7748 7752 7751 7747
f 7745 7746 7750 7749
f 7753 7756 7755 7754
f 7757 7758 7759 7760
f 7753 7757 7760 7756
f 7754 7755 7759 7758
f 7756 7760 7759 7755
f 7753 7754 7758 7757
f 7761 7764 7763 7762
f 7765 7766 7767 7768
f 7761 7765 7768 7764
f 7762 7763 7767 7766
f 7764 7768 7767 7763
f 7761 7762 7766 7765
f 7769 7772 7771 7770
f 7773 7774 7775 7776
f 7769 7773 7776 7772
f 7770 7771 7775 7774
f 7772 7776 7775 7771
f 7769 7770 7774 7773
f 7777 7780 7779 7778
f 7781 7782 7783 7784
f 7777 7781 7784 7780
f 7778 7779 7783 7782
f 7780 7784 7783 7779
f 7777 7778 7782 7781
f 7785 7788 7787 7786
f 7789 7790 7791 7792
f 7785 7789 7792 7788
f 7786 7787 7791 7790
f 7788 7792 7791 7787
f 7785 7786 7790 7789
f 7793 7796 7795 7794
f 7797 7798 7799 7800
f 7793 7797 7800 7796
f 7794 7795 7799 7798
f 7796 7800 7799 7795
f 7793 7794 7798 7797
f 7801 7804 7803 7802
f 7805 7806 7807 7808
f 7801 7805 7808 7804
f 7802 7803 7807 7806
f 7804 7808 7807 7803
f 7801 7802 7806 7805
f 7809 7812 7811 7810
f 7813 7814 7815 7816
f 7809 7813 7816 7812
f 7810 7811 7815 7814
f 7812 7816 7815 7811
f 7809 7810 7814 7813
f 7817 7820 7819 7818
f 7821 7822 7823 7824
f 7817 7821 7824 7820
f 7818 7819 7823 7822
f 7820 7824 7823 7819
f 7817 7818 7822 7821
f 7825 7828 7827 7826
f 7829 7830 7831 7832
f 7825 7829 7832 7828
f 7826 7827 7831 7830
f 7828 7832 7831 7827
f 7825 7826 7830 7829
f 7833 7836 7835 7834
f 7837 7838 7839 7840
f 7833 7837 7840 7836
f 7834 7835 7839 7838
f 7836 7840 7839 7835
f 7833 7834 7838 7837
f 7841 7844 7843 7842
f 7845 7846 7847 7848
f 7841 7845 7848 7844
f 7842 7843 7847 7846
f 7844 7848 7847 7843
f 7841 7842 7846 7845
f 7849 7852 7851 7850
f 7853 7854 7855 7856
f 7849 7853 7856 7852
f 7850 7851 7855 7854
f 7852 7856 7855 7851
f 7849 7850 7854 7853
f 7857 7860 7859 7858
f 7861 7862 7863 7864
f 7857 7861 7864 7860
f 7858 7859 7863 7862
f 7860 7864 7863 7859
f 7857 7858 7862 7861
f 7865 7868 7867 7866
f 7869 7870 7871 7872
f 7865 7869 7872 7868
f 7866 7867 7871 7870
f 7868 7872 7871 7867
f 7865 7866 7870 7869
f 7873 7876 7875 7874
f 7877 7878 7879 7880
f 7873 7877 7880 7876
f 7874 7875 7879 7878
f 7876 7880 7879 7875
f 7873 7874 7878 7877
f 7881 7884 7883 7882
f 7885 7886 7887 7888
f 7881 7885 7888 7884
f 7882 7883 7887 7886
f 7884 7888 7887 7883
f 7881 7882 7886 7885
f 7889 7892 7891 7890
f 7893 7894 7895 7896
f 7889 7893 7896 7892
f 7890 7891 7895 7894
f 7892 7896 7895 7891
f 7889 7890 7894 7893
f 7897 7900 7899 7898
f 7901 7902 7903 7904
f 7897 7901 7904 7900
f 7898 7899 7903 7902
f 7900 7904 7903 7899
f 7897 7898 7902 7901
f 7905 7908 7907 7906
f 7909 7910 7911 7912
f 7905 7909 7912 7908
f 7906 7907 7911 7910
f 7908 7912 7911 7907
f 7905 7906 7910 7909
f 7913 7916 7915 7914
f 7917 7918 7919 7920
f 7913 7917 7920 7916
f 7914 7915 7919 7918
f 7916 7920 7919 7915
f 7913 7914 7918 7917
f 7921 7924 7923 7922
f 7925 7926 7927 7928
f 7921 7925 7928 7924
f 7922 7923 7927 7926
f 7924 7928 7927 7923
f 7921 7922 7926 7925
f 7929 7932 7931 7930
f 7933 7934 7935 7936
f 7929 7933 7936 7932
f 7930 7931 7935 7934
f 7932 7936 7935 7931
f 7929 7930 7934 7933
f 7937 7940 7939 7938
f 7941 7942 7943 7944
f 7937 7941 7944 7940
f 7938 7939 7943 7942
f 7940 7944 7943 7939
f 7937 7938 7942 7941
f 7945 7948 7947 7946
f 7949 7950 7951 7952
f 7945 7949 7952 7948
f 7946 7947 7951 7950
f 7948 7952 7951 7947
f 7945 7946 7950 7949
f 7953 7956 7955 7954
f 7957 7958 7959 7960
f 7953 7957 7960 7956
f 7954 7955 7959 7958
f 7956 7960 7959 7955
f 7953 7954 7958 7957
f 7961 7964 7963 7962
f 7965 7966 7967 7968
f 7961 7965 7968 7964
f 7962 7963 7967 7966
f 7964 7968 7967 7963
f 7961 7962 7966 7965
f 7969 7972 7971 7970
f 7973 7974 7975 7976
f 7969 7973 7976 7972
f 7970 7971 7975 7974
f 7972 7976 7975 7971
f 7969 7970 7974 7973
f 7977 7980 7979 7978
f 7981 7982 7983 7984
f 7977 7981 7984 7980
f 7978 7979 7983 7982
f 7980 7984 7983 7979
f 7977 7978 7982 7981
f 7985 7988 7987 7986
f 7989 7990 7991 7992
f 7985 7989 7992 7988
f 7986 7987 7991 7990
f 7988 7992 7991 7987
f 7985 7986 7990 7989
f 7993 7996 7995 7994
f 7997 7998 7999 8000
f 7993 7997 8000 7996
f 7994 7995 7999 7998
f 7996 8000 7999 7995
f 7993 7994 7998 7997
f 8001 8004 8003 8002
f 8005 8006 8007 8008
f 8001 8005 8008 8004
f 8002 8003 8007 8006
f 8004 8008 8007 8003
f 8001 8002 8006 8005
f 8009 8012 8011 8010
f 8013 8014 8015 8016
f 8009 8013 8016 8012
f 8010 8011 8015 8014
f 8012 8016 8015 8011
f 8009 8010 8014 8013
f 8017 8020 8019 8018
f 8021 8022 8023 8024
f 8017 8021 8024 8020
f 8018 8019 8023 8022
f 8020 8024 8023 8019
f 8017 8018 8022 8021
f 8025 8028 8027 8026
f 8029 8030 8031 8032
f 8025 8029 8032 8028
f 8026 8027 8031 8030
f 8028 8032 8031 8027
f 8025 8026 8030 8029
f 8033 8036 8035 8034
f 8037 8038 8039 8040
f 8033 8037 8040 8036
f 8034 8035 8039 8038
f 8036 8040 8039 8035
f 8033 8034 8038 8037
f 8041 8044 8043 8042
f 8045 8046 8047 8048
f 8041 8045 8048 8044
f 8042 8043 8047 8046
f 8044 8048 8047 8043
f 8041 8042 8046 8045
f 8049 8052 8051 8050
f 8053 8054 8055 8056
f 8049 8053 8056 8052
f 8050 8051 8055 8054
f 8052 8056 8055 8051
f 8049 8050 8054 8053
f 8057 8060 8059 8058
f 8061 8062 8063 8064
f 8057 8061 8064 8060
f 8058 8059 8063 8062
f 8060 8064 8063 8059
f 8057 8058 8062 8061
f 8065 8068 8067 8066
f 8069 8070 8071 8072
f 8065 8069 8072 8068
f 8066 8067 8071 8070
f 8068 8072 8071 8067
f 8065 8066 8070 8069
f 8073 8076 8075 8074
f 8077 8078 8079 8080
f 8073 8077 8080 8076
f 8074 8075 8079 8078
f 8076 8080 8079 8075
f 8073 8074 8078 8077
f 8081 8084 8083 8082
f 8085 8086 8087 8088
f 8081 8085 8088 8084
f 8082 8083 8087 8086
f 8084 8088 8087 8083
f 8081 8082 8086 8085
f 8089 8092 8091 8090
f 8093 8094 8095 8096
f 8089 8093 8096 8092
f 8090 8091 8095 8094
f 8092 8096 8095 8091
f 8089 8090 8094 8093
f 8097 8100 8099 8098
f 8101 8102 8103 8104
f 8097 8101 8104 8100
f 8098 8099 8103 8102
f 8100 8104 8103 8099
f 8097 8098 8102 8101
f 8105 8108 8107 8106
f 8109 8110 8111 8112
f 8105 8109 8112 8108
f 8106 8107 8111 8110
f 8108 8112 8111 8107
f 8105 8106 8110 8109
f 8113 8116 8115 8114
f 8117 8118 8119 8120
f 8113 8117 8120 8116
f 8114 8115 8119 8118
f 8116 8120 8119 8115
f 8113 8114 8118 8117
f 8121 8124 8123 8122
f 8125 8126 8127 8128
f 8121 8125 8128 8124
f 8122 8123 8127 8126
f 8124 8128 8127 8123
f 8121 8122 8126 8125
f 8129 8132 8131 8130
f 8133 8134 8135 8136
f 8129 8133 8136 8132
f 8130 8131 8135 8134
f 8132 8136 8135 8131
f 8129 8130 8134 8133
f 8137 8140 8139 8138
f 8141 8142 8143 8144
f 8137 8141 8144 8140
f 8138 8139 8143 8142
f 8140 8144 8143 8139
f 8137 8138 8142 8141
f 8145 8148 8147 8146
f 8149 8150 8151 8152
f 8145 8149 8152 8148
f 8146 8147 8151 8150
f 8148 8152 8151 8147
f 8145 8146 8150 8149
f 8153 8156 8155 8154
f 8157 8158 8159 8160
f 8153 8157 8160 8156
f 8154 8155 8159 8158
f 8156 8160 8159 8155
f 8153 8154 8158 8157
f 8161 8164 8163 8162
f 8165 8166 8167 8168
f 8161 8165 8168 8164
f 8162 8163 8167 8166
f 8164 8168 8167 8163
f 8161 8162 8166 8165
f 8169 8172 8171 8170
f 8173 8174 8175 8176
f 8169 8173 8176 8172
f 8170 8171 8175 8174
f 8172 8176 8175 8171
f 8169 8170 8174 8173
f 8177 8180 8179 8178
f 8181 8182 8183 8184
f 8177 8181 8184 8180
f 8178 8179 8183 8182
f 8180 8184 8183 8179
f 8177 8178 8182 8181
f 8185 8188 8187 8186
f 8189 8190 8191 8192
f 8185 8189 8192 8188
f 8186 8187 8191 8190
f 8188 8192 8191 8187
f 8185 8186 8190 8189
f 8193 8196 8195 8194
f 8197 8198 8199 8200
f 8193 8197 8200 8196
f 8194 8195 8199 8198
f 8196 8200 8199 8195
f 8193 8194 8198 8197
f 8201 8204 8203 8202
f 8205 8206 8207 8208
f 8201 8205 8208 8204
f 8202 8203 8207 8206
f 8204 8208 8207 8203
f 8201 8202 8206 8205
f 8209 8212 8211 8210
f 8213 8214 8215 8216
f 8209 8213 8216 8212
f 8210 8211 8215 8214
f 8212 8216 8215 8211
f 8209 8210 8214 8213
f 8217 8220 8219 8218
f 8221 8222 8223 8224
f 8217 8221 8224 8220
f 8218 8219 8223 8222
f 8220 8224 8223 8219
f 8217 8218 8222 8221
f 8225 8228 8227 8226
f 8229 8230 8231 8232
f 8225 8229 8232 8228
f 8226 8227 8231 8230
f 8228 8232 8231 8227
f 8225 8226 8230 8229
f 8233 8236 8235 8234
f 8237 8238 8239 8240
f 8233 8237 8240 8236
f 8234 8235 8239 8238
f 8236 8240 8239 8235
f 8233 8234 8238 8237
f 8241 8244 8243 8242
f 8245 8246 8247 8248
f 8241 8245 8248 8244
f 8242 8243 8247 8246
f 8244 8248 8247 8243
f 8241 8242 8246 8245
f 8249 8252 8251 8250
f 8253 8254 8255 8256
f 8249 8253 8256 8252
f 8250 8251 8255 8254
f 8252 8256 8255 8251
f 8249 8250 8254 8253
f 8257 8260 8259 8258
f 8261 8262 8263 8264
f 8257 8261 8264 8260
f 8258 8259 8263 8262
f 8260 8264 8263 8259
f 8257 8258 8262 8261
f 8265 8268 8267 8266
f 8269 8270 8271 8272
f 8265 8269 8272 8268
f 8266 8267 8271 8270
f 8268 8272 8271 8267
f 8265 8266 8270 8269
f 8273 8276 8275 8274
f 8277 8278 8279 8280
f 8273 8277 8280 8276
f 8274 8275 8279 8278
f 8276 8280 8279 8275
f 8273 8274 8278 8277
f 8281 8284 8283 8282
f 8285 8286 8287 8288
f 8281 8285 8288 8284
f 8282 8283 8287 8286
f 8284 8288 8287 8283
f 8281 8282 8286 8285
f 8289 8292 8291 8290
f 8293 8294 8295 8296
f 8289 8293 8296 8292
f 8290 8291 8295 8294
f 8292 8296 8295 8291
f 8289 8290 8294 8293
f 8297 8300 8299 8298
f 8301 8302 8303 8304
f 8297 8301 8304 8300
f 8298 8299 8303 8302
f 8300 8304 8303 8299
f 8297 8298 8302 8301
f 8305 8308 8307 8306
f 8309 8310 8311 8312
f 8305 8309 8312 8308
f 8306 8307 8311 8310
f 8308 8312 8311 8307
f 8305 8306 8310 8309
f 8313 8316 8315 8314
f 8317 8318 8319 8320
f 8313 8317 8320 8316
f 8314 8315 8319 8318
f 8316 8320 8319 8315
f 8313 8314 8318 8317
f 8321 8324 8323 8322
f 8325 8326 8327 8328
f 8321 8325 8328 8324
f 8322 8323 8327 8326
f 8324 8328 8327 8323
f 8321 8322 8326 8325
f 8329 8332 8331 8330
f 8333 8334 8335 8336
f 8329 8333 8336 8332
f 8330 8331 8335 8334
f 8332 8336 8335 8331
f 8329 8330 8334 8333
f 8337 8340 8339 8338
f 8341 8342 8343 8344
f 8337 8341 8344 8340
f 8338 8339 8343 8342
f 8340 8344 8343 8339
f 8337 8338 8342 8341
f 8345 8348 8347 8346
f 8349 8350 8351 8352
f 8345 8349 8352 8348
f 8346 8347 8351 8350
f 8348 8352 8351 8347
f 8345 8346 8350 8349
f 8353 8356 8355 8354
f 8357 8358 8359 8360
f 8353 8357 8360 8356
f 8354 8355 8359 8358
f 8356 8360 8359 8355
f 8353 8354 8358 8357
f 8361 8364 8363 8362
f 8365 8366 8367 8368
f 8361 8365 8368 8364
f 8362 8363 8367 8366
f 8364 8368 8367 8363
f 8361 8362 8366 8365
f 8369 8372 8371 8370
f 8373 8374 8375 8376
f 8369 8373 8376 8372
f 8370 8371 8375 8374
f 8372 8376 8375 8371
f 8369 8370 8374 8373
f 8377 8380 8379 8378
f 8381 8382 8383 8384
f 8377 8381 8384 8380
f 8378 8379 8383 8382
f 8380 8384 8383 8379
f 8377 8378 8382 8381
f 8385 8388 8387 8386
f 8389 8390 8391 8392
f 8385 8389 8392 8388
f 8386 8387 8391 8390
f 8388 8392 8391 8387
f 8385 8386 8390 8389
f 8393 8396 8395 8394
f 8397 8398 8399 8400
f 8393 8397 8400 8396
f 8394 8395 8399 8398
f 8396 8400 8399 8395
f 8393 8394 8398 8397
f 8401 8404 8403 8402
f 8405 8406 8407 8408
f 8401 8405 8408 8404
f 8402 8403 8407 8406
f 8404 8408 8407 8403
f 8401 8402 8406 8405
f 8409 8412 8411 8410
f 8413 8414 8415 8416
f 8409 8413 8416 8412
f 8410 8411 8415 8414
f 8412 8416 8415 8411
f 8409 8410 8414 8413
f 8417 8420 8419 8418
f 8421 8422 8423 8424
f 8417 8421 8424 8420
f 8418 8419 8423 8422
f 8420 8424 8423 8419
f 8417 8418 8422 8421
f 8425 8428 8427 8426
f 8429 8430 8431 8432
f 8425 8429 8432 8428
f 8426 8427 8431 8430
f 8428 8432 8431 8427
f 8425 8426 8430 8429
f 8433 8436 8435 8434
f 8437 8438 8439 8440
f 8433 8437 8440 8436
f 8434 8435 8439 8438
f 8436 8440 8439 8435
f 8433 8434 8438 8437
f 8441 8444 8443 8442
f 8445 8446 8447 8448
f 8441 8445 8448 8444
f 8442 8443 8447 8446
f 8444 8448 8447 8443
f 8441 8442 8446 8445
f 8449 8452 8451 8450
f 8453 8454 8455 8456
f 8449 8453 8456 8452
f 8450 8451 8455 8454
f 8452 8456 8455 8451
f 8449 8450 8454 8453
f 8457 8460 8459 8458
f 8461 8462 8463 8464
f 8457 8461 8464 8460
f 8458 8459 8463 8462
f 8460 8464 8463 8459
f 8457 8458 8462 8461
f 8465 8468 8467 8466
f 8469 8470 8471 8472
f 8465 8469 8472 8468
f 8466 8467 8471 8470
f 8468 8472 8471 8467
f 8465 8466 8470 8469
f 8473 8476 8475 8474
f 8477 8478 8479 8480
f 8473 8477 8480 8476
f 8474 8475 8479 8478
f 8476 8480 8479 8475
f 8473 8474 8478 8477
f 8481 8484 8483 8482
f 8485 8486 8487 8488
f 8481 8485 8488 8484
f 8482 8483 8487 8486
f 8484 8488 8487 8483
f 8481 8482 8486 8485
f 8489 8492 8491 8490
f 8493 8494 8495 8496
f 8489 8493 8496 8492
f 8490 8491 8495 8494
f 8492 8496 8495 8491
f 8489 8490 8494 8493
f 8497 8500 8499 8498
f 8501 8502 8503 8504
f 8497 8501 8504 8500
f 8498 8499 8503 8502
f 8500 8504 8503 8499
f 8497 8498 8502 8501
f 8505 8508 8507 8506
f 8509 8510 8511 8512
f 8505 8509 8512 8508
f 8506 8507 8511 8510
f 8508 8512 8511 8507
f 8505 8506 8510 8509
f 8513 8516 8515 8514
f 8517 8518 8519 8520
f 8513 8517 8520 8516
f 8514 8515 8519 8518
f 8516 8520 8519 8515
f 8513 8514 8518 8517
f 8521 8524 8523 8522
f 8525 8526 8527 8528
f 8521 8525 8528 8524
f 8522 8523 8527 8526
f 8524 8528 8527 8523
f 8521 8522 8526 8525
f 8529 8532 8531 8530
f 8533 8534 8535 8536
f 8529 8533 8536 8532
f 8530 8531 8535 8534
f 8532 8536 8535 8531
f 8529 8530 8534 8533
f 8537 8540 8539 8538
f 8541 8542 8543 8544
f 8537 8541 8544 8540
f 8538 8539 8543 8542
f 8540 8544 8543 8539
f 8537 8538 8542 8541
f 8545 8548 8547 8546
f 8549 8550 8551 8552
f 8545 8549 8552 8548
f 8546 8547 8551 8550
f 8548 8552 8551 8547
f 8545 8546 8550 8549
f 8553 8556 8555 8554
f 8557 8558 8559 8560
f 8553 8557 8560 8556
f 8554 8555 8559 8558
f 8556 8560 8559 8555
f 8553 8554 8558 8557
f 8561 8564 8563 8562
f 8565 8566 8567 8568
f 8561 8565 8568 8564
f 8562 8563 8567 8566
f 8564 8568 8567 8563
f 8561 8562 8566 8565
f 8569 8572 8571 8570
f 8573 8574 8575 8576
f 8569 8573 8576 8572
f 8570 8571 8575 8574
f 8572 8576 8575 8571
f 8569 8570 8574 8573
f 8577 8580 8579 8578
f 8581 8582 8583 8584
f 8577 8581 8584 8580
f 8578 8579 8583 8582
f 8580 8584 8583 8579
f 8577 8578 8582 8581
f 8585 8588 8587 8586
f 8589 8590 8591 8592
f 8585 8589 8592 8588
f 8586 8587 8591 8590
f 8588 8592 8591 8587
f 8585 8586 8590 8589
f 8593 8596 8595 8594
f 8597 8598 8599 8600
f 8593 8597 8600 8596
f 8594 8595 8599 8598
f 8596 8600 8599 8595
f 8593 8594 8598 8597
f 8601 8604 8603 8602
f 8605 8606 8607 8608
f 8601 8605 8608 8604
f 8602 8603 8607 8606
f 8604 8608 8607 8603
f 8601 8602 8606 8605
f 8609 8612 8611 8610
f 8613 8614 8615 8616
f 8609 8613 8616 8612
f 8610 8611 8615 8614
f 8612 8616 8615 8611
f 8609 8610 8614 8613
f 8617 8620 8619 8618
f 8621 8622 8623 8624
f 8617 8621 8624 8620
f 8618 8619 8623 8622
f 8620 8624 8623 8619
f 8617 8618 8622 8621
f 8625 8628 8627 8626
f 8629 8630 8631 8632
f 8625 8629 8632 8628
f 8626 8627 8631 8630
f 8628 8632 8631 8627
f 8625 8626 8630 8629
f 8633 8636 8635 8634
f 8637 8638 8639 8640
f 8633 8637 8640 8636
f 8634 8635 8639 8638
f 8636 8640 8639 8635
f 8633 8634 8638 8637
f 8641 8644 8643 8642
f 8645 8646 8647 8648
f 8641 8645 8648 8644
f 8642 8643 8647 8646
f 8644 8648 8647 8643
f 8641 8642 8646 8645
f 8649 8652 8651 8650
f 8653 8654 8655 8656
f 8649 8653 8656 8652
f 8650 8651 8655 8654
f 8652 8656 8655 8651
f 8649 8650 8654 8653
f 8657 8660 8659 8658
f 8661 8662 8663 8664
f 8657 8661 8664 8660
f 8658 8659 8663 8662
f 8660 8664 8663 8659
f 8657 8658 8662 8661
f 8665 8668 8667 8666
f 8669 8670 8671 8672
f 8665 8669 8672 8668
f 8666 8667 8671 8670
f 8668 8672 8671 8667
f 8665 8666 8670 8669
f 8673 8676 8675 8674
f 8677 8678 8679 8680
f 8673 8677 8680 8676
f 8674 8675 8679 8678
f 8676 8680 8679 8675
f 8673 8674 8678 8677
f 8681 8684 8683 8682
f 8685 8686 8687 8688
f 8681 8685 8688 8684
f 8682 8683 8687 8686
f 8684 8688 8687 8683
f 8681 8682 8686 8685
f 8689 8692 8691 8690
f 8693 8694 8695 8696
f 8689 8693 8696 8692
f 8690 8691 8695 8694
f 8692 8696 8695 8691
f 8689 8690 8694 8693
f 8697 8700 8699 8698
f 8701 8702 8703 8704
f 8697 8701 8704 8700
f 8698 8699 8703 8702
f 8700 8704 8703 8699
f 8697 8698 8702 8701
f 8705 8708 8707 8706
f 8709 8710 8711 8712
f 8705 8709 8712 8708
f 8706 8707 8711 8710
f 8708 8712 8711 8707
f 8705 8706 8710 8709
f 8713 8716 8715 8714
f 8717 8718 8719 8720
f 8713 8717 8720 8716
f 8714 8715 8719 8718
f 8716 8720 8719 8715
f 8713 8714 8718 8717
f 8721 8724 8723 8722
f 8725 8726 8727 8728
f 8721 8725 8728 8724
f 8722 8723 8727 8726
f 8724 8728 8727 8723
f 8721 8722 8726 8725
f 8729 8732 8731 8730
f 8733 8734 8735 8736
f 8729 8733 8736 8732
f 8730 8731 8735 8734
f 8732 8736 8735 8731
f 8729 8730 8734 8733
f 8737 8740 8739 8738
f 8741 8742 8743 8744
f 8737 8741 8744 8740
f 8738 8739 8743 8742
f 8740 8744 8743 8739
f 8737 8738 8742 8741
f 8745 8748 8747 8746
f 8749 8750 8751 8752
f 8745 8749 8752 8748
f 8746 8747 8751 8750
f 8748 8752 8751 8747
f 8745 8746 8750 8749
f 8753 8756 8755 8754
f 8757 8758 8759 8760
f 8753 8757 8760 8756
f 8754 8755 8759 8758
f 8756 8760 8759 8755
f 8753 8754 8758 8757
f 8761 8764 8763 8762
f 8765 8766 8767 8768
f 8761 8765 8768 8764
f 8762 8763 8767 8766
f 8764 8768 8767 8763
f 8761 8762 8766 8765
f 8769 8772 8771 8770
f 8773 8774 8775 8776
f 8769 8773 8776 8772
f 8770 8771 8775 8774
f 8772 8776 8775 8771
f 8769 8770 8774 8773
f 8777 8780 8779 8778
f 8781 8782 8783 8784
f 8777 8781 8784 8780
f 8778 8779 8783 8782
f 8780 8784 8783 8779
f 8777 8778 8782 8781
f 8785 8788 8787 8786
f 8789 8790 8791 8792
f 8785 8789 8792 8788
f 8786 8787 8791 8790
f 8788 8792 8791 8787
f 8785 8786 8790 8789
f 8793 8796 8795 8794
f 8797 8798 8799 8800
f 8793 8797 8800 8796
f 8794 8795 8799 8798
f 8796 8800 8799 8795
f 8793 8794 8798 8797
f 8801 8804 8803 8802
f 8805 8806 8807 8808
f 8801 8805 8808 8804
f 8802 8803 8807 8806
f 8804 8808 8807 8803
f 8801 8802 8806 8805
f 8809 8812 8811 8810
f 8813 8814 8815 8816
f 8809 8813 8816 8812
f 8810 8811 8815 8814
f 8812 8816 8815 8811
f 8809 8810 8814 8813
f 8817 8820 8819 8818
f 8821 8822 8823 8824
f 8817 8821 8824 8820
f 8818 8819 8823 8822
f 8820 8824 8823 8819
f 8817 8818 8822 8821
f 8825 8828 8827 8826
f 8829 8830 8831 8832
f 8825 8829 8832 8828
f 8826 8827 8831 8830
f 8828 8832 8831 8827
f 8825 8826 8830 8829
f 8833 8836 8835 8834
f 8837 8838 8839 8840
f 8833 8837 8840 8836
f 8834 8835 8839 8838
f 8836 8840 8839 8835
f 8833 8834 8838 8837
f 8841 8844 8843 8842
f 8845 8846 8847 8848
f 8841 8845 8848 8844
f 8842 8843 8847 8846
f 8844 8848 8847 8843
f 8841 8842 8846 8845
f 8849 8852 8851 8850
f 8853 8854 8855 8856
f 8849 8853 8856 8852
f 8850 8851 8855 8854
f 8852 8856 8855 8851
f 8849 8850 8854 8853
f 8857 8860 8859 8858
f 8861 8862 8863 8864
f 8857 8861 8864 8860
f 8858 8859 8863 8862
f 8860 8864 8863 8859
f 8857 8858 8862 8861
f 8865 8868 8867 8866
f 8869 8870 8871 8872
f 8865 8869 8872 8868
f 8866 8867 8871 8870
f 8868 8872 8871 8867
f 8865 8866 8870 8869
f 8873 8876 8875 8874
f 8877 8878 8879 8880
f 8873 8877 8880 8876
f 8874 8875 8879 8878
f 8876 8880 8879 8875
f 8873 8874 8878 8877
f 8881 8884 8883 8882
f 8885 8886 8887 8888
f 8881 8885 8888 8884
f 8882 8883 8887 8886
f 8884 8888 8887 8883
f 8881 8882 8886 8885
f 8889 8892 8891 8890
f 8893 8894 8895 8896
f 8889 8893 8896 8892
f 8890 8891 8895 8894
f 8892 8896 8895 8891
f 8889 8890 8894 8893
f 8897 8900 8899 8898
f 8901 8902 8903 8904
f 8897 8901 8904 8900
f 8898 8899 8903 8902
f 8900 8904 8903 8899
f 8897 8898 8902 8901
f 8905 8908 8907 8906
f 8909 8910 8911 8912
f 8905 8909 8912 8908
f 8906 8907 8911 8910
f 8908 8912 8911 8907
f 8905 8906 8910 8909
f 8913 8916 8915 8914
f 8917 8918 8919 8920
f 8913 8917 8920 8916
f 8914 8915 8919 8918
f 8916 8920 8919 8915
f 8913 8914 8918 8917
f 8921 8924 8923 8922
f 8925 8926 8927 8928
f 8921 8925 8928 8924
f 8922 8923 8927 8926
f 8924 8928 8927 8923
f 8921 8922 8926 8925
f 8929 8932 8931 8930
f 8933 8934 8935 8936
f 8929 8933 8936 8932
f 8930 8931 8935 8934
f 8932 8936 8935 8931
f 8929 8930 8934 8933
f 8937 8940 8939 8938
f 8941 8942 8943 8944
f 8937 8941 8944 8940
f 8938 8939 8943 8942
f 8940 8944 8943 8939
f 8937 8938 8942 8941
f 8945 8948 8947 8946
f 8949 8950 8951 8952
f 8945 8949 8952 8948
f 8946 8947 8951 8950
f 8948 8952 8951 8947
f 8945 8946 8950 8949
f 8953 8956 8955 8954
f 8957 8958 8959 8960
f 8953 8957 8960 8956
f 8954 8955 8959 8958
f 8956 8960 8959 8955
f 8953 8954 8958 8957
f 8961 8964 8963 8962
f 8965 8966 8967 8968
f 8961 8965 8968 8964
f 8962 8963 8967 8966
f 8964 8968 8967 8963
f 8961 8962 8966 8965
f 8969 8972 8971 8970
f 8973 8974 8975 8976
f 8969 8973 8976 8972
f 8970 8971 8975 8974
f 8972 8976 8975 8971
f 8969 8970 8974 8973
f 8977 8980 8979 8978
f 8981 8982 8983 8984
f 8977 8981 8984 8980
f 8978 8979 8983 8982
f 8980 8984 8983 8979
f 8977 8978 8982 8981
f 8985 8988 8987 8986
f 8989 8990 8991 8992
f 8985 8989 8992 8988
f 8986 8987 8991 8990
f 8988 8992 8991 8987
f 8985 8986 8990 8989
f 8993 8996 8995 8994
f 8997 8998 8999 9000
f 8993 8997 9000 8996
f 8994 8995 8999 8998
f 8996 9000 8999 8995
f 8993 8994 8998 8997
f 9001 9004 9003 9002
f 9005 9006 9007 9008
f 9001 9005 9008 9004
f 9002 9003 9007 9006
f 9004 9008 9007 9003
f 9001 9002 9006 9005
f 9009 9012 9011 9010
f 9013 9014 9015 9016
f 9009 9013 9016 9012
f 9010 9011 9015 9014
f 9012 9016 9015 9011
f 9009 9010 9014 9013
f 9017 9020 9019 9018
f 9021 9022 9023 9024
f 9017 9021 9024 9020
f 9018 9019 9023 9022
f 9020 9024 9023 9019
f 9017 9018 9022 9021
f 9025 9028 9027 9026
f 9029 9030 9031 9032
f 9025 9029 9032 9028
f 9026 9027 9031 9030
f 9028 9032 9031 9027
f 9025 9026 9030 9029
f 9033 9036 9035 9034
f 9037 9038 9039 9040
f 9033 9037 9040 9036
f 9034 9035 9039 9038
f 9036 9040 9039 9035
f 9033 9034 9038 9037
f 9041 9044 9043 9042
f 9045 9046 9047 9048
f 9041 9045 9048 9044
f 9042 9043 9047 9046
f 9044 9048 9047 9043
f 9041 9042 9046 9045
f 9049 9052 9051 9050
f 9053 9054 9055 9056
f 9049 9053 9056 9052
f 9050 9051 9055 9054
f 9052 9056 9055 9051
f 9049 9050 9054 9053
f 9057 9060 9059 9058
f 9061 9062 9063 9064
f 9057 9061 9064 9060
f 9058 9059 9063 9062
f 9060 9064 9063 9059
f 9057 9058 9062 9061
f 9065 9068 9067 9066
f 9069 9070 9071 9072
f 9065 9069 9072 9068
f 9066 9067 9071 9070
f 9068 9072 9071 9067
f 9065 9066 9070 9069
f 9073 9076 9075 9074
f 9077 9078 9079 9080
f 9073 9077 9080 9076
f 9074 9075 9079 9078
f 9076 9080 9079 9075
f 9073 9074 9078 9077
f 9081 9084 9083 9082
f 9085 9086 9087 9088
f 9081 9085 9088 9084
f 9082 9083 9087 9086
f 9084 9088 9087 9083
f 9081 9082 9086 9085
f 9089 9092 9091 9090
f 9093 9094 9095 9096
f 9089 9093 9096 9092
f 9090 9091 9095 9094
f 9092 9096 9095 9091
f 9089 9090 9094 9093
f 9097 9100 9099 9098
f 9101 9102 9103 9104
f 9097 9101 9104 9100
f 9098 9099 9103 9102
f 9100 9104 9103 9099
f 9097 9098 9102 9101
f 9105 9108 9107 9106
f 9109 9110 9111 9112
f 9105 9109 9112 9108
f 9106 9107 9111 9110
f 9108 9112 9111 9107
f 9105 9106 9110 9109
f 9113 9116 9115 9114
f 9117 9118 9119 9120
f 9113 9117 9120 9116
f 9114 9115 9119 9118
f 9116 9120 9119 9115
f 9113 9114 9118 9117
f 9121 9124 9123 9122
f 9125 9126 9127 9128
f 9121 9125 9128 9124
f 9122 9123 9127 9126
f 9124 9128 9127 9123
f 9121 9122 9126 9125
f 9129 9132 9131 9130
f 9133 9134 9135 9136
f 9129 9133 9136 9132
f 9130 9131 9135 9134
f 9132 9136 9135 9131
f 9129 9130 9134 9133
f 9137 9140 9139 9138
f 9141 9142 9143 9144
f 9137 9141 9144 9140
f 9138 9139 9143 9142
f 9140 9144 9143 9139
f 9137 9138 9142 9141
f 9145 9148 9147 9146
f 9149 9150 9151 9152
f 9145 9149 9152 9148
f 9146 9147 9151 9150
f 9148 9152 9151 9147
f 9145 9146 9150 9149
f 9153 9156 9155 9154
f 9157 9158 9159 9160
f 9153 9157 9160 9156
f 9154 9155 9159 9158
f 9156 9160 9159 9155
f 9153 9154 9158 9157
f 9161 9164 9163 9162
f 9165 9166 9167 9168
f 9161 9165 9168 9164
f 9162 9163 9167 9166
f 9164 9168 9167 9163
f 9161 9162 9166 9165
f 9169 9172 9171 9170
f 9173 9174 9175 9176
f 9169 9173 9176 9172
f 9170 9171 9175 9174
f 9172 9176 9175 9171
f 9169 9170 9174 9173
f 9177 9180 9179 9178
f 9181 9182 9183 9184
f 9177 9181 9184 9180
f 9178 9179 9183 9182
f 9180 9184 9183 9179
f 9177 9178 9182 9181
f 9185 9188 9187 9186
f 9189 9190 9191 9192
f 9185 9189 9192 9188
f 9186 9187 9191 9190
f 9188 9192 9191 9187
f 9185 9186 9190 9189
f 9193 9196 9195 9194
f 9197 9198 9199 9200
f 9193 9197 9200 9196
f 9194 9195 9199 9198
f 9196 9200 9199 9195
f 9193 9194 9198 9197
f 9201 9204 9203 9202
f 9205 9206 9207 9208
f 9201 9205 9208 9204
f 9202 9203 9207 9206
f 9204 9208 9207 9203
f 9201 9202 9206 9205
f 9209 9212 9211 9210
f 9213 9214 9215 9216
f 9209 9213 9216 9212
f 9210 9211 9215 9214
f 9212 9216 9215 9211
f 9209 9210 9214 9213
f 9217 9220 9219 9218
f 9221 9222 9223 9224
f 9217 9221 9224 9220
f 9218 9219 9223 9222
f 9220 9224 9223 9219
f 9217 9218 9222 9221
f 9225 9228 9227 9226
f 9229 9230 9231 9232
f 9225 9229 9232 9228
f 9226 9227 9231 9230
f 9228 9232 9231 9227
f 9225 9226 9230 9229
f 9233 9236 9235 9234
f 9237 9238 9239 9240
f 9233 9237 9240 9236
f 9234 9235 9239 9238
f 9236 9240 9239 9235
f 9233 9234 9238 9237
f 9241 9244 9243 9242
f 9245 9246 9247 9248
f 9241 9245 9248 9244
f 9242 9243 9247 9246
f 9244 9248 9247 9243
f 9241 9242 9246 9245
f 9249 9252 9251 9250
f 9253 9254 9255 9256
f 9249 9253 9256 9252
f 9250 9251 9255 9254
f 9252 9256 9255 9251
f 9249 9250 9254 9253
f 9257 9260 9259 9258
f 9261 9262 9263 9264
f 9257 9261 9264 9260
f 9258 9259 9263 9262
f 9260 9264 9263 9259
f 9257 9258 9262 9261
f 9265 9268 9267 9266
f 9269 9270 9271 9272
f 9265 9269 9272 9268
f 9266 9267 9271 9270
f 9268 9272 9271 9267
f 9265 9266 9270 9269
f 9273 9276 9275 9274
f 9277 9278 9279 9280
f 9273 9277 9280 9276
f 9274 9275 9279 9278
f 9276 9280 9279 9275
f 9273 9274 9278 9277
f 9281 9284 9283 9282
f 9285 9286 9287 9288
f 9281 9285 9288 9284
f 9282 9283 9287 9286
f 9284 9288 9287 9283
f 9281 9282 9286 9285
f 9289 9292 9291 9290
f 9293 9294 9295 9296
f 9289 9293 9296 9292
f 9290 9291 9295 9294
f 9292 9296 9295 9291
f 9289 9290 9294 9293
f 9297 9300 9299 9298
f 9301 9302 9303 9304
f 9297 9301 9304 9300
f 9298 9299 9303 9302
f 9300 9304 9303 9299
f 9297 9298 9302 9301
f 9305 9308 9307 9306
f 9309 9310 9311 9312
f 9305 9309 9312 9308
f 9306 9307 9311 9310
f 9308 9312 9311 9307
f 9305 9306 9310 9309
f 9313 9316 9315 9314
f 9317 9318 9319 9320
f 9313 9317 9320 9316
f 9314 9315 9319 9318
f 9316 9320 9319 9315
f 9313 9314 9318 9317
f 9321 9324 9323 9322
f 9325 9326 9327 9328
f 9321 9325 9328 9324
f 9322 9323 9327 9326
f 9324 9328 9327 9323
f 9321 9322 9326 9325
f 9329 9332 9331 9330
f 9333 9334 9335 9336
f 9329 9333 9336 9332
f 9330 9331 9335 9334
f 9332 9336 9335 9331
f 9329 9330 9334 9333
f 9337 9340 9339 9338
f 9341 9342 9343 9344
f 9337 9341 9344 9340
f 9338 9339 9343 9342
f 9340 9344 9343 9339
f 9337 9338 9342 9341
f 9345 9348 9347 9346
f 9349 9350 9351 9352
f 9345 9349 9352 9348
f 9346 9347 9351 9350
f 9348 9352 9351 9347
f 9345 9346 9350 9349
f 9353 9356 9355 9354
f 9357 9358 9359 9360
f 9353 9357 9360 9356
f 9354 9355 9359 9358
f 9356 9360 9359 9355
f 9353 9354 9358 9357
f 9361 9364 9363 9362
f 9365 9366 9367 9368
f 9361 9365 9368 9364
f 9362 9363 9367 9366
f 9364 9368 9367 9363
f 9361 9362 9366 9365
f 9369 9372 9371 9370
f 9373 9374 9375 9376
f 9369 9373 9376 9372
f 9370 9371 9375 9374
f 9372 9376 9375 9371
f 9369 9370 9374 9373
f 9377 9380 9379 9378
f 9381 9382 9383 9384
f 9377 9381 9384 9380
f 9378 9379 9383 9382
f 9380 9384 9383 9379
f 9377 9378 9382 9381
f 9385 9388 9387 9386
f 9389 9390 9391 9392
f 9385 9389 9392 9388
f 9386 9387 9391 9390
f 9388 9392 9391 9387
f 9385 9386 9390 9389
f 9393 9396 9395 9394
f 9397 9398 9399 9400
f 9393 9397 9400 9396
f 9394 9395 9399 9398
f 9396 9400 9399 9395
f 9393 9394 9398 9397
f 9401 9404 9403 9402
f 9405 9406 9407 9408
f 9401 9405 9408 9404
f 9402 9403 9407 9406
f 9404 9408 9407 9403
f 9401 9402 9406 9405
f 9409 9412 9411 9410
f 9413 9414 9415 9416
f 9409 9413 9416 9412
f 9410 9411 9415 9414
f 9412 9416 9415 9411
f 9409 9410 9414 9413
f 9417 9420 9419 9418
f 9421 9422 9423 9424
f 9417 9421 9424 9420
f 9418 9419 9423 9422
f 9420 9424 9423 9419
f 9417 9418 9422 9421
f 9425 9428 9427 9426
f 9429 9430 9431 9432
f 9425 9429 9432 9428
f 9426 9427 9431 9430
f 9428 9432 9431 9427
f 9425 9426 9430 9429
f 9433 9436 9435 9434
f 9437 9438 9439 9440
f 9433 9437 9440 9436
f 9434 9435 9439 9438
f 9436 9440 9439 9435
f 9433 9434 9438 9437
f 9441 9444 9443 9442
f 9445 9446 9447 9448
f 9441 9445 9448 9444
f 9442 9443 9447 9446
f 9444 9448 9447 9443
f 9441 9442 9446 9445
f 9449 9452 9451 9450
f 9453 9454 9455 9456
f 9449 9453 9456 9452
f 9450 9451 9455 9454
f 9452 9456 9455 9451
f 9449 9450 9454 9453
f 9457 9460 9459 9458
f 9461 9462 9463 9464
f 9457 9461 9464 9460
f 9458 9459 9463 9462
f 9460 9464 9463 9459
f 9457 9458 9462 9461
f 9465 9468 9467 9466
f 9469 9470 9471 9472
f 9465 9469 9472 9468
f 9466 9467 9471 9470
f 9468 9472 9471 9467
f 9465 9466 9470 9469
f 9473 9476 9475 9474
f 9477 9478 9479 9480
f 9473 9477 9480 9476
f 9474 9475 9479 9478
f 9476 9480 9479 9475
f 9473 9474 9478 9477
f 9481 9484 9483 9482
f 9485 9486 9487 9488
f 9481 9485 9488 9484
f 9482 9483 9487 9486
f 9484 9488 9487 9483
f 9481 9482 9486 9485
f 9489 9492 9491 9490
f 9493 9494 9495 9496
f 9489 9493 9496 9492
f 9490 9491 9495 9494
f 9492 9496 9495 9491
f 9489 9490 9494 9493
f 9497 9500 9499 9498
f 9501 9502 9503 9504
f 9497 9501 9504 9500
f 9498 9499 9503 9502
f 9500 9504 9503 9499
f 9497 9498 9502 9501
f 9505 9508 9507 9506
f 9509 9510 9511 9512
f 9505 9509 9512 9508
f 9506 9507 9511 9510
f 9508 9512 9511 9507
f 9505 9506 9510 9509
f 9513 9516 9515 9514
f 9517 9518 9519 9520
f 9513 9517 9520 9516
f 9514 9515 9519 9518
f 9516 9520 9519 9515
f 9513 9514 9518 9517
f 9521 9524 9523 9522
f 9525 9526 9527 9528
f 9521 9525 9528 9524
f 9522 9523 9527 9526
f 9524 9528 9527 9523
f 9521 9522 9526 9525
f 9529 9532 9531 9530
f 9533 9534 9535 9536
f 9529 9533 9536 9532
f 9530 9531 9535 9534
f 9532 9536 9535 9531
f 9529 9530 9534 9533
f 9537 9540 9539 9538
f 9541 9542 9543 9544
f 9537 9541 9544 9540
f 9538 9539 9543 9542
f 9540 9544 9543 9539
f 9537 9538 9542 9541
f 9545 9548 9547 9546
f 9549 9550 9551 9552
f 9545 9549 9552 9548
f 9546 9547 9551 9550
f 9548 9552 9551 9547
f 9545 9546 9550 9549
f 9553 9556 9555 9554
f 9557 9558 9559 9560
f 9553 9557 9560 9556
f 9554 9555 9559 9558
f 9556 9560 9559 9555
f 9553 9554 9558 9557
f 9561 9564 9563 9562
f 9565 9566 9567 9568
f 9561 9565 9568 9564
f 9562 9563 9567 9566
f 9564 9568 9567 9563
f 9561 9562 9566 9565
f 9569 9572 9571 9570
f 9573 9574 9575 9576
f 9569 9573 9576 9572
f 9570 9571 9575 9574
f 9572 9576 9575 9571
f 9569 9570 9574 9573
f 9577 9580 9579 9578
f 9581 9582 9583 9584
f 9577 9581 9584 9580
f 9578 9579 9583 9582
f 9580 9584 9583 9579
f 9577 9578 9582 9581
f 9585 9588 9587 9586
f 9589 9590 9591 9592
f 9585 9589 9592 9588
f 9586 9587 9591 9590
f 9588 9592 9591 9587
f 9585 9586 9590 9589
f 9593 9596 9595 9594
f 9597 9598 9599 9600
f 9593 9597 9600 9596
f 9594 9595 9599 9598
f 9596 9600 9599 9595
f 9593 9594 9598 9597
f 9601 9604 9603 9602
f 9605 9606 9607 9608
f 9601 9605 9608 9604
f 9602 9603 9607 9606
f 9604 9608 9607 9603
f 9601 9602 9606 9605
f 9609 9612 9611 9610
f 9613 9614 9615 9616
f 9609 9613 9616 9612
f 9610 9611 9615 9614
f 9612 9616 9615 9611
f 9609 9610 9614 9613
f 9617 9620 9619 9618
f 9621 9622 9623 9624
f 9617 9621 9624 9620
f 9618 9619 9623 9622
f 9620 9624 9623 9619
f 9617 9618 9622 9621
f 9625 9628 9627 9626
f 9629 9630 9631 9632
f 9625 9629 9632 9628
f 9626 9627 9631 9630
f 9628 9632 9631 9627
f 9625 9626 9630 9629
f 9633 9636 9635 9634
f 9637 9638 9639 9640
f 9633 9637 9640 9636
f 9634 9635 9639 9638
f 9636 9640 9639 9635
f 9633 9634 9638 9637
f 9641 9644 9643 9642
f 9645 9646 9647 9648
f 9641 9645 9648 9644
f 9642 9643 9647 9646
f 9644 9648 9647 9643
f 9641 9642 9646 9645
f 9649 9652 9651 9650
f 9653 9654 9655 9656
f 9649 9653 9656 9652
f 9650 9651 9655 9654
f 9652 9656 9655 9651
f 9649 9650 9654 9653
f 9657 9660 9659 9658
f 9661 9662 9663 9664
f 9657 9661 9664 9660
f 9658 9659 9663 9662
f 9660 9664 9663 9659
f 9657 9658 9662 9661
f 9665 9668 9667 9666
f 9669 9670 9671 9672
f 9665 9669 9672 9668
f 9666 9667 9671 9670
f 9668 9672 9671 9667
f 9665 9666 9670 9669
f 9673 9676 9675 9674
f 9677 9678 9679 9680
f 9673 9677 9680 9676
f 9674 9675 9679 9678
f 9676 9680 9679 9675
f 9673 9674 9678 9677
f 9681 9684 9683 9682
f 9685 9686 9687 9688
f 9681 9685 9688 9684
f 9682 9683 9687 9686
f 9684 9688 9687 9683
f 9681 9682 9686 9685
f 9689 9692 9691 9690
f 9693 9694 9695 9696
f 9689 9693 9696 9692
f 9690 9691 9695 9694
f 9692 9696 9695 9691
f 9689 9690 9694 9693
f 9697 9700 9699 9698
f 9701 9702 9703 9704
f 9697 9701 9704 9700
f 9698 9699 9703 9702
f 9700 9704 9703 9699
f 9697 9698 9702 9701
f 9705 9708 9707 9706
f 9709 9710 9711 9712
f 9705 9709 9712 9708
f 9706 9707 9711 9710
f 9708 9712 9711 9707
f 9705 9706 9710 9709
f 9713 9716 9715 9714
f 9717 9718 9719 9720
f 9713 9717 9720 9716
f 9714 9715 9719 9718
f 9716 9720 9719 9715
f 9713 9714 9718 9717
f 9721 9724 9723 9722
f 9725 9726 9727 9728
f 9721 9725 9728 9724
f 9722 9723 9727 9726
f 9724 9728 9727 9723
f 9721 9722 9726 9725
f 9729 9732 9731 9730
f 9733 9734 9735 9736
f 9729 9733 9736 9732
f 9730 9731 9735 9734
f 9732 9736 9735 9731
f 9729 9730 9734 9733
f 9737 9740 9739 9738
f 9741 9742 9743 9744
f 9737 9741 9744 9740
f 9738 9739 9743 9742
f 9740 9744 9743 9739
f 9737 9738 9742 9741
f 9745 9748 9747 9746
f 9749 9750 9751 9752
f 9745 9749 9752 9748
f 9746 9747 9751 9750
f 9748 9752 9751 9747
f 9745 9746 9750 9749
f 9753 9756 9755 9754
f 9757 9758 9759 9760
f 9753 9757 9760 9756
f 9754 9755 9759 9758
f 9756 9760 9759 9755
f 9753 9754 9758 9757
f 9761 9764 9763 9762
f 9765 9766 9767 9768
f 9761 9765 9768 9764
f 9762 9763 9767 9766
f 9764 9768 9767 9763
f 9761 9762 9766 9765
f 9769 9772 9771 9770
f 9773 9774 9775 9776
f 9769 9773 9776 9772
f 9770 9771 9775 9774
f 9772 9776 9775 9771
f 9769 9770 9774 9773
f 9777 9780 9779 9778
f 9781 9782 9783 9784
f 9777 9781 9784 9780
f 9778 9779 9783 9782
f 9780 9784 9783 9779
f 9777 9778 9782 9781
f 9785 9788 9787 9786
f 9789 9790 9791 9792
f 9785 9789 9792 9788
f 9786 9787 9791 9790
f 9788 9792 9791 9787
f 9785 9786 9790 9789
f 9793 9796 9795 9794
f 9797 9798 9799 9800
f 9793 9797 9800 9796
f 9794 9795 9799 9798
f 9796 9800 9799 9795
f 9793 9794 9798 9797
f 9801 9804 9803 9802
f 9805 9806 9807 9808
f 9801 9805 9808 9804
f 9802 9803 9807 9806
f 9804 9808 9807 9803
f 9801 9802 9806 9805
f 9809 9812 9811 9810
f 9813 9814 9815 9816
f 9809 9813 9816 9812
f 9810 9811 9815 9814
f 9812 9816 9815 9811
f 9809 9810 9814 9813
f 9817 9820 9819 9818
f 9821 9822 9823 9824
f 9817 9821 9824 9820
f 9818 9819 9823 9822
f 9820 9824 9823 9819
f 9817 9818 9822 9821
f 9825 9828 9827 9826
f 9829 9830 9831 9832
f 9825 9829 9832 9828
f 9826 9827 9831 9830
f 9828 9832 9831 9827
f 9825 9826 9830 9829
f 9833 9836 9835 9834
f 9837 9838 9839 9840
f 9833 9837 9840 9836
f 9834 9835 9839 9838
f 9836 9840 9839 9835
f 9833 9834 9838 9837
f 9841 9844 9843 9842
f 9845 9846 9847 9848
f 9841 9845 9848 9844
f 9842 9843 9847 9846
f 9844 9848 9847 9843
f 9841 9842 9846 9845
f 9849 9852 9851 9850
f 9853 9854 9855 9856
f 9849 9853 9856 9852
f 9850 9851 9855 9854
f 9852 9856 9855 9851
f 9849 9850 9854 9853
f 9857 9860 9859 9858
f 9861 9862 9863 9864
f 9857 9861 9864 9860
f 9858 9859 9863 9862
f 9860 9864 9863 9859
f 9857 9858 9862 9861
f 9865 9868 9867 9866
f 9869 9870 9871 9872
f 9865 9869 9872 9868
f 9866 9867 9871 9870
f 9868 9872 9871 9867
f 9865 9866 9870 9869
f 9873 9876 9875 9874
f 9877 9878 9879 9880
f 9873 9877 9880 9876
f 9874 9875 9879 9878
f 9876 9880 9879 9875
f 9873 9874 9878 9877
f 9881 9884 9883 9882
f 9885 9886 9887 9888
f 9881 9885 9888 9884
f 9882 9883 9887 9886
f 9884 9888 9887 9883
f 9881 9882 9886 9885
f 9889 9892 9891 9890
f 9893 9894 9895 9896
f 9889 9893 9896 9892
f 9890 9891 9895 9894
f 9892 9896 9895 9891
f 9889 9890 9894 9893
f 9897 9900 9899 9898
f 9901 9902 9903 9904
f 9897 9901 9904 9900
f 9898 9899 9903 9902
f 9900 9904 9903 9899
f 9897 9898 9902 9901
f 9905 9908 9907 9906
f 9909 9910 9911 9912
f 9905 9909 9912 9908
f 9906 9907 9911 9910
f 9908 9912 9911 9907
f 9905 9906 9910 9909
f 9913 9916 9915 9914
f 9917 9918 9919 9920
f 9913 9917 9920 9916
f 9914 9915 9919 9918
f 9916 9920 9919 9915
f 9913 9914 9918 9917
f 9921 9924 9923 9922
f 9925 9926 9927 9928
f 9921 9925 9928 9924
f 9922 9923 9927 9926
f 9924 9928 9927 9923
f 9921 9922 9926 9925
f 9929 9932 9931 9930
f 9933 9934 9935 9936
f 9929 9933 9936 9932
f 9930 9931 9935 9934
f 9932 9936 9935 9931
f 9929 9930 9934 9933
f 9937 9940 9939 9938
f 9941 9942 9943 9944
f 9937 9941 9944 9940
f 9938 9939 9943 9942
f 9940 9944 9943 9939
f 9937 9938 9942 9941
f 9945 9948 9947 9946
f 9949 9950 9951 9952
f 9945 9949 9952 9948
f 9946 9947 9951 9950
f 9948 9952 9951 9947
f 9945 9946 9950 9949
f 9953 9956 9955 9954
f 9957 9958 9959 9960
f 9953 9957 9960 9956
f 9954 9955 9959 9958
f 9956 9960 9959 9955
f 9953 9954 9958 9957
f 9961 9964 9963 9962
f 9965 9966 9967 9968
f 9961 9965 9968 9964
f 9962 9963 9967 9966
f 9964 9968 9967 9963
f 9961 9962 9966 9965
f 9969 9972 9971 9970
f 9973 9974 9975 9976
f 9969 9973 9976 9972
f 9970 9971 9975 9974
f 9972 9976 9975 9971
f 9969 9970 9974 9973
f 9977 9980 9979 9978
f 9981 9982 9983 9984
f 9977 9981 9984 9980
f 9978 9979 9983 9982
f 9980 9984 9983 9979
f 9977 9978 9982 9981
f 9985 9988 9987 9986
f 9989 9990 9991 9992
f 9985 9989 9992 9988
f 9986 9987 9991 9990
f 9988 9992 9991 9987
f 9985 9986 9990 9989
f 9993 9996 9995 9994
f 9997 9998 9999 10000
f 9993 9997 10000 9996
f 9994 9995 9999 9998
f 9996 10000 9999 9995
f 9993 9994 9998 9997
f 10001 10004 10003 10002
f 10005 10006 10007 10008
f 10001 10005 10008 10004
f 10002 10003 10007 10006
f 10004 10008 10007 10003
f 10001 10002 10006 10005
f 10009 10012 10011 10010
f 10013 10014 10015 10016
f 10009 10013 10016 10012
f 10010 10011 10015 10014
f 10012 10016 10015 10011
f 10009 10010 10014 10013
f 10017 10020 10019 10018
f 10021 10022 10023 10024
f 10017 10021 10024 10020
f 10018 10019 10023 10022
f 10020 10024 10023 10019
f 10017 10018 10022 10021
f 10025 10028 10027 10026
f 10029 10030 10031 10032
f 10025 10029 10032 10028
f 10026 10027 10031 10030
f 10028 10032 10031 10027
f 10025 10026 10030 10029
f 10033 10036 10035 10034
f 10037 10038 10039 10040
f 10033 10037 10040 10036
f 10034 10035 10039 10038
f 10036 10040 10039 10035
f 10033 10034 10038 10037
f 10041 10044 10043 10042
f 10045 10046 10047 10048
f 10041 10045 10048 10044
f 10042 10043 10047 10046
f 10044 10048 10047 10043
f 10041 10042 10046 10045
f 10049 10052 10051 10050
f 10053 10054 10055 10056
f 10049 10053 10056 10052
f 10050 10051 10055 10054
f 10052 10056 10055 10051
f 10049 10050 10054 10053
f 10057 10060 10059 10058
f 10061 10062 10063 10064
f 10057 10061 10064 10060
f 10058 10059 10063 10062
f 10060 10064 10063 10059
f 10057 10058 10062 10061
f 10065 10068 10067 10066
f 10069 10070 10071 10072
f 10065 10069 10072 10068
f 10066 10067 10071 10070
f 10068 10072 10071 10067
f 10065 10066 10070 10069
f 10073 10076 10075 10074
f 10077 10078 10079 10080
f 10073 10077 10080 10076
f 10074 10075 10079 10078
f 10076 10080 10079 10075
f 10073 10074 10078 10077
f 10081 10084 10083 10082
f 10085 10086 10087 10088
f 10081 10085 10088 10084
f 10082 10083 10087 10086
f 10084 10088 10087 10083
f 10081 10082 10086 10085
f 10089 10092 10091 10090
f 10093 10094 10095 10096
f 10089 10093 10096 10092
f 10090 10091 10095 10094
f 10092 10096 10095 10091
f 10089 10090 10094 10093
f 10097 10100 10099 10098
f 10101 10102 10103 10104
f 10097 10101 10104 10100
f 10098 10099 10103 10102
f 10100 10104 10103 10099
f 10097 10098 10102 10101
f 10105 10108 10107 10106
f 10109 10110 10111 10112
f 10105 10109 10112 10108
f 10106 10107 10111 10110
f 10108 10112 10111 10107
f 10105 10106 10110 10109
f 10113 10116 10115 10114
f 10117 10118 10119 10120
f 10113 10117 10120 10116
f 10114 10115 10119 10118
f 10116 10120 10119 10115
f 10113 10114 10118 10117
f 10121 10124 10123 10122
f 10125 10126 10127 10128
f 10121 10125 10128 10124
f 10122 10123 10127 10126
f 10124 10128 10127 10123
f 10121 10122 10126 10125
f 10129 10132 10131 10130
f 10133 10134 10135 10136
f 10129 10133 10136 10132
f 10130 10131 10135 10134
f 10132 10136 10135 10131
f 10129 10130 10134 10133
f 10137 10140 10139 10138
f 10141 10142 10143 10144
f 10137 10141 10144 10140
f 10138 10139 10143 10142
f 10140 10144 10143 10139
f 10137 10138 10142 10141
f 10145 10148 10147 10146
f 10149 10150 10151 10152
f 10145 10149 10152 10148
f 10146 10147 10151 10150
f 10148 10152 10151 10147
f 10145 10146 10150 10149
f 10153 10156 10155 10154
f 10157 10158 10159 10160
f 10153 10157 10160 10156
f 10154 10155 10159 10158
f 10156 10160 10159 10155
f 10153 10154 10158 10157
f 10161 10164 10163 10162
f 10165 10166 10167 10168
f 10161 10165 10168 10164
f 10162 10163 10167 10166
f 10164 10168 10167 10163
f 10161 10162 10166 10165
f 10169 10172 10171 10170
f 10173 10174 10175 10176
f 10169 10173 10176 10172
f 10170 10171 10175 10174
f 10172 10176 10175 10171
f 10169 10170 10174 10173
f 10177 10180 10179 10178
f 10181 10182 10183 10184
f 10177 10181 10184 10180
f 10178 10179 10183 10182
f 10180 10184 10183 10179
f 10177 10178 10182 10181
f 10185 10188 10187 10186
f 10189 10190 10191 10192
f 10185 10189 10192 10188
f 10186 10187 10191 10190
f 10188 10192 10191 10187
f 10185 10186 10190 10189
f 10193 10196 10195 10194
f 10197 10198 10199 10200
f 10193 10197 10200 10196
f 10194 10195 10199 10198
f 10196 10200 10199 10195
f 10193 10194 10198 10197
f 10201 10204 10203 10202
f 10205 10206 10207 10208
f 10201 10205 10208 10204
f 10202 10203 10207 10206
f 10204 10208 10207 10203
f 10201 10202 10206 10205
f 10209 10212 10211 10210
f 10213 10214 10215 10216
f 10209 10213 10216 10212
f 10210 10211 10215 10214
f 10212 10216 10215 10211
f 10209 10210 10214 10213
f 10217 10220 10219 10218
f 10221 10222 10223 10224
f 10217 10221 10224 10220
f 10218 10219 10223 10222
f 10220 10224 10223 10219
f 10217 10218 10222 10221
f 10225 10228 10227 10226
f 10229 10230 10231 10232
f 10225 10229 10232 10228
f 10226 10227 10231 10230
f 10228 10232 10231 10227
f 10225 10226 10230 10229
f 10233 10236 10235 10234
f 10237 10238 10239 10240
f 10233 10237 10240 10236
f 10234 10235 10239 10238
f 10236 10240 10239 10235
f 10233 10234 10238 10237
f 10241 10244 10243 10242
f 10245 10246 10247 10248
f 10241 10245 10248 10244
f 10242 10243 10247 10246
f 10244 10248 10247 10243
f 10241 10242 10246 10245
f 10249 10252 10251 10250
f 10253 10254 10255 10256
f 10249 10253 10256 10252
f 10250 10251 10255 10254
f 10252 10256 10255 10251
f 10249 10250 10254 10253
f 10257 10259 10260 10258
f 10259 10261 10262 10260
f 10261 10263 10264 10262
f 10263 10265 10266 10264
f 10265 10267 10268 10266
f 10267 10269 10270 10268
f 10269 10271 10272 10270
f 10271 10257 10258 10272
f 10258 10260 10262 10264 10266 10268 10270 10272
f 10271 10269 10267 10265 10263 10261 10259 10257
f 10273 10275 10276 10274
f 10275 10277 10278 10276
f 10277 10279 10280 10278
f 10279 10281 10282 10280
f 10281 10283 10284 10282
f 10283 10285 10286 10284
f 10285 10287 10288 10286
f 10287 10273 10274 10288
f 10274 10276 10278 10280 10282 10284 10286 10288
f 10287 10285 10283 10281 10279 10277 10275 10273
f 10289 10291 10292 10290
f 10291 10293 10294 10292
f 10293 10295 10296 10294
f 10295 10297 10298 10296
f 10297 10299 10300 10298
f 10299 10301 10302 10300
f 10301 10303 10304 10302
f 10303 10289 10290 10304
f 10290 10292 10294 10296 10298 10300 10302 10304
f 10303 10301 10299 10297 10295 10293 10291 10289
f 10305 10307 10308 10306
f 10307 10309 10310 10308
f 10309 10311 10312 10310
f 10311 10313 10314 10312
f 10313 10315 10316 10314
f 10315 10317 10318 10316
f 10317 10319 10320 10318
f 10319 10305 10306 10320
f 10306 10308 10310 10312 10314 10316 10318 10320
f 10319 10317 10315 10313 10311 10309 10307 10305
f 10321 10323 10324 10322
f 10323 10325 10326 10324
f 10325 10327 10328 10326
f 10327 10329 10330 10328
f 10329 10331 10332 10330
f 10331 10333 10334 10332
f 10333 10335 10336 10334
f 10335 10321 10322 10336
f 10322 10324 10326 10328 10330 10332 10334 10336
f 10335 10333 10331 10329 10327 10325 10323 10321
f 10337 10339 10340 10338
f 10339 10341 10342 10340
f 10341 10343 10344 10342
f 10343 10345 10346 10344
f 10345 10347 10348 10346
f 10347 10349 10350 10348
f 10349 10351 10352 10350
f 10351 10337 10338 10352
f 10338 10340 10342 10344 10346 10348 10350 10352
f 10351 10349 10347 10345 10343 10341 10339 10337
f 10353 10356 10355 10354
f 10357 10358 10359 10360
f 10353 10357 10360 10356
f 10354 10355 10359 10358
f 10356 10360 10359 10355
f 10353 10354 10358 10357
f 10361 10364 10363 10362
f 10365 10366 10367 10368
f 10361 10365 10368 10364
f 10362 10363 10367 10366
f 10364 10368 10367 10363
f 10361 10362 10366 10365
f 10369 10372 10371 10370
f 10373 10374 10375 10376
f 10369 10373 10376 10372
f 10370 10371 10375 10374
f 10372 10376 10375 10371
f 10369 10370 10374 10373
f 10377 10380 10379 10378
f 10381 10382 10383 10384
f 10377 10381 10384 10380
f 10378 10379 10383 10382
f 10380 10384 10383 10379
f 10377 10378 10382 10381
f 10385 10388 10387 10386
f 10389 10390 10391 10392
f 10385 10389 10392 10388
f 10386 10387 10391 10390
f 10388 10392 10391 10387
f 10385 10386 10390 10389
f 10393 10396 10395 10394
f 10397 10398 10399 10400
f 10393 10397 10400 10396
f 10394 10395 10399 10398
f 10396 10400 10399 10395
f 10393 10394 10398 10397
f 10401 10404 10403 10402
f 10405 10406 10407 10408
f 10401 10405 10408 10404
f 10402 10403 10407 10406
f 10404 10408 10407 10403
f 10401 10402 10406 10405
f 10409 10412 10411 10410
f 10413 10414 10415 10416
f 10409 10413 10416 10412
f 10410 10411 10415 10414
f 10412 10416 10415 10411
f 10409 10410 10414 10413
f 10417 10420 10419 10418
f 10421 10422 10423 10424
f 10417 10421 10424 10420
f 10418 10419 10423 10422
f 10420 10424 10423 10419
f 10417 10418 10422 10421
f 10425 10428 10427 10426
f 10429 10430 10431 10432
f 10425 10429 10432 10428
f 10426 10427 10431 10430
f 10428 10432 10431 10427
f 10425 10426 10430 10429
f 10433 10436 10435 10434
f 10437 10438 10439 10440
f 10433 10437 10440 10436
f 10434 10435 10439 10438
f 10436 10440 10439 10435
f 10433 10434 10438 10437
f 10441 10444 10443 10442
f 10445 10446 10447 10448
f 10441 10445 10448 10444
f 10442 10443 10447 10446
f 10444 10448 10447 10443
f 10441 10442 10446 10445
f 10449 10452 10451 10450
f 10453 10454 10455 10456
f 10449 10453 10456 10452
f 10450 10451 10455 10454
f 10452 10456 10455 10451
f 10449 10450 10454 10453
f 10457 10460 10459 10458
f 10461 10462 10463 10464
f 10457 10461 10464 10460
f 10458 10459 10463 10462
f 10460 10464 10463 10459
f 10457 10458 10462 10461
f 10465 10468 10467 10466
f 10469 10470 10471 10472
f 10465 10469 10472 10468
f 10466 10467 10471 10470
f 10468 10472 10471 10467
f 10465 10466 10470 10469
f 10473 10476 10475 10474
f 10477 10478 10479 10480
f 10473 10477 10480 10476
f 10474 10475 10479 10478
f 10476 10480 10479 10475
f 10473 10474 10478 10477
f 10481 10484 10483 10482
f 10485 10486 10487 10488
f 10481 10485 10488 10484
f 10482 10483 10487 10486
f 10484 10488 10487 10483
f 10481 10482 10486 10485
f 10489 10492 10491 10490
f 10493 10494 10495 10496
f 10489 10493 10496 10492
f 10490 10491 10495 10494
f 10492 10496 10495 10491
f 10489 10490 10494 10493
f 10497 10500 10499 10498
f 10501 10502 10503 10504
f 10497 10501 10504 10500
f 10498 10499 10503 10502
f 10500 10504 10503 10499
f 10497 10498 10502 10501
f 10505 10508 10507 10506
f 10509 10510 10511 10512
f 10505 10509 10512 10508
f 10506 10507 10511 10510
f 10508 10512 10511 10507
f 10505 10506 10510 10509
f 10513 10516 10515 10514
f 10517 10518 10519 10520
f 10513 10517 10520 10516
f 10514 10515 10519 10518
f 10516 10520 10519 10515
f 10513 10514 10518 10517
f 10521 10524 10523 10522
f 10525 10526 10527 10528
f 10521 10525 10528 10524
f 10522 10523 10527 10526
f 10524 10528 10527 10523
f 10521 10522 10526 10525
f 10529 10532 10531 10530
f 10533 10534 10535 10536
f 10529 10533 10536 10532
f 10530 10531 10535 10534
f 10532 10536 10535 10531
f 10529 10530 10534 10533
f 10537 10540 10539 10538
f 10541 10542 10543 10544
f 10537 10541 10544 10540
f 10538 10539 10543 10542
f 10540 10544 10543 10539
f 10537 10538 10542 10541
f 10545 10548 10547 10546
f 10549 10550 10551 10552
f 10545 10549 10552 10548
f 10546 10547 10551 10550
f 10548 10552 10551 10547
f 10545 10546 10550 10549
f 10553 10556 10555 10554
f 10557 10558 10559 10560
f 10553 10557 10560 10556
f 10554 10555 10559 10558
f 10556 10560 10559 10555
f 10553 10554 10558 10557
f 10561 10564 10563 10562
f 10565 10566 10567 10568
f 10561 10565 10568 10564
f 10562 10563 10567 10566
f 10564 10568 10567 10563
f 10561 10562 10566 10565
f 10569 10572 10571 10570
f 10573 10574 10575 10576
f 10569 10573 10576 10572
f 10570 10571 10575 10574
f 10572 10576 10575 10571
f 10569 10570 10574 10573
f 10577 10580 10579 10578
f 10581 10582 10583 10584
f 10577 10581 10584 10580
f 10578 10579 10583 10582
f 10580 10584 10583 10579
f 10577 10578 10582 10581
f 10585 10588 10587 10586
f 10589 10590 10591 10592
f 10585 10589 10592 10588
f 10586 10587 10591 10590
f 10588 10592 10591 10587
f 10585 10586 10590 10589
f 10593 10596 10595 10594
f 10597 10598 10599 10600
f 10593 10597 10600 10596
f 10594 10595 10599 10598
f 10596 10600 10599 10595
f 10593 10594 10598 10597
f 10601 10604 10603 10602
f 10605 10606 10607 10608
f 10601 10605 10608 10604
f 10602 10603 10607 10606
f 10604 10608 10607 10603
f 10601 10602 10606 10605
f 10609 10612 10611 10610
f 10613 10614 10615 10616
f 10609 10613 10616 10612
f 10610 10611 10615 10614
f 10612 10616 10615 10611
f 10609 10610 10614 10613
f 10617 10620 10619 10618
f 10621 10622 10623 10624
f 10617 10621 10624 10620
f 10618 10619 10623 10622
f 10620 10624 10623 10619
f 10617 10618 10622 10621
f 10625 10628 10627 10626
f 10629 10630 10631 10632
f 10625 10629 10632 10628
f 10626 10627 10631 10630
f 10628 10632 10631 10627
f 10625 10626 10630 10629
f 10633 10636 10635 10634
f 10637 10638 10639 10640
f 10633 10637 10640 10636
f 10634 10635 10639 10638
f 10636 10640 10639 10635
f 10633 10634 10638 10637
f 10641 10644 10643 10642
f 10645 10646 10647 10648
f 10641 10645 10648 10644
f 10642 10643 10647 10646
f 10644 10648 10647 10643
f 10641 10642 10646 10645
f 10649 10652 10651 10650
f 10653 10654 10655 10656
f 10649 10653 10656 10652
f 10650 10651 10655 10654
f 10652 10656 10655 10651
f 10649 10650 10654 10653
f 10657 10660 10659 10658
f 10661 10662 10663 10664
f 10657 10661 10664 10660
f 10658 10659 10663 10662
f 10660 10664 10663 10659
f 10657 10658 10662 10661
f 10665 10668 10667 10666
f 10669 10670 10671 10672
f 10665 10669 10672 10668
f 10666 10667 10671 10670
f 10668 10672 10671 10667
f 10665 10666 10670 10669
f 10673 10676 10675 10674
f 10677 10678 10679 10680
f 10673 10677 10680 10676
f 10674 10675 10679 10678
f 10676 10680 10679 10675
f 10673 10674 10678 10677
f 10681 10684 10683 10682
f 10685 10686 10687 10688
f 10681 10685 10688 10684
f 10682 10683 10687 10686
f 10684 10688 10687 10683
f 10681 10682 10686 10685
f 10689 10692 10691 10690
f 10693 10694 10695 10696
f 10689 10693 10696 10692
f 10690 10691 10695 10694
f 10692 10696 10695 10691
f 10689 10690 10694 10693
f 10697 10700 10699 10698
f 10701 10702 10703 10704
f 10697 10701 10704 10700
f 10698 10699 10703 10702
f 10700 10704 10703 10699
f 10697 10698 10702 10701
f 10705 10708 10707 10706
f 10709 10710 10711 10712
f 10705 10709 10712 10708
f 10706 10707 10711 10710
f 10708 10712 10711 10707
f 10705 10706 10710 10709
f 10713 10716 10715 10714
f 10717 10718 10719 10720
f 10713 10717 10720 10716
f 10714 10715 10719 10718
f 10716 10720 10719 10715
f 10713 10714 10718 10717
f 10721 10724 10723 10722
f 10725 10726 10727 10728
f 10721 10725 10728 10724
f 10722 10723 10727 10726
f 10724 10728 10727 10723
f 10721 10722 10726 10725
f 10729 10732 10731 10730
f 10733 10734 10735 10736
f 10729 10733 10736 10732
f 10730 10731 10735 10734
f 10732 10736 10735 10731
f 10729 10730 10734 10733
f 10737 10740 10739 10738
f 10741 10742 10743 10744
f 10737 10741 10744 10740
f 10738 10739 10743 10742
f 10740 10744 10743 10739
f 10737 10738 10742 10741
f 10745 10748 10747 10746
f 10749 10750 10751 10752
f 10745 10749 10752 10748
f 10746 10747 10751 10750
f 10748 10752 10751 10747
f 10745 10746 10750 10749
f 10753 10756 10755 10754
f 10757 10758 10759 10760
f 10753 10757 10760 10756
f 10754 10755 10759 10758
f 10756 10760 10759 10755
f 10753 10754 10758 10757
f 10761 10764 10763 10762
f 10765 10766 10767 10768
f 10761 10765 10768 10764
f 10762 10763 10767 10766
f 10764 10768 10767 10763
f 10761 10762 10766 10765
f 10769 10772 10771 10770
f 10773 10774 10775 10776
f 10769 10773 10776 10772
f 10770 10771 10775 10774
f 10772 10776 10775 10771
f 10769 10770 10774 10773
f 10777 10780 10779 10778
f 10781 10782 10783 10784
f 10777 10781 10784 10780
f 10778 10779 10783 10782
f 10780 10784 10783 10779
f 10777 10778 10782 10781
f 10785 10788 10787 10786
f 10789 10790 10791 10792
f 10785 10789 10792 10788
f 10786 10787 10791 10790
f 10788 10792 10791 10787
f 10785 10786 10790 10789
f 10793 10796 10795 10794
f 10797 10798 10799 10800
f 10793 10797 10800 10796
f 10794 10795 10799 10798
f 10796 10800 10799 10795
f 10793 10794 10798 10797
f 10801 10804 10803 10802
f 10805 10806 10807 10808
f 10801 10805 10808 10804
f 10802 10803 10807 10806
f 10804 10808 10807 10803
f 10801 10802 10806 10805
f 10809 10812 10811 10810
f 10813 10814 10815 10816
f 10809 10813 10816 10812
f 10810 10811 10815 10814
f 10812 10816 10815 10811
f 10809 10810 10814 10813
f 10817 10820 10819 10818
f 10821 10822 10823 10824
f 10817 10821 10824 10820
f 10818 10819 10823 10822
f 10820 10824 10823 10819
f 10817 10818 10822 10821
f 10825 10828 10827 10826
f 10829 10830 10831 10832
f 10825 10829 10832 10828
f 10826 10827 10831 10830
f 10828 10832 10831 10827
f 10825 10826 10830 10829
f 10833 10836 10835 10834
f 10837 10838 10839 10840
f 10833 10837 10840 10836
f 10834 10835 10839 10838
f 10836 10840 10839 10835
f 10833 10834 10838 10837
f 10841 10844 10843 10842
f 10845 10846 10847 10848
f 10841 10845 10848 10844
f 10842 10843 10847 10846
f 10844 10848 10847 10843
f 10841 10842 10846 10845
f 10849 10852 10851 10850
f 10853 10854 10855 10856
f 10849 10853 10856 10852
f 10850 10851 10855 10854
f 10852 10856 10855 10851
f 10849 10850 10854 10853
f 10857 10860 10859 10858
f 10861 10862 10863 10864
f 10857 10861 10864 10860
f 10858 10859 10863 10862
f 10860 10864 10863 10859
f 10857 10858 10862 10861
f 10865 10868 10867 10866
f 10869 10870 10871 10872
f 10865 10869 10872 10868
f 10866 10867 10871 10870
f 10868 10872 10871 10867
f 10865 10866 10870 10869
f 10873 10876 10875 10874
f 10877 10878 10879 10880
f 10873 10877 10880 10876
f 10874 10875 10879 10878
f 10876 10880 10879 10875
f 10873 10874 10878 10877
f 10881 10884 10883 10882
f 10885 10886 10887 10888
f 10881 10885 10888 10884
f 10882 10883 10887 10886
f 10884 10888 10887 10883
f 10881 10882 10886 10885
f 10889 10892 10891 10890
f 10893 10894 10895 10896
f 10889 10893 10896 10892
f 10890 10891 10895 10894
f 10892 10896 10895 10891
f 10889 10890 10894 10893
f 10897 10900 10899 10898
f 10901 10902 10903 10904
f 10897 10901 10904 10900
f 10898 10899 10903 10902
f 10900 10904 10903 10899
f 10897 10898 10902 10901
f 10905 10908 10907 10906
f 10909 10910 10911 10912
f 10905 10909 10912 10908
f 10906 10907 10911 10910
f 10908 10912 10911 10907
f 10905 10906 10910 10909
f 10913 10916 10915 10914
f 10917 10918 10919 10920
f 10913 10917 10920 10916
f 10914 10915 10919 10918
f 10916 10920 10919 10915
f 10913 10914 10918 10917
f 10921 10924 10923 10922
f 10925 10926 10927 10928
f 10921 10925 10928 10924
f 10922 10923 10927 10926
f 10924 10928 10927 10923
f 10921 10922 10926 10925
f 10929 10932 10931 10930
f 10933 10934 10935 10936
f 10929 10933 10936 10932
f 10930 10931 10935 10934
f 10932 10936 10935 10931
f 10929 10930 10934 10933
f 10937 10940 10939 10938
f 10941 10942 10943 10944
f 10937 10941 10944 10940
f 10938 10939 10943 10942
f 10940 10944 10943 10939
f 10937 10938 10942 10941
f 10945 10948 10947 10946
f 10949 10950 10951 10952
f 10945 10949 10952 10948
f 10946 10947 10951 10950
f 10948 10952 10951 10947
f 10945 10946 10950 10949
f 10953 10956 10955 10954
f 10957 10958 10959 10960
f 10953 10957 10960 10956
f 10954 10955 10959 10958
f 10956 10960 10959 10955
f 10953 10954 10958 10957
f 10961 10964 10963 10962
f 10965 10966 10967 10968
f 10961 10965 10968 10964
f 10962 10963 10967 10966
f 10964 10968 10967 10963
f 10961 10962 10966 10965
f 10969 10972 10971 10970
f 10973 10974 10975 10976
f 10969 10973 10976 10972
f 10970 10971 10975 10974
f 10972 10976 10975 10971
f 10969 10970 10974 10973
f 10977 10980 10979 10978
f 10981 10982 10983 10984
f 10977 10981 10984 10980
f 10978 10979 10983 10982
f 10980 10984 10983 10979
f 10977 10978 10982 10981
f 10985 10988 10987 10986
f 10989 10990 10991 10992
f 10985 10989 10992 10988
f 10986 10987 10991 10990
f 10988 10992 10991 10987
f 10985 10986 10990 10989
f 10993 10996 10995 10994
f 10997 10998 10999 11000
f 10993 10997 11000 10996
f 10994 10995 10999 10998
f 10996 11000 10999 10995
f 10993 10994 10998 10997
f 11001 11004 11003 11002
f 11005 11006 11007 11008
f 11001 11005 11008 11004
f 11002 11003 11007 11006
f 11004 11008 11007 11003
f 11001 11002 11006 11005
f 11009 11012 11011 11010
f 11013 11014 11015 11016
f 11009 11013 11016 11012
f 11010 11011 11015 11014
f 11012 11016 11015 11011
f 11009 11010 11014 11013
f 11017 11020 11019 11018
f 11021 11022 11023 11024
f 11017 11021 11024 11020
f 11018 11019 11023 11022
f 11020 11024 11023 11019
f 11017 11018 11022 11021
f 11025 11028 11027 11026
f 11029 11030 11031 11032
f 11025 11029 11032 11028
f 11026 11027 11031 11030
f 11028 11032 11031 11027
f 11025 11026 11030 11029
f 11033 11036 11035 11034
f 11037 11038 11039 11040
f 11033 11037 11040 11036
f 11034 11035 11039 11038
f 11036 11040 11039 11035
f 11033 11034 11038 11037
f 11041 11044 11043 11042
f 11045 11046 11047 11048
f 11041 11045 11048 11044
f 11042 11043 11047 11046
f 11044 11048 11047 11043
f 11041 11042 11046 11045
f 11049 11052 11051 11050
f 11053 11054 11055 11056
f 11049 11053 11056 11052
f 11050 11051 11055 11054
f 11052 11056 11055 11051
f 11049 11050 11054 11053
f 11057 11060 11059 11058
f 11061 11062 11063 11064
f 11057 11061 11064 11060
f 11058 11059 11063 11062
f 11060 11064 11063 11059
f 11057 11058 11062 11061
f 11065 11068 11067 11066
f 11069 11070 11071 11072
f 11065 11069 11072 11068
f 11066 11067 11071 11070
f 11068 11072 11071 11067
f 11065 11066 11070 11069
f 11073 11076 11075 11074
f 11077 11078 11079 11080
f 11073 11077 11080 11076
f 11074 11075 11079 11078
f 11076 11080 11079 11075
f 11073 11074 11078 11077
f 11081 11084 11083 11082
f 11085 11086 11087 11088
f 11081 11085 11088 11084
f 11082 11083 11087 11086
f 11084 11088 11087 11083
f 11081 11082 11086 11085
f 11089 11092 11091 11090
f 11093 11094 11095 11096
f 11089 11093 11096 11092
f 11090 11091 11095 11094
f 11092 11096 11095 11091
f 11089 11090 11094 11093
f 11097 11100 11099 11098
f 11101 11102 11103 11104
f 11097 11101 11104 11100
f 11098 11099 11103 11102
f 11100 11104 11103 11099
f 11097 11098 11102 11101
f 11105 11108 11107 11106
f 11109 11110 11111 11112
f 11105 11109 11112 11108
f 11106 11107 11111 11110
f 11108 11112 11111 11107
f 11105 11106 11110 11109
f 11113 11116 11115 11114
f 11117 11118 11119 11120
f 11113 11117 11120 11116
f 11114 11115 11119 11118
f 11116 11120 11119 11115
f 11113 11114 11118 11117
f 11121 11124 11123 11122
f 11125 11126 11127 11128
f 11121 11125 11128 11124
f 11122 11123 11127 11126
f 11124 11128 11127 11123
f 11121 11122 11126 11125
f 11129 11132 11131 11130
f 11133 11134 11135 11136
f 11129 11133 11136 11132
f 11130 11131 11135 11134
f 11132 11136 11135 11131
f 11129 11130 11134 11133
f 11137 11140 11139 11138
f 11141 11142 11143 11144
f 11137 11141 11144 11140
f 11138 11139 11143 11142
f 11140 11144 11143 11139
f 11137 11138 11142 11141
f 11145 11148 11147 11146
f 11149 11150 11151 11152
f 11145 11149 11152 11148
f 11146 11147 11151 11150
f 11148 11152 11151 11147
f 11145 11146 11150 11149
f 11153 11156 11155 11154
f 11157 11158 11159 11160
f 11153 11157 11160 11156
f 11154 11155 11159 11158
f 11156 11160 11159 11155
f 11153 11154 11158 11157
f 11161 11164 11163 11162
f 11165 11166 11167 11168
f 11161 11165 11168 11164
f 11162 11163 11167 11166
f 11164 11168 11167 11163
f 11161 11162 11166 11165
f 11169 11172 11171 11170
f 11173 11174 11175 11176
f 11169 11173 11176 11172
f 11170 11171 11175 11174
f 11172 11176 11175 11171
f 11169 11170 11174 11173
f 11177 11180 11179 11178
f 11181 11182 11183 11184
f 11177 11181 11184 11180
f 11178 11179 11183 11182
f 11180 11184 11183 11179
f 11177 11178 11182 11181
f 11185 11188 11187 11186
f 11189 11190 11191 11192
f 11185 11189 11192 11188
f 11186 11187 11191 11190
f 11188 11192 11191 11187
f 11185 11186 11190 11189
f 11193 11196 11195 11194
f 11197 11198 11199 11200
f 11193 11197 11200 11196
f 11194 11195 11199 11198
f 11196 11200 11199 11195
f 11193 11194 11198 11197
f 11201 11204 11203 11202
f 11205 11206 11207 11208
f 11201 11205 11208 11204
f 11202 11203 11207 11206
f 11204 11208 11207 11203
f 11201 11202 11206 11205
f 11209 11212 11211 11210
f 11213 11214 11215 11216
f 11209 11213 11216 11212
f 11210 11211 11215 11214
f 11212 11216 11215 11211
f 11209 11210 11214 11213
f 11217 11220 11219 11218
f 11221 11222 11223 11224
f 11217 11221 11224 11220
f 11218 11219 11223 11222
f 11220 11224 11223 11219
f 11217 11218 11222 11221
f 11225 11228 11227 11226
f 11229 11230 11231 11232
f 11225 11229 11232 11228
f 11226 11227 11231 11230
f 11228 11232 11231 11227
f 11225 11226 11230 11229
f 11233 11236 11235 11234
f 11237 11238 11239 11240
f 11233 11237 11240 11236
f 11234 11235 11239 11238
f 11236 11240 11239 11235
f 11233 11234 11238 11237
f 11241 11244 11243 11242
f 11245 11246 11247 11248
f 11241 11245 11248 11244
f 11242 11243 11247 11246
f 11244 11248 11247 11243
f 11241 11242 11246 11245
f 11249 11252 11251 11250
f 11253 11254 11255 11256
f 11249 11253 11256 11252
f 11250 11251 11255 11254
f 11252 11256 11255 11251
f 11249 11250 11254 11253
f 11257 11260 11259 11258
f 11261 11262 11263 11264
f 11257 11261 11264 11260
f 11258 11259 11263 11262
f 11260 11264 11263 11259
f 11257 11258 11262 11261
f 11265 11268 11267 11266
f 11269 11270 11271 11272
f 11265 11269 11272 11268
f 11266 11267 11271 11270
f 11268 11272 11271 11267
f 11265 11266 11270 11269
f 11273 11276 11275 11274
f 11277 11278 11279 11280
f 11273 11277 11280 11276
f 11274 11275 11279 11278
f 11276 11280 11279 11275
f 11273 11274 11278 11277
f 11281 11284 11283 11282
f 11285 11286 11287 11288
f 11281 11285 11288 11284
f 11282 11283 11287 11286
f 11284 11288 11287 11283
f 11281 11282 11286 11285
f 11289 11292 11291 11290
f 11293 11294 11295 11296
f 11289 11293 11296 11292
f 11290 11291 11295 11294
f 11292 11296 11295 11291
f 11289 11290 11294 11293
f 11297 11300 11299 11298
f 11301 11302 11303 11304
f 11297 11301 11304 11300
f 11298 11299 11303 11302
f 11300 11304 11303 11299
f 11297 11298 11302 11301
f 11305 11308 11307 11306
f 11309 11310 11311 11312
f 11305 11309 11312 11308
f 11306 11307 11311 11310
f 11308 11312 11311 11307
f 11305 11306 11310 11309
f 11313 11316 11315 11314
f 11317 11318 11319 11320
f 11313 11317 11320 11316
f 11314 11315 11319 11318
f 11316 11320 11319 11315
f 11313 11314 11318 11317
f 11321 11324 11323 11322
f 11325 11326 11327 11328
f 11321 11325 11328 11324
f 11322 11323 11327 11326
f 11324 11328 11327 11323
f 11321 11322 11326 11325
f 11329 11332 11331 11330
f 11333 11334 11335 11336
f 11329 11333 11336 11332
f 11330 11331 11335 11334
f 11332 11336 11335 11331
f 11329 11330 11334 11333
f 11337 11340 11339 11338
f 11341 11342 11343 11344
f 11337 11341 11344 11340
f 11338 11339 11343 11342
f 11340 11344 11343 11339
f 11337 11338 11342 11341
f 11345 11348 11347 11346
f 11349 11350 11351 11352
f 11345 11349 11352 11348
f 11346 11347 11351 11350
f 11348 11352 11351 11347
f 11345 11346 11350 11349
f 11353 11356 11355 11354
f 11357 11358 11359 11360
f 11353 11357 11360 11356
f 11354 11355 11359 11358
f 11356 11360 11359 11355
f 11353 11354 11358 11357
f 11361 11364 11363 11362
f 11365 11366 11367 11368
f 11361 11365 11368 11364
f 11362 11363 11367 11366
f 11364 11368 11367 11363
f 11361 11362 11366 11365
f 11369 11372 11371 11370
f 11373 11374 11375 11376
f 11369 11373 11376 11372
f 11370 11371 11375 11374
f 11372 11376 11375 11371
f 11369 11370 11374 11373
f 11377 11380 11379 11378
f 11381 11382 11383 11384
f 11377 11381 11384 11380
f 11378 11379 11383 11382
f 11380 11384 11383 11379
f 11377 11378 11382 11381
f 11385 11388 11387 11386
f 11389 11390 11391 11392
f 11385 11389 11392 11388
f 11386 11387 11391 11390
f 11388 11392 11391 11387
f 11385 11386 11390 11389
f 11393 11396 11395 11394
f 11397 11398 11399 11400
f 11393 11397 11400 11396
f 11394 11395 11399 11398
f 11396 11400 11399 11395
f 11393 11394 11398 11397
f 11401 11404 11403 11402
f 11405 11406 11407 11408
f 11401 11405 11408 11404
f 11402 11403 11407 11406
f 11404 11408 11407 11403
f 11401 11402 11406 11405
f 11409 11412 11411 11410
f 11413 11414 11415 11416
f 11409 11413 11416 11412
f 11410 11411 11415 11414
f 11412 11416 11415 11411
f 11409 11410 11414 11413
f 11417 11420 11419 11418
f 11421 11422 11423 11424
f 11417 11421 11424 11420
f 11418 11419 11423 11422
f 11420 11424 11423 11419
f 11417 11418 11422 11421
f 11425 11428 11427 11426
f 11429 11430 11431 11432
f 11425 11429 11432 11428
f 11426 11427 11431 11430
f 11428 11432 11431 11427
f 11425 11426 11430 11429
f 11433 11436 11435 11434
f 11437 11438 11439 11440
f 11433 11437 11440 11436
f 11434 11435 11439 11438
f 11436 11440 11439 11435
f 11433 11434 11438 11437
f 11441 11444 11443 11442
f 11445 11446 11447 11448
f 11441 11445 11448 11444
f 11442 11443 11447 11446
f 11444 11448 11447 11443
f 11441 11442 11446 11445
f 11449 11452 11451 11450
f 11453 11454 11455 11456
f 11449 11453 11456 11452
f 11450 11451 11455 11454
f 11452 11456 11455 11451
f 11449 11450 11454 11453
f 11457 11460 11459 11458
f 11461 11462 11463 11464
f 11457 11461 11464 11460
f 11458 11459 11463 11462
f 11460 11464 11463 11459
f 11457 11458 11462 11461
f 11465 11468 11467 11466
f 11469 11470 11471 11472
f 11465 11469 11472 11468
f 11466 11467 11471 11470
f 11468 11472 11471 11467
f 11465 11466 11470 11469
f 11473 11476 11475 11474
f 11477 11478 11479 11480
f 11473 11477 11480 11476
f 11474 11475 11479 11478
f 11476 11480 11479 11475
f 11473 11474 11478 11477
f 11481 11484 11483 11482
f 11485 11486 11487 11488
f 11481 11485 11488 11484
f 11482 11483 11487 11486
f 11484 11488 11487 11483
f 11481 11482 11486 11485
f 11489 11492 11491 11490
f 11493 11494 11495 11496
f 11489 11493 11496 11492
f 11490 11491 11495 11494
f 11492 11496 11495 11491
f 11489 11490 11494 11493
f 11497 11500 11499 11498
f 11501 11502 11503 11504
f 11497 11501 11504 11500
f 11498 11499 11503 11502
f 11500 11504 11503 11499
f 11497 11498 11502 11501
f 11505 11508 11507 11506
f 11509 11510 11511 11512
f 11505 11509 11512 11508
f 11506 11507 11511 11510
f 11508 11512 11511 11507
f 11505 11506 11510 11509
f 11513 11516 11515 11514
f 11517 11518 11519 11520
f 11513 11517 11520 11516
f 11514 11515 11519 11518
f 11516 11520 11519 11515
f 11513 11514 11518 11517
f 11521 11524 11523 11522
f 11525 11526 11527 11528
f 11521 11525 11528 11524
f 11522 11523 11527 11526
f 11524 11528 11527 11523
f 11521 11522 11526 11525
f 11529 11531 11532 11530
f 11531 11533 11534 11532
f 11533 11535 11536 11534
f 11535 11537 11538 11536
f 11537 11539 11540 11538
f 11539 11529 11530 11540
f 11530 11532 11534 11536 11538 11540
f 11539 11537 11535 11533 11531 11529
f 11541 11543 11544 11542
f 11543 11545 11546 11544
f 11545 11547 11548 11546
f 11547 11549 11550 11548
f 11549 11551 11552 11550
f 11551 11541 11542 11552
f 11542 11544 11546 11548 11550 11552
f 11551 11549 11547 11545 11543 11541
f 11553 11556 11555 11554
f 11557 11558 11559 11560
f 11553 11557 11560 11556
f 11554 11555 11559 11558
f 11556 11560 11559 11555
f 11553 11554 11558 11557
f 11561 11563 11564 11562
f 11563 11565 11566 11564
f 11565 11567 11568 11566
f 11567 11569 11570 11568
f 11569 11571 11572 11570
f 11571 11561 11562 11572
f 11562 11564 11566 11568 11570 11572
f 11571 11569 11567 11565 11563 11561
f 11573 11575 11576 11574
f 11575 11577 11578 11576
f 11577 11579 11580 11578
f 11579 11581 11582 11580
f 11581 11583 11584 11582
f 11583 11573 11574 11584
f 11574 11576 11578 11580 11582 11584
f 11583 11581 11579 11577 11575 11573
f 11585 11588 11587 11586
f 11589 11590 11591 11592
f 11585 11589 11592 11588
f 11586 11587 11591 11590
f 11588 11592 11591 11587
f 11585 11586 11590 11589
f 11593 11595 11596 11594
f 11595 11597 11598 11596
f 11597 11599 11600 11598
f 11599 11601 11602 11600
f 11601 11603 11604 11602
f 11603 11593 11594 11604
f 11594 11596 11598 11600 11602 11604
f 11603 11601 11599 11597 11595 11593
f 11605 11607 11608 11606
f 11607 11609 11610 11608
f 11609 11611 11612 11610
f 11611 11613 11614 11612
f 11613 11615 11616 11614
f 11615 11605 11606 11616
f 11606 11608 11610 11612 11614 11616
f 11615 11613 11611 11609 11607 11605
f 11617 11620 11619 11618
f 11621 11622 11623 11624
f 11617 11621 11624 11620
f 11618 11619 11623 11622
f 11620 11624 11623 11619
f 11617 11618 11622 11621
f 11625 11627 11628 11626
f 11627 11629 11630 11628
f 11629 11631 11632 11630
f 11631 11633 11634 11632
f 11633 11635 11636 11634
f 11635 11625 11626 11636
f 11626 11628 11630 11632 11634 11636
f 11635 11633 11631 11629 11627 11625
f 11637 11639 11640 11638
f 11639 11641 11642 11640
f 11641 11643 11644 11642
f 11643 11645 11646 11644
f 11645 11647 11648 11646
f 11647 11637 11638 11648
f 11638 11640 11642 11644 11646 11648
f 11647 11645 11643 11641 11639 11637
f 11649 11652 11651 11650
f 11653 11654 11655 11656
f 11649 11653 11656 11652
f 11650 11651 11655 11654
f 11652 11656 11655 11651
f 11649 11650 11654 11653
f 11657 11659 11660 11658
f 11659 11661 11662 11660
f 11661 11663 11664 11662
f 11663 11665 11666 11664
f 11665 11667 11668 11666
f 11667 11657 11658 11668
f 11658 11660 11662 11664 11666 11668
f 11667 11665 11663 11661 11659 11657
f 11669 11671 11672 11670
f 11671 11673 11674 11672
f 11673 11675 11676 11674
f 11675 11677 11678 11676
f 11677 11679 11680 11678
f 11679 11669 11670 11680
f 11670 11672 11674 11676 11678 11680
f 11679 11677 11675 11673 11671 11669
f 11681 11684 11683 11682
f 11685 11686 11687 11688
f 11681 11685 11688 11684
f 11682 11683 11687 11686
f 11684 11688 11687 11683
f 11681 11682 11686 11685
f 11689 11691 11692 11690
f 11691 11693 11694 11692
f 11693 11695 11696 11694
f 11695 11697 11698 11696
f 11697 11699 11700 11698
f 11699 11689 11690 11700
f 11690 11692 11694 11696 11698 11700
f 11699 11697 11695 11693 11691 11689
f 11701 11703 11704 11702
f 11703 11705 11706 11704
f 11705 11707 11708 11706
f 11707 11709 11710 11708
f 11709 11711 11712 11710
f 11711 11701 11702 11712
f 11702 11704 11706 11708 11710 11712
f 11711 11709 11707 11705 11703 11701
f 11713 11716 11715 11714
f 11717 11718 11719 11720
f 11713 11717 11720 11716
f 11714 11715 11719 11718
f 11716 11720 11719 11715
f 11713 11714 11718 11717
f 11721 11723 11724 11722
f 11723 11725 11726 11724
f 11725 11727 11728 11726
f 11727 11729 11730 11728
f 11729 11731 11732 11730
f 11731 11721 11722 11732
f 11722 11724 11726 11728 11730 11732
f 11731 11729 11727 11725 11723 11721
f 11733 11735 11736 11734
f 11735 11737 11738 11736
f 11737 11739 11740 11738
f 11739 11741 11742 11740
f 11741 11743 11744 11742
f 11743 11733 11734 11744
f 11734 11736 11738 11740 11742 11744
f 11743 11741 11739 11737 11735 11733
f 11745 11748 11747 11746
f 11749 11750 11751 11752
f 11745 11749 11752 11748
f 11746 11747 11751 11750
f 11748 11752 11751 11747
f 11745 11746 11750 11749
f 11753 11755 11756 11754
f 11755 11757 11758 11756
f 11757 11759 11760 11758
f 11759 11761 11762 11760
f 11761 11763 11764 11762
f 11763 11753 11754 11764
f 11754 11756 11758 11760 11762 11764
f 11763 11761 11759 11757 11755 11753
f 11765 11767 11768 11766
f 11767 11769 11770 11768
f 11769 11771 11772 11770
f 11771 11773 11774 11772
f 11773 11775 11776 11774
f 11775 11765 11766 11776
f 11766 11768 11770 11772 11774 11776
f 11775 11773 11771 11769 11767 11765
f 11777 11780 11779 11778
f 11781 11782 11783 11784
f 11777 11781 11784 11780
f 11778 11779 11783 11782
f 11780 11784 11783 11779
f 11777 11778 11782 11781
f 11785 11787 11788 11786
f 11787 11789 11790 11788
f 11789 11791 11792 11790
f 11791 11793 11794 11792
f 11793 11795 11796 11794
f 11795 11785 11786 11796
f 11786 11788 11790 11792 11794 11796
f 11795 11793 11791 11789 11787 11785
f 11797 11799 11800 11798
f 11799 11801 11802 11800
f 11801 11803 11804 11802
f 11803 11805 11806 11804
f 11805 11807 11808 11806
f 11807 11797 11798 11808
f 11798 11800 11802 11804 11806 11808
f 11807 11805 11803 11801 11799 11797
f 11809 11812 11811 11810
f 11813 11814 11815 11816
f 11809 11813 11816 11812
f 11810 11811 11815 11814
f 11812 11816 11815 11811
f 11809 11810 11814 11813
f 11817 11819 11820 11818
f 11819 11821 11822 11820
f 11821 11823 11824 11822
f 11823 11825 11826 11824
f 11825 11827 11828 11826
f 11827 11817 11818 11828
f 11818 11820 11822 11824 11826 11828
f 11827 11825 11823 11821 11819 11817
f 11829 11831 11832 11830
f 11831 11833 11834 11832
f 11833 11835 11836 11834
f 11835 11837 11838 11836
f 11837 11839 11840 11838
f 11839 11829 11830 11840
f 11830 11832 11834 11836 11838 11840
f 11839 11837 11835 11833 11831 11829
f 11841 11844 11843 11842
f 11845 11846 11847 11848
f 11841 11845 11848 11844
f 11842 11843 11847 11846
f 11844 11848 11847 11843
f 11841 11842 11846 11845
f 11849 11851 11852 11850
f 11851 11853 11854 11852
f 11853 11855 11856 11854
f 11855 11857 11858 11856
f 11857 11859 11860 11858
f 11859 11849 11850 11860
f 11850 11852 11854 11856 11858 11860
f 11859 11857 11855 11853 11851 11849
f 11861 11863 11864 11862
f 11863 11865 11866 11864
f 11865 11867 11868 11866
f 11867 11869 11870 11868
f 11869 11871 11872 11870
f 11871 11861 11862 11872
f 11862 11864 11866 11868 11870 11872
f 11871 11869 11867 11865 11863 11861
f 11873 11876 11875 11874
f 11877 11878 11879 11880
f 11873 11877 11880 11876
f 11874 11875 11879 11878
f 11876 11880 11879 11875
f 11873 11874 11878 11877
f 11881 11883 11884 11882
f 11883 11885 11886 11884
f 11885 11887 11888 11886
f 11887 11889 11890 11888
f 11889 11891 11892 11890
f 11891 11881 11882 11892
f 11882 11884 11886 11888 11890 11892
f 11891 11889 11887 11885 11883 11881
f 11893 11895 11896 11894
f 11895 11897 11898 11896
f 11897 11899 11900 11898
f 11899 11901 11902 11900
f 11901 11903 11904 11902
f 11903 11893 11894 11904
f 11894 11896 11898 11900 11902 11904
f 11903 11901 11899 11897 11895 11893
f 11905 11908 11907 11906
f 11909 11910 11911 11912
f 11905 11909 11912 11908
f 11906 11907 11911 11910
f 11908 11912 11911 11907
f 11905 11906 11910 11909
f 11913 11915 11916 11914
f 11915 11917 11918 11916
f 11917 11919 11920 11918
f 11919 11921 11922 11920
f 11921 11923 11924 11922
f 11923 11913 11914 11924
f 11914 11916 11918 11920 11922 11924
f 11923 11921 11919 11917 11915 11913
f 11925 11927 11928 11926
f 11927 11929 11930 11928
f 11929 11931 11932 11930
f 11931 11933 11934 11932
f 11933 11935 11936 11934
f 11935 11925 11926 11936
f 11926 11928 11930 11932 11934 11936
f 11935 11933 11931 11929 11927 11925
f 11937 11940 11939 11938
f 11941 11942 11943 11944
f 11937 11941 11944 11940
f 11938 11939 11943 11942
f 11940 11944 11943 11939
f 11937 11938 11942 11941
f 11945 11947 11948 11946
f 11947 11949 11950 11948
f 11949 11951 11952 11950
f 11951 11953 11954 11952
f 11953 11955 11956 11954
f 11955 11945 11946 11956
f 11946 11948 11950 11952 11954 11956
f 11955 11953 11951 11949 11947 11945
f 11957 11959 11960 11958
f 11959 11961 11962 11960
f 11961 11963 11964 11962
f 11963 11965 11966 11964
f 11965 11967 11968 11966
f 11967 11957 11958 11968
f 11958 11960 11962 11964 11966 11968
f 11967 11965 11963 11961 11959 11957
f 11969 11972 11971 11970
f 11973 11974 11975 11976
f 11969 11973 11976 11972
f 11970 11971 11975 11974
f 11972 11976 11975 11971
f 11969 11970 11974 11973
f 11977 11979 11980 11978
f 11979 11981 11982 11980
f 11981 11983 11984 11982
f 11983 11985 11986 11984
f 11985 11987 11988 11986
f 11987 11977 11978 11988
f 11978 11980 11982 11984 11986 11988
f 11987 11985 11983 11981 11979 11977
f 11989 11991 11992 11990
f 11991 11993 11994 11992
f 11993 11995 11996 11994
f 11995 11997 11998 11996
f 11997 11999 12000 11998
f 11999 11989 11990 12000
f 11990 11992 11994 11996 11998 12000
f 11999 11997 11995 11993 11991 11989
f 12001 12004 12003 12002
f 12005 12006 12007 12008
f 12001 12005 12008 12004
f 12002 12003 12007 12006
f 12004 12008 12007 12003
f 12001 12002 12006 12005
f 12009 12011 12012 12010
f 12011 12013 12014 12012
f 12013 12015 12016 12014
f 12015 12017 12018 12016
f 12017 12019 12020 12018
f 12019 12009 12010 12020
f 12010 12012 12014 12016 12018 12020
f 12019 12017 12015 12013 12011 12009
f 12021 12023 12024 12022
f 12023 12025 12026 12024
f 12025 12027 12028 12026
f 12027 12029 12030 12028
f 12029 12031 12032 12030
f 12031 12021 12022 12032
f 12022 12024 12026 12028 12030 12032
f 12031 12029 12027 12025 12023 12021
f 12033 12036 12035 12034
f 12037 12038 12039 12040
f 12033 12037 12040 12036
f 12034 12035 12039 12038
f 12036 12040 12039 12035
f 12033 12034 12038 12037
f 12041 12043 12044 12042
f 12043 12045 12046 12044
f 12045 12047 12048 12046
f 12047 12049 12050 12048
f 12049 12051 12052 12050
f 12051 12041 12042 12052
f 12042 12044 12046 12048 12050 12052
f 12051 12049 12047 12045 12043 12041
f 12053 12055 12056 12054
f 12055 12057 12058 12056
f 12057 12059 12060 12058
f 12059 12061 12062 12060
f 12061 12063 12064 12062
f 12063 12053 12054 12064
f 12054 12056 12058 12060 12062 12064
f 12063 12061 12059 12057 12055 12053
f 12065 12068 12067 12066
f 12069 12070 12071 12072
f 12065 12069 12072 12068
f 12066 12067 12071 12070
f 12068 12072 12071 12067
f 12065 12066 12070 12069
f 12073 12075 12076 12074
f 12075 12077 12078 12076
f 12077 12079 12080 12078
f 12079 12081 12082 12080
f 12081 12083 12084 12082
f 12083 12073 12074 12084
f 12074 12076 12078 12080 12082 12084
f 12083 12081 12079 12077 12075 12073
f 12085 12087 12088 12086
f 12087 12089 12090 12088
f 12089 12091 12092 12090
f 12091 12093 12094 12092
f 12093 12095 12096 12094
f 12095 12085 12086 12096
f 12086 12088 12090 12092 12094 12096
f 12095 12093 12091 12089 12087 12085
f 12097 12100 12099 12098
f 12101 12102 12103 12104
f 12097 12101 12104 12100
f 12098 12099 12103 12102
f 12100 12104 12103 12099
f 12097 12098 12102 12101
f 12105 12108 12107 12106
f 12109 12110 12111 12112
f 12105 12109 12112 12108
f 12106 12107 12111 12110
f 12108 12112 12111 12107
f 12105 12106 12110 12109
f 12113 12116 12115 12114
f 12117 12118 12119 12120
f 12113 12117 12120 12116
f 12114 12115 12119 12118
f 12116 12120 12119 12115
f 12113 12114 12118 12117
f 12121 12124 12123 12122
f 12125 12126 12127 12128
f 12121 12125 12128 12124
f 12122 12123 12127 12126
f 12124 12128 12127 12123
f 12121 12122 12126 12125
f 12129 12132 12131 12130
f 12133 12134 12135 12136
f 12129 12133 12136 12132
f 12130 12131 12135 12134
f 12132 12136 12135 12131
f 12129 12130 12134 12133
f 12137 12140 12139 12138
f 12141 12142 12143 12144
f 12137 12141 12144 12140
f 12138 12139 12143 12142
f 12140 12144 12143 12139
f 12137 12138 12142 12141
f 12145 12148 12147 12146
f 12149 12150 12151 12152
f 12145 12149 12152 12148
f 12146 12147 12151 12150
f 12148 12152 12151 12147
f 12145 12146 12150 12149
f 12153 12156 12155 12154
f 12157 12158 12159 12160
f 12153 12157 12160 12156
f 12154 12155 12159 12158
f 12156 12160 12159 12155
f 12153 12154 12158 12157
f 12161 12164 12163 12162
f 12165 12166 12167 12168
f 12161 12165 12168 12164
f 12162 12163 12167 12166
f 12164 12168 12167 12163
f 12161 12162 12166 12165
f 12169 12172 12171 12170
f 12173 12174 12175 12176
f 12169 12173 12176 12172
f 12170 12171 12175 12174
f 12172 12176 12175 12171
f 12169 12170 12174 12173
f 12177 12180 12179 12178
f 12181 12182 12183 12184
f 12177 12181 12184 12180
f 12178 12179 12183 12182
f 12180 12184 12183 12179
f 12177 12178 12182 12181
f 12185 12188 12187 12186
f 12189 12190 12191 12192
f 12185 12189 12192 12188
f 12186 12187 12191 12190
f 12188 12192 12191 12187
f 12185 12186 12190 12189
f 12193 12196 12195 12194
f 12197 12198 12199 12200
f 12193 12197 12200 12196
f 12194 12195 12199 12198
f 12196 12200 12199 12195
f 12193 12194 12198 12197
f 12201 12204 12203 12202
f 12205 12206 12207 12208
f 12201 12205 12208 12204
f 12202 12203 12207 12206
f 12204 12208 12207 12203
f 12201 12202 12206 12205
f 12209 12212 12211 12210
f 12213 12214 12215 12216
f 12209 12213 12216 12212
f 12210 12211 12215 12214
f 12212 12216 12215 12211
f 12209 12210 12214 12213
f 12217 12220 12219 12218
f 12221 12222 12223 12224
f 12217 12221 12224 12220
f 12218 12219 12223 12222
f 12220 12224 12223 12219
f 12217 12218 12222 12221
f 12225 12228 12227 12226
f 12229 12230 12231 12232
f 12225 12229 12232 12228
f 12226 12227 12231 12230
f 12228 12232 12231 12227
f 12225 12226 12230 12229
f 12233 12236 12235 12234
f 12237 12238 12239 12240
f 12233 12237 12240 12236
f 12234 12235 12239 12238
f 12236 12240 12239 12235
f 12233 12234 12238 12237
f 12241 12244 12243 12242
f 12245 12246 12247 12248
f 12241 12245 12248 12244
f 12242 12243 12247 12246
f 12244 12248 12247 12243
f 12241 12242 12246 12245
f 12249 12252 12251 12250
f 12253 12254 12255 12256
f 12249 12253 12256 12252
f 12250 12251 12255 12254
f 12252 12256 12255 12251
f 12249 12250 12254 12253
f 12257 12260 12259 12258
f 12261 12262 12263 12264
f 12257 12261 12264 12260
f 12258 12259 12263 12262
f 12260 12264 12263 12259
f 12257 12258 12262 12261
f 12265 12268 12267 12266
f 12269 12270 12271 12272
f 12265 12269 12272 12268
f 12266 12267 12271 12270
f 12268 12272 12271 12267
f 12265 12266 12270 12269
f 12273 12276 12275 12274
f 12277 12278 12279 12280
f 12273 12277 12280 12276
f 12274 12275 12279 12278
f 12276 12280 12279 12275
f 12273 12274 12278 12277
f 12281 12284 12283 12282
f 12285 12286 12287 12288
f 12281 12285 12288 12284
f 12282 12283 12287 12286
f 12284 12288 12287 12283
f 12281 12282 12286 12285
f 12289 12292 12291 12290
f 12293 12294 12295 12296
f 12289 12293 12296 12292
f 12290 12291 12295 12294
f 12292 12296 12295 12291
f 12289 12290 12294 12293
f 12297 12300 12299 12298
f 12301 12302 12303 12304
f 12297 12301 12304 12300
f 12298 12299 12303 12302
f 12300 12304 12303 12299
f 12297 12298 12302 12301
f 12305 12308 12307 12306
f 12309 12310 12311 12312
f 12305 12309 12312 12308
f 12306 12307 12311 12310
f 12308 12312 12311 12307
f 12305 12306 12310 12309
f 12313 12316 12315 12314
f 12317 12318 12319 12320
f 12313 12317 12320 12316
f 12314 12315 12319 12318
f 12316 12320 12319 12315
f 12313 12314 12318 12317
f 12321 12324 12323 12322
f 12325 12326 12327 12328
f 12321 12325 12328 12324
f 12322 12323 12327 12326
f 12324 12328 12327 12323
f 12321 12322 12326 12325
f 12329 12332 12331 12330
f 12333 12334 12335 12336
f 12329 12333 12336 12332
f 12330 12331 12335 12334
f 12332 12336 12335 12331
f 12329 12330 12334 12333
f 12337 12340 12339 12338
f 12341 12342 12343 12344
f 12337 12341 12344 12340
f 12338 12339 12343 12342
f 12340 12344 12343 12339
f 12337 12338 12342 12341
f 12345 12348 12347 12346
f 12349 12350 12351 12352
f 12345 12349 12352 12348
f 12346 12347 12351 12350
f 12348 12352 12351 12347
f 12345 12346 12350 12349
f 12353 12356 12355 12354
f 12357 12358 12359 12360
f 12353 12357 12360 12356
f 12354 12355 12359 12358
f 12356 12360 12359 12355
f 12353 12354 12358 12357
f 12361 12364 12363 12362
f 12365 12366 12367 12368
f 12361 12365 12368 12364
f 12362 12363 12367 12366
f 12364 12368 12367 12363
f 12361 12362 12366 12365
f 12369 12372 12371 12370
f 12373 12374 12375 12376
f 12369 12373 12376 12372
f 12370 12371 12375 12374
f 12372 12376 12375 12371
f 12369 12370 12374 12373
f 12377 12380 12379 12378
f 12381 12382 12383 12384
f 12377 12381 12384 12380
f 12378 12379 12383 12382
f 12380 12384 12383 12379
f 12377 12378 12382 12381
f 12385 12388 12387 12386
f 12389 12390 12391 12392
f 12385 12389 12392 12388
f 12386 12387 12391 12390
f 12388 12392 12391 12387
f 12385 12386 12390 12389
f 12393 12396 12395 12394
f 12397 12398 12399 12400
f 12393 12397 12400 12396
f 12394 12395 12399 12398
f 12396 12400 12399 12395
f 12393 12394 12398 12397
f 12401 12404 12403 12402
f 12405 12406 12407 12408
f 12401 12405 12408 12404
f 12402 12403 12407 12406
f 12404 12408 12407 12403
f 12401 12402 12406 12405
f 12409 12412 12411 12410
f 12413 12414 12415 12416
f 12409 12413 12416 12412
f 12410 12411 12415 12414
f 12412 12416 12415 12411
f 12409 12410 12414 12413
f 12417 12420 12419 12418
f 12421 12422 12423 12424
f 12417 12421 12424 12420
f 12418 12419 12423 12422
f 12420 12424 12423 12419
f 12417 12418 12422 12421
f 12425 12428 12427 12426
f 12429 12430 12431 12432
f 12425 12429 12432 12428
f 12426 12427 12431 12430
f 12428 12432 12431 12427
f 12425 12426 12430 12429
f 12433 12436 12435 12434
f 12437 12438 12439 12440
f 12433 12437 12440 12436
f 12434 12435 12439 12438
f 12436 12440 12439 12435
f 12433 12434 12438 12437
f 12441 12444 12443 12442
f 12445 12446 12447 12448
f 12441 12445 12448 12444
f 12442 12443 12447 12446
f 12444 12448 12447 12443
f 12441 12442 12446 12445
f 12449 12452 12451 12450
f 12453 12454 12455 12456
f 12449 12453 12456 12452
f 12450 12451 12455 12454
f 12452 12456 12455 12451
f 12449 12450 12454 12453
f 12457 12460 12459 12458
f 12461 12462 12463 12464
f 12457 12461 12464 12460
f 12458 12459 12463 12462
f 12460 12464 12463 12459
f 12457 12458 12462 12461
f 12465 12468 12467 12466
f 12469 12470 12471 12472
f 12465 12469 12472 12468
f 12466 12467 12471 12470
f 12468 12472 12471 12467
f 12465 12466 12470 12469
f 12473 12476 12475 12474
f 12477 12478 12479 12480
f 12473 12477 12480 12476
f 12474 12475 12479 12478
f 12476 12480 12479 12475
f 12473 12474 12478 12477
f 12481 12484 12483 12482
f 12485 12486 12487 12488
f 12481 12485 12488 12484
f 12482 12483 12487 12486
f 12484 12488 12487 12483
f 12481 12482 12486 12485
f 12489 12492 12491 12490
f 12493 12494 12495 12496
f 12489 12493 12496 12492
f 12490 12491 12495 12494
f 12492 12496 12495 12491
f 12489 12490 12494 12493
f 12497 12500 12499 12498
f 12501 12502 12503 12504
f 12497 12501 12504 12500
f 12498 12499 12503 12502
f 12500 12504 12503 12499
f 12497 12498 12502 12501
f 12505 12508 12507 12506
f 12509 12510 12511 12512
f 12505 12509 12512 12508
f 12506 12507 12511 12510
f 12508 12512 12511 12507
f 12505 12506 12510 12509
f 12513 12516 12515 12514
f 12517 12518 12519 12520
f 12513 12517 12520 12516
f 12514 12515 12519 12518
f 12516 12520 12519 12515
f 12513 12514 12518 12517
f 12521 12524 12523 12522
f 12525 12526 12527 12528
f 12521 12525 12528 12524
f 12522 12523 12527 12526
f 12524 12528 12527 12523
f 12521 12522 12526 12525
f 12529 12532 12531 12530
f 12533 12534 12535 12536
f 12529 12533 12536 12532
f 12530 12531 12535 12534
f 12532 12536 12535 12531
f 12529 12530 12534 12533
f 12537 12540 12539 12538
f 12541 12542 12543 12544
f 12537 12541 12544 12540
f 12538 12539 12543 12542
f 12540 12544 12543 12539
f 12537 12538 12542 12541
f 12545 12548 12547 12546
f 12549 12550 12551 12552
f 12545 12549 12552 12548
f 12546 12547 12551 12550
f 12548 12552 12551 12547
f 12545 12546 12550 12549
f 12553 12556 12555 12554
f 12557 12558 12559 12560
f 12553 12557 12560 12556
f 12554 12555 12559 12558
f 12556 12560 12559 12555
f 12553 12554 12558 12557
f 12561 12564 12563 12562
f 12565 12566 12567 12568
f 12561 12565 12568 12564
f 12562 12563 12567 12566
f 12564 12568 12567 12563
f 12561 12562 12566 12565
f 12569 12572 12571 12570
f 12573 12574 12575 12576
f 12569 12573 12576 12572
f 12570 12571 12575 12574
f 12572 12576 12575 12571
f 12569 12570 12574 12573
f 12577 12580 12579 12578
f 12581 12582 12583 12584
f 12577 12581 12584 12580
f 12578 12579 12583 12582
f 12580 12584 12583 12579
f 12577 12578 12582 12581
f 12585 12588 12587 12586
f 12589 12590 12591 12592
f 12585 12589 12592 12588
f 12586 12587 12591 12590
f 12588 12592 12591 12587
f 12585 12586 12590 12589
f 12593 12596 12595 12594
f 12597 12598 12599 12600
f 12593 12597 12600 12596
f 12594 12595 12599 12598
f 12596 12600 12599 12595
f 12593 12594 12598 12597
f 12601 12604 12603 12602
f 12605 12606 12607 12608
f 12601 12605 12608 12604
f 12602 12603 12607 12606
f 12604 12608 12607 12603
f 12601 12602 12606 12605
f 12609 12612 12611 12610
f 12613 12614 12615 12616
f 12609 12613 12616 12612
f 12610 12611 12615 12614
f 12612 12616 12615 12611
f 12609 12610 12614 12613
f 12617 12620 12619 12618
f 12621 12622 12623 12624
f 12617 12621 12624 12620
f 12618 12619 12623 12622
f 12620 12624 12623 12619
f 12617 12618 12622 12621
f 12625 12628 12627 12626
f 12629 12630 12631 12632
f 12625 12629 12632 12628
f 12626 12627 12631 12630
f 12628 12632 12631 12627
f 12625 12626 12630 12629
f 12633 12636 12635 12634
f 12637 12638 12639 12640
f 12633 12637 12640 12636
f 12634 12635 12639 12638
f 12636 12640 12639 12635
f 12633 12634 12638 12637
f 12641 12644 12643 12642
f 12645 12646 12647 12648
f 12641 12645 12648 12644
f 12642 12643 12647 12646
f 12644 12648 12647 12643
f 12641 12642 12646 12645
f 12649 12652 12651 12650
f 12653 12654 12655 12656
f 12649 12653 12656 12652
f 12650 12651 12655 12654
f 12652 12656 12655 12651
f 12649 12650 12654 12653
f 12657 12660 12659 12658
f 12661 12662 12663 12664
f 12657 12661 12664 12660
f 12658 12659 12663 12662
f 12660 12664 12663 12659
f 12657 12658 12662 12661
f 12665 12668 12667 12666
f 12669 12670 12671 12672
f 12665 12669 12672 12668
f 12666 12667 12671 12670
f 12668 12672 12671 12667
f 12665 12666 12670 12669
f 12673 12676 12675 12674
f 12677 12678 12679 12680
f 12673 12677 12680 12676
f 12674 12675 12679 12678
f 12676 12680 12679 12675
f 12673 12674 12678 12677
f 12681 12684 12683 12682
f 12685 12686 12687 12688
f 12681 12685 12688 12684
f 12682 12683 12687 12686
f 12684 12688 12687 12683
f 12681 12682 12686 12685
f 12689 12692 12691 12690
f 12693 12694 12695 12696
f 12689 12693 12696 12692
f 12690 12691 12695 12694
f 12692 12696 12695 12691
f 12689 12690 12694 12693
f 12697 12700 12699 12698
f 12701 12702 12703 12704
f 12697 12701 12704 12700
f 12698 12699 12703 12702
f 12700 12704 12703 12699
f 12697 12698 12702 12701
f 12705 12708 12707 12706
f 12709 12710 12711 12712
f 12705 12709 12712 12708
f 12706 12707 12711 12710
f 12708 12712 12711 12707
f 12705 12706 12710 12709
f 12713 12716 12715 12714
f 12717 12718 12719 12720
f 12713 12717 12720 12716
f 12714 12715 12719 12718
f 12716 12720 12719 12715
f 12713 12714 12718 12717
f 12721 12724 12723 12722
f 12725 12726 12727 12728
f 12721 12725 12728 12724
f 12722 12723 12727 12726
f 12724 12728 12727 12723
f 12721 12722 12726 12725
f 12729 12732 12731 12730
f 12733 12734 12735 12736
f 12729 12733 12736 12732
f 12730 12731 12735 12734
f 12732 12736 12735 12731
f 12729 12730 12734 12733
f 12737 12740 12739 12738
f 12741 12742 12743 12744
f 12737 12741 12744 12740
f 12738 12739 12743 12742
f 12740 12744 12743 12739
f 12737 12738 12742 12741
f 12745 12748 12747 12746
f 12749 12750 12751 12752
f 12745 12749 12752 12748
f 12746 12747 12751 12750
f 12748 12752 12751 12747
f 12745 12746 12750 12749
f 12753 12756 12755 12754
f 12757 12758 12759 12760
f 12753 12757 12760 12756
f 12754 12755 12759 12758
f 12756 12760 12759 12755
f 12753 12754 12758 12757
f 12761 12764 12763 12762
f 12765 12766 12767 12768
f 12761 12765 12768 12764
f 12762 12763 12767 12766
f 12764 12768 12767 12763
f 12761 12762 12766 12765
f 12769 12772 12771 12770
f 12773 12774 12775 12776
f 12769 12773 12776 12772
f 12770 12771 12775 12774
f 12772 12776 12775 12771
f 12769 12770 12774 12773
f 12777 12780 12779 12778
f 12781 12782 12783 12784
f 12777 12781 12784 12780
f 12778 12779 12783 12782
f 12780 12784 12783 12779
f 12777 12778 12782 12781
f 12785 12788 12787 12786
f 12789 12790 12791 12792
f 12785 12789 12792 12788
f 12786 12787 12791 12790
f 12788 12792 12791 12787
f 12785 12786 12790 12789
f 12793 12796 12795 12794
f 12797 12798 12799 12800
f 12793 12797 12800 12796
f 12794 12795 12799 12798
f 12796 12800 12799 12795
f 12793 12794 12798 12797
f 12801 12804 12803 12802
f 12805 12806 12807 12808
f 12801 12805 12808 12804
f 12802 12803 12807 12806
f 12804 12808 12807 12803
f 12801 12802 12806 12805
f 12809 12812 12811 12810
f 12813 12814 12815 12816
f 12809 12813 12816 12812
f 12810 12811 12815 12814
f 12812 12816 12815 12811
f 12809 12810 12814 12813
f 12817 12820 12819 12818
f 12821 12822 12823 12824
f 12817 12821 12824 12820
f 12818 12819 12823 12822
f 12820 12824 12823 12819
f 12817 12818 12822 12821
f 12825 12828 12827 12826
f 12829 12830 12831 12832
f 12825 12829 12832 12828
f 12826 12827 12831 12830
f 12828 12832 12831 12827
f 12825 12826 12830 12829
f 12833 12836 12835 12834
f 12837 12838 12839 12840
f 12833 12837 12840 12836
f 12834 12835 12839 12838
f 12836 12840 12839 12835
f 12833 12834 12838 12837
f 12841 12844 12843 12842
f 12845 12846 12847 12848
f 12841 12845 12848 12844
f 12842 12843 12847 12846
f 12844 12848 12847 12843
f 12841 12842 12846 12845
f 12849 12852 12851 12850
f 12853 12854 12855 12856
f 12849 12853 12856 12852
f 12850 12851 12855 12854
f 12852 12856 12855 12851
f 12849 12850 12854 12853
f 12857 12860 12859 12858
f 12861 12862 12863 12864
f 12857 12861 12864 12860
f 12858 12859 12863 12862
f 12860 12864 12863 12859
f 12857 12858 12862 12861
f 12865 12868 12867 12866
f 12869 12870 12871 12872
f 12865 12869 12872 12868
f 12866 12867 12871 12870
f 12868 12872 12871 12867
f 12865 12866 12870 12869
f 12873 12876 12875 12874
f 12877 12878 12879 12880
f 12873 12877 12880 12876
f 12874 12875 12879 12878
f 12876 12880 12879 12875
f 12873 12874 12878 12877
f 12881 12884 12883 12882
f 12885 12886 12887 12888
f 12881 12885 12888 12884
f 12882 12883 12887 12886
f 12884 12888 12887 12883
f 12881 12882 12886 12885
f 12889 12892 12891 12890
f 12893 12894 12895 12896
f 12889 12893 12896 12892
f 12890 12891 12895 12894
f 12892 12896 12895 12891
f 12889 12890 12894 12893
f 12897 12900 12899 12898
f 12901 12902 12903 12904
f 12897 12901 12904 12900
f 12898 12899 12903 12902
f 12900 12904 12903 12899
f 12897 12898 12902 12901
f 12905 12908 12907 12906
f 12909 12910 12911 12912
f 12905 12909 12912 12908
f 12906 12907 12911 12910
f 12908 12912 12911 12907
f 12905 12906 12910 12909
f 12913 12916 12915 12914
f 12917 12918 12919 12920
f 12913 12917 12920 12916
f 12914 12915 12919 12918
f 12916 12920 12919 12915
f 12913 12914 12918 12917
f 12921 12924 12923 12922
f 12925 12926 12927 12928
f 12921 12925 12928 12924
f 12922 12923 12927 12926
f 12924 12928 12927 12923
f 12921 12922 12926 12925
f 12929 12932 12931 12930
f 12933 12934 12935 12936
f 12929 12933 12936 12932
f 12930 12931 12935 12934
f 12932 12936 12935 12931
f 12929 12930 12934 12933
f 12937 12940 12939 12938
f 12941 12942 12943 12944
f 12937 12941 12944 12940
f 12938 12939 12943 12942
f 12940 12944 12943 12939
f 12937 12938 12942 12941
f 12945 12948 12947 12946
f 12949 12950 12951 12952
f 12945 12949 12952 12948
f 12946 12947 12951 12950
f 12948 12952 12951 12947
f 12945 12946 12950 12949
f 12953 12956 12955 12954
f 12957 12958 12959 12960
f 12953 12957 12960 12956
f 12954 12955 12959 12958
f 12956 12960 12959 12955
f 12953 12954 12958 12957
f 12961 12964 12963 12962
f 12965 12966 12967 12968
f 12961 12965 12968 12964
f 12962 12963 12967 12966
f 12964 12968 12967 12963
f 12961 12962 12966 12965
f 12969 12972 12971 12970
f 12973 12974 12975 12976
f 12969 12973 12976 12972
f 12970 12971 12975 12974
f 12972 12976 12975 12971
f 12969 12970 12974 12973
f 12977 12980 12979 12978
f 12981 12982 12983 12984
f 12977 12981 12984 12980
f 12978 12979 12983 12982
f 12980 12984 12983 12979
f 12977 12978 12982 12981
f 12985 12987 12988 12986
f 12987 12989 12990 12988
f 12989 12991 12992 12990
f 12991 12993 12994 12992
f 12993 12995 12996 12994
f 12995 12985 12986 12996
f 12986 12988 12990 12992 12994 12996
f 12995 12993 12991 12989 12987 12985
f 12997 12999 13000 12998
f 12999 13001 13002 13000
f 13001 13003 13004 13002
f 13003 13005 13006 13004
f 13005 13007 13008 13006
f 13007 12997 12998 13008
f 12998 13000 13002 13004 13006 13008
f 13007 13005 13003 13001 12999 12997
f 13009 13011 13012 13010
f 13011 13013 13014 13012
f 13013 13015 13016 13014
f 13015 13017 13018 13016
f 13017 13019 13020 13018
f 13019 13009 13010 13020
f 13010 13012 13014 13016 13018 13020
f 13019 13017 13015 13013 13011 13009
f 13021 13023 13024 13022
f 13023 13025 13026 13024
f 13025 13027 13028 13026
f 13027 13029 13030 13028
f 13029 13031 13032 13030
f 13031 13021 13022 13032
f 13022 13024 13026 13028 13030 13032
f 13031 13029 13027 13025 13023 13021
f 13033 13035 13036 13034
f 13035 13037 13038 13036
f 13037 13039 13040 13038
f 13039 13041 13042 13040
f 13041 13043 13044 13042
f 13043 13033 13034 13044
f 13034 13036 13038 13040 13042 13044
f 13043 13041 13039 13037 13035 13033
f 13045 13047 13048 13046
f 13047 13049 13050 13048
f 13049 13051 13052 13050
f 13051 13053 13054 13052
f 13053 13055 13056 13054
f 13055 13045 13046 13056
f 13046 13048 13050 13052 13054 13056
f 13055 13053 13051 13049 13047 13045
f 13057 13059 13060 13058
f 13059 13061 13062 13060
f 13061 13063 13064 13062
f 13063 13065 13066 13064
f 13065 13067 13068 13066
f 13067 13057 13058 13068
f 13058 13060 13062 13064 13066 13068
f 13067 13065 13063 13061 13059 13057
f 13069 13071 13072 13070
f 13071 13073 13074 13072
f 13073 13075 13076 13074
f 13075 13077 13078 13076
f 13077 13079 13080 13078
f 13079 13069 13070 13080
f 13070 13072 13074 13076 13078 13080
f 13079 13077 13075 13073 13071 13069
f 13081 13083 13084 13082
f 13083 13085 13086 13084
f 13085 13087 13088 13086
f 13087 13089 13090 13088
f 13089 13091 13092 13090
f 13091 13081 13082 13092
f 13082 13084 13086 13088 13090 13092
f 13091 13089 13087 13085 13083 13081
f 13093 13095 13096 13094
f 13095 13097 13098 13096
f 13097 13099 13100 13098
f 13099 13101 13102 13100
f 13101 13103 13104 13102
f 13103 13093 13094 13104
f 13094 13096 13098 13100 13102 13104
f 13103 13101 13099 13097 13095 13093
f 13105 13107 13108 13106
f 13107 13109 13110 13108
f 13109 13111 13112 13110
f 13111 13113 13114 13112
f 13113 13115 13116 13114
f 13115 13105 13106 13116
f 13106 13108 13110 13112 13114 13116
f 13115 13113 13111 13109 13107 13105
f 13117 13119 13120 13118
f 13119 13121 13122 13120
f 13121 13123 13124 13122
f 13123 13125 13126 13124
f 13125 13127 13128 13126
f 13127 13117 13118 13128
f 13118 13120 13122 13124 13126 13128
f 13127 13125 13123 13121 13119 13117
f 13129 13131 13132 13130
f 13131 13133 13134 13132
f 13133 13135 13136 13134
f 13135 13137 13138 13136
f 13137 13139 13140 13138
f 13139 13129 13130 13140
f 13130 13132 13134 13136 13138 13140
f 13139 13137 13135 13133 13131 13129
f 13141 13143 13144 13142
f 13143 13145 13146 13144
f 13145 13147 13148 13146
f 13147 13149 13150 13148
f 13149 13151 13152 13150
f 13151 13141 13142 13152
f 13142 13144 13146 13148 13150 13152
f 13151 13149 13147 13145 13143 13141
f 13153 13155 13156 13154
f 13155 13157 13158 13156
f 13157 13159 13160 13158
f 13159 13161 13162 13160
f 13161 13163 13164 13162
f 13163 13153 13154 13164
f 13154 13156 13158 13160 13162 13164
f 13163 13161 13159 13157 13155 13153
f 13165 13167 13168 13166
f 13167 13169 13170 13168
f 13169 13171 13172 13170
f 13171 13173 13174 13172
f 13173 13175 13176 13174
f 13175 13165 13166 13176
f 13166 13168 13170 13172 13174 13176
f 13175 13173 13171 13169 13167 13165
f 13177 13179 13180 13178
f 13179 13181 13182 13180
f 13181 13183 13184 13182
f 13183 13185 13186 13184
f 13185 13187 13188 13186
f 13187 13177 13178 13188
f 13178 13180 13182 13184 13186 13188
f 13187 13185 13183 13181 13179 13177
f 13189 13191 13192 13190
f 13191 13193 13194 13192
f 13193 13195 13196 13194
f 13195 13197 13198 13196
f 13197 13199 13200 13198
f 13199 13189 13190 13200
f 13190 13192 13194 13196 13198 13200
f 13199 13197 13195 13193 13191 13189
f 13201 13203 13204 13202
f 13203 13205 13206 13204
f 13205 13207 13208 13206
f 13207 13209 13210 13208
f 13209 13211 13212 13210
f 13211 13201 13202 13212
f 13202 13204 13206 13208 13210 13212
f 13211 13209 13207 13205 13203 13201
f 13213 13215 13216 13214
f 13215 13217 13218 13216
f 13217 13219 13220 13218
f 13219 13221 13222 13220
f 13221 13223 13224 13222
f 13223 13213 13214 13224
f 13214 13216 13218 13220 13222 13224
f 13223 13221 13219 13217 13215 13213
f 13225 13227 13228 13226
f 13227 13229 13230 13228
f 13229 13231 13232 13230
f 13231 13233 13234 13232
f 13233 13235 13236 13234
f 13235 13225 13226 13236
f 13226 13228 13230 13232 13234 13236
f 13235 13233 13231 13229 13227 13225
f 13237 13239 13240 13238
f 13239 13241 13242 13240
f 13241 13243 13244 13242
f 13243 13245 13246 13244
f 13245 13247 13248 13246
f 13247 13237 13238 13248
f 13238 13240 13242 13244 13246 13248
f 13247 13245 13243 13241 13239 13237
f 13249 13251 13252 13250
f 13251 13253 13254 13252
f 13253 13255 13256 13254
f 13255 13257 13258 13256
f 13257 13259 13260 13258
f 13259 13249 13250 13260
f 13250 13252 13254 13256 13258 13260
f 13259 13257 13255 13253 13251 13249
f 13261 13263 13264 13262
f 13263 13265 13266 13264
f 13265 13267 13268 13266
f 13267 13269 13270 13268
f 13269 13271 13272 13270
f 13271 13261 13262 13272
f 13262 13264 13266 13268 13270 13272
f 13271 13269 13267 13265 13263 13261
f 13273 13275 13276 13274
f 13275 13277 13278 13276
f 13277 13279 13280 13278
f 13279 13281 13282 13280
f 13281 13283 13284 13282
f 13283 13273 13274 13284
f 13274 13276 13278 13280 13282 13284
f 13283 13281 13279 13277 13275 13273
f 13285 13287 13288 13286
f 13287 13289 13290 13288
f 13289 13291 13292 13290
f 13291 13293 13294 13292
f 13293 13295 13296 13294
f 13295 13285 13286 13296
f 13286 13288 13290 13292 13294 13296
f 13295 13293 13291 13289 13287 13285
f 13297 13300 13299 13298
f 13301 13302 13303 13304
f 13297 13301 13304 13300
f 13298 13299 13303 13302
f 13300 13304 13303 13299
f 13297 13298 13302 13301
f 13305 13308 13307 13306
f 13309 13310 13311 13312
f 13305 13309 13312 13308
f 13306 13307 13311 13310
f 13308 13312 13311 13307
f 13305 13306 13310 13309
